214,41,112,77.1049,45.638552.44,33.52,98.09,44.05,12.44,65.7,37.11,54.25,33.44,45.44,11.77,48.64,15.2,35.86,73.59,55.72,26.99,28.19,10.55,50.9,24.29,75.0,58.61,87.96,37.8,67.79,49.49,43.88,4.57,36.33,52.72,5.74,45.55,48.22,55.73,92.93,73.88,68.44,27.15,20.87,60.34
214,47,95,77.1049,39.78652.44,9.92,33.52,98.09,44.05,12.44,65.7,4.7,37.11,58.47,54.25,33.44,45.44,11.77,48.64,15.2,19.36,35.86,73.59,55.72,26.99,10.55,80.94,22.3,53.54,99.19,13.59,48.95,14.2,67.79,49.49,4.57,36.33,12.15,52.72,45.55,48.22,14.98,55.73,24.88,73.88,68.44,27.15,20.87,60.34,2.34,24.55
214,51,81,77.1049,40.930252.44,9.92,33.52,98.09,27.63,44.05,12.78,48.76,4.7,37.11,58.47,54.25,33.44,45.44,11.77,43.45,15.2,19.36,35.86,73.59,55.72,26.99,82.11,80.94,76.6,80.31,53.54,13.59,10.15,14.2,64.03,31.7,4.57,86.23,36.33,52.72,5.84,23.2,45.55,48.22,14.98,55.73,3.67,24.88,73.88,68.44,20.87,60.34,69.39,18.34,24.55
214,52,72,77.1049,33.644831.83,66.89,9.82,81.7,19.11,44.05,12.78,52.14,4.7,37.11,58.47,54.25,53.21,45.44,11.77,43.45,15.2,19.36,35.86,34.79,86.23,18.63,13.12,10.55,7.27,90.36,79.39,56.79,13.59,8.81,15.0,77.07,5.6,4.57,62.03,36.33,3.09,57.89,52.72,16.07,9.74,5.84,23.2,3.67,14.98,55.73,3.67,68.44,20.87,60.34,11.46,24.55
214,53,63,77.1049,31.880961.26,66.89,9.82,3.09,19.11,44.05,12.78,52.14,4.7,45.73,58.47,54.25,53.21,26.18,11.77,43.45,19.36,9.08,22.47,34.79,58.92,62.89,86.23,18.63,10.55,35.93,7.27,28.64,31.87,90.36,56.79,13.59,8.81,13.8,5.6,4.57,62.03,66.58,3.09,52.72,16.07,9.74,23.2,3.67,14.98,55.73,3.67,68.9,5.04,20.87,60.34,11.46,24.55
214,50,65,77.1049,29.075248.16,66.89,9.82,3.09,19.11,39.23,12.78,52.14,0.75,45.73,58.47,54.25,53.21,26.18,11.77,43.45,9.08,22.47,34.79,51.93,87.27,18.63,31.79,10.55,35.93,7.27,28.64,90.36,56.79,13.59,8.81,67.59,13.8,5.6,67.61,35.45,4.57,14.14,16.07,9.74,23.2,3.67,14.98,3.67,1.71,5.04,20.87,60.34,11.46,21.32
214,51,63,77.1049,27.7418.49,48.16,66.89,9.82,3.09,19.11,39.23,12.78,52.14,0.75,45.73,58.47,53.21,26.18,11.77,43.45,32.66,11.57,22.47,34.79,51.93,87.27,18.63,31.79,10.55,35.93,7.27,28.64,10.51,32.61,10.15,69.48,6.75,23.51,13.8,10.46,49.1,12.34,67.61,4.57,4.43,88.49,16.07,9.74,23.2,3.67,3.67,34.44,5.04,20.87,11.46
214,53,54,77.1049,27.305518.49,48.16,66.89,9.82,3.09,18.62,34.43,12.78,11.1,36.8,42.78,58.47,20.1,75.36,16.45,11.77,43.45,0.95,32.66,11.57,22.47,34.79,51.93,18.63,31.79,10.55,40.82,25.04,18.28,28.64,10.51,8.59,10.15,69.48,23.51,13.8,10.46,14.63,67.61,35.45,4.57,62.03,4.43,45.65,88.49,14.28,9.74,18.02,3.67,38.07,5.04,20.87,11.46
214,50,51,77.1049,27.40944.23,48.16,83.67,9.82,3.09,18.62,34.43,12.31,11.1,36.8,55.03,58.47,20.1,84.84,16.45,11.77,43.45,0.95,44.99,19.2,22.82,51.6,51.93,18.63,31.79,10.55,40.82,28.64,10.51,8.59,10.15,69.48,23.51,13.8,10.46,14.63,66.48,67.61,35.45,4.57,22.27,4.43,14.28,9.74,18.02,3.67,51.19,5.04,20.87,11.46
214,53,42,77.1049,27.213811.55,48.16,63.39,9.82,3.09,18.62,34.43,47.25,11.1,36.8,69.22,46.53,58.47,55.16,32.33,11.77,43.45,0.95,44.99,24.56,34.79,11.11,4.16,31.79,10.56,40.82,28.64,34.17,21.21,16.03,10.51,16.88,8.59,10.15,29.59,69.48,23.51,13.8,10.46,14.63,66.48,67.38,35.45,4.57,22.27,4.43,14.28,9.74,18.02,3.67,51.19,20.87,11.46
214,52,37,77.1049,23.915211.55,48.16,35.3,9.82,3.09,18.62,34.43,13.15,11.1,2.56,79.4,35.61,7.63,27.73,55.16,32.33,11.77,43.45,22.57,6.49,44.99,24.56,27.35,34.79,4.16,65.86,10.56,40.82,28.64,34.17,10.51,8.59,10.15,23.51,13.8,10.46,14.63,86.6,35.45,4.57,24.46,12.58,24.53,19.43,8.77,9.74,11.28,3.67,51.19,1.52,20.87,11.46
214,54,32,77.1049,24.191911.55,48.16,35.3,9.82,18.37,18.62,34.43,13.15,11.1,2.56,43.83,79.4,35.61,7.63,11.88,55.16,32.33,11.77,43.45,22.57,6.49,32.66,23.38,31.94,34.79,4.16,59.91,10.56,40.82,28.64,10.51,37.3,8.59,10.15,23.51,10.46,14.63,2.5,86.6,35.45,10.15,24.46,12.58,24.53,19.43,24.74,9.74,11.28,3.67,23.64,1.52,20.87,11.46,48.55
214,52,36,77.1049,21.433511.55,48.16,35.3,9.82,18.37,18.62,2.95,13.15,11.1,2.56,5.84,79.4,35.61,7.63,31.59,55.16,32.33,11.77,3.94,22.57,6.54,32.66,15.08,31.94,34.79,60.13,59.91,12.39,2.61,28.64,10.51,8.59,10.15,23.51,10.46,14.63,2.5,34.66,10.15,24.46,12.58,24.53,19.43,24.74,9.74,11.28,3.67,34.44,1.52,20.87,11.46,48.55
214,51,31,77.1049,23.240411.55,66.32,35.3,9.82,18.37,18.62,2.95,13.15,7.7,46.15,8.19,5.84,79.4,9.98,7.63,30.41,55.16,32.33,11.77,11.62,22.57,32.66,15.08,31.94,34.79,14.58,59.91,12.39,2.61,22.86,8.59,10.15,32.03,53.43,10.46,30.25,2.5,34.66,10.15,24.46,37.98,24.53,19.43,24.74,9.74,3.67,34.44,1.52,20.87,11.46,48.55
214,51,29,77.1049,20.885711.55,25.83,35.3,9.82,18.37,18.62,11.43,13.15,7.7,9.4,5.24,5.84,79.4,9.98,31.09,31.05,55.16,32.33,11.77,11.62,22.57,32.66,15.08,30.36,65.29,4.16,59.91,12.39,2.61,10.61,32.24,8.59,10.15,32.03,10.46,11.66,30.25,2.5,37.36,10.15,24.46,37.98,8.57,19.43,3.24,9.74,3.67,1.52,20.87,11.46,48.55
214,47,31,77.1049,23.002811.55,25.83,34.45,9.82,18.37,18.66,11.43,79.02,7.7,9.4,5.24,5.84,83.1,9.98,13.19,31.05,55.16,11.77,11.62,22.57,32.66,15.08,65.29,33.97,59.91,13.77,10.61,31.08,32.24,8.59,10.15,32.03,10.46,11.66,2.5,32.58,37.36,10.15,37.98,8.57,19.43,3.24,3.67,1.52,20.87,11.46,48.55
214,48,32,77.1049,21.711711.55,25.83,34.45,9.82,18.37,18.66,2.95,36.43,7.7,5.24,5.84,83.1,8.01,13.19,32.89,55.16,11.77,11.62,22.57,7.36,32.66,15.08,34.79,8.07,59.91,13.77,12.11,56.48,30.22,31.08,32.24,16.76,10.15,32.03,10.46,11.66,2.5,32.58,37.36,37.98,33.0,8.57,19.43,3.24,3.67,1.52,20.87,11.46
214,48,28,77.1049,22.940211.55,25.83,34.45,9.82,18.37,18.66,2.95,11.66,7.7,30.84,5.24,5.84,93.27,13.19,32.89,55.16,11.62,17.05,7.36,62.15,15.08,34.79,8.07,59.91,13.77,49.46,12.11,56.48,19.5,16.76,10.15,32.03,42.52,10.46,11.66,2.5,32.58,37.36,37.98,33.0,8.57,19.43,3.24,3.67,20.6,1.52,20.87,11.46
214,48,24,77.1049,22.086711.55,25.83,28.65,12.89,9.82,18.37,18.66,2.95,11.66,13.59,30.84,5.24,7.78,78.87,12.23,32.89,55.16,6.9,17.05,7.36,20.35,15.08,20.73,58.19,13.77,12.11,56.48,18.69,29.47,16.76,35.79,10.15,32.03,42.52,10.46,11.66,2.5,32.58,37.36,37.98,8.57,19.43,3.24,44.36,18.62,20.6,1.52,20.87
214,46,23,77.1049,23.261111.55,25.83,38.49,12.89,9.82,66.39,18.66,2.95,11.66,13.59,30.84,5.24,7.78,78.87,29.02,29.02,32.89,55.16,3.94,22.57,7.36,20.35,15.08,20.73,58.19,13.77,12.11,56.48,18.69,16.76,35.79,10.15,32.03,10.46,46.63,2.5,32.58,37.36,37.98,8.57,4.43,3.24,18.62,20.6,1.52,20.87
214,46,20,77.1049,23.517611.55,25.83,38.49,12.89,9.82,18.86,24.84,2.95,11.66,13.59,30.84,5.24,9.48,78.87,41.84,29.02,32.89,55.16,20.62,7.36,20.35,15.08,55.65,15.01,20.73,58.19,13.77,12.11,56.48,19.5,17.8,35.79,10.15,32.03,10.46,22.37,2.5,32.58,37.36,37.98,8.57,18.89,3.67,20.6,1.52,20.87
214,48,18,77.1049,23.227111.55,25.83,5.8,9.82,18.86,24.84,2.95,11.66,13.59,30.84,5.24,9.48,78.87,41.84,29.02,32.89,55.16,22.57,6.54,20.35,15.08,38.44,31.35,37.55,65.82,20.73,58.19,13.77,12.11,56.48,19.5,0.68,35.79,10.15,32.03,10.46,22.37,2.5,32.58,10.04,37.98,39.27,4.43,3.24,3.67,20.6,1.52,20.87
214,44,21,77.1049,25.906811.55,25.83,5.8,9.82,31.41,24.84,32.41,11.66,18.03,31.56,77.77,9.2,78.87,41.84,32.89,55.16,22.57,6.54,20.35,15.08,38.44,31.35,20.73,58.19,13.77,12.11,56.48,19.5,0.68,35.79,10.15,32.03,13.74,2.5,32.58,10.04,37.98,39.27,8.57,4.43,3.67,1.52,72.33,20.87
214,44,22,77.1049,23.994111.55,25.83,5.8,9.82,31.41,24.84,32.41,11.66,24.75,30.32,47.56,9.2,78.87,41.84,32.89,55.16,22.57,6.49,20.35,15.08,64.06,16.79,10.46,20.73,58.19,13.77,12.11,56.48,28.53,0.68,35.79,32.03,13.74,2.5,10.04,37.98,39.27,8.57,4.43,3.67,16.31,1.52,20.87,8.82
214,46,16,77.1049,22.026511.55,23.59,5.8,9.82,19.75,32.49,32.41,12.31,24.75,10.98,30.32,47.56,9.2,34.19,41.84,29.08,23.38,22.57,6.49,20.35,15.08,81.48,16.79,41.28,20.73,58.19,13.77,12.11,7.27,3.67,29.31,27.05,0.68,35.79,32.03,13.74,20.65,10.04,37.98,39.27,8.57,4.43,3.67,1.52,20.87,8.82
214,44,17,77.1049,23.154811.55,23.59,44.61,9.82,19.75,31.62,32.41,12.31,24.75,10.98,30.32,47.56,9.11,34.19,41.84,29.08,22.57,6.49,20.35,15.08,81.48,41.28,20.73,56.17,13.77,12.11,7.27,3.67,29.31,22.54,0.68,35.79,32.03,10.88,49.87,13.74,20.65,10.04,37.98,8.57,6.21,3.67,1.52,20.87
214,46,14,77.1049,22.155911.55,38.94,52.8,9.82,19.75,31.62,29.2,12.31,24.75,10.98,30.32,9.11,34.19,40.01,29.08,22.57,6.49,20.35,15.08,81.8,24.61,20.73,56.17,13.77,12.11,7.27,3.67,29.31,26.98,0.68,35.79,19.43,32.03,10.88,3.38,20.65,30.9,10.87,37.98,8.57,6.21,13.5,36.9,3.67,1.52,20.87
214,45,12,77.1049,21.651611.55,38.94,52.8,9.82,19.75,31.62,29.2,12.31,24.75,10.98,29.94,39.4,9.11,34.19,32.62,29.08,22.57,6.54,21.81,15.08,67.91,24.61,20.73,56.17,13.77,12.11,7.27,3.67,64.33,26.98,0.68,35.79,10.88,3.38,13.74,20.65,10.87,12.58,8.57,6.21,19.65,25.65,3.67,1.52,20.87
214,43,15,77.1049,24.522811.55,38.94,52.8,9.82,19.75,31.62,29.2,12.31,24.75,8.63,25.39,39.4,9.11,34.19,32.62,36.92,49.15,22.57,44.87,15.08,67.91,24.61,20.73,56.17,13.77,7.27,3.67,29.31,26.98,31.05,0.68,40.42,10.88,3.38,54.99,20.65,10.87,8.57,6.21,19.65,25.65,1.52,20.87
214,42,17,77.1049,23.339311.55,25.83,52.8,9.82,19.75,24.44,29.2,12.31,24.75,8.63,22.08,39.4,9.11,32.62,36.92,45.68,22.57,44.87,15.08,67.91,24.61,22.87,56.17,13.77,7.27,3.67,29.31,26.98,31.05,0.68,35.71,10.88,3.38,44.59,20.65,10.87,8.57,6.21,19.65,25.65,1.52,20.87
214,43,14,77.1049,22.508811.55,25.83,65.98,9.82,19.75,24.44,29.2,12.31,24.75,8.63,22.08,39.4,10.75,32.62,36.92,45.68,22.57,43.67,15.08,67.91,24.61,22.87,56.17,13.77,7.63,3.67,29.31,27.05,31.05,0.68,32.39,10.88,3.38,13.74,20.65,7.75,10.87,8.57,6.21,19.65,25.65,1.52,20.87
214,44,13,77.1049,25.278911.55,61.44,65.98,9.82,19.75,24.44,11.13,12.31,24.75,19.92,39.4,10.75,32.62,36.92,45.87,57.68,22.57,43.67,81.8,24.61,22.87,56.17,13.77,7.63,3.67,29.31,45.66,0.68,32.39,27.74,10.88,3.38,49.87,13.74,20.65,7.75,10.87,8.57,6.21,25.78,11.28,1.52,20.87,24.03
214,43,12,77.1049,24.715350.51,61.44,65.98,9.82,18.86,24.44,11.13,8.0,24.75,19.92,39.4,10.75,37.05,51.83,45.87,22.57,27.12,43.67,15.08,89.48,1.51,22.87,56.17,13.77,7.63,3.67,29.31,45.66,0.68,32.39,27.74,10.88,3.38,9.9,13.74,20.65,7.75,8.57,6.21,25.78,11.28,1.52,24.03
214,41,6,77.1049,28.995950.51,61.44,65.98,50.25,9.82,19.48,24.44,49.03,8.0,18.03,91.79,19.92,39.4,14.93,58.13,37.05,51.83,45.87,22.57,27.12,43.67,15.08,1.51,22.87,50.51,13.77,3.67,24.46,55.82,0.68,32.39,36.21,28.63,10.88,9.9,20.65,7.75,6.21,25.78,11.28,1.52
214,42,7,77.1049,26.516950.51,61.44,65.98,90.98,9.82,19.48,24.44,11.13,8.0,18.03,19.92,37.76,20.14,48.89,37.05,36.92,45.06,22.57,27.12,43.67,15.08,1.51,22.87,50.51,13.77,3.67,25.27,59.64,0.68,32.39,36.21,28.63,10.88,3.38,9.9,20.65,7.75,27.22,6.21,25.78,11.28,1.52
214,42,10,77.1049,25.2259.77,25.83,65.98,87.97,9.82,19.48,24.44,11.13,8.0,11.28,19.46,37.76,14.36,48.89,37.05,36.92,44.57,22.57,30.28,43.67,15.08,1.51,22.87,50.51,13.77,3.67,24.46,45.66,0.68,32.39,36.21,28.63,10.88,3.38,9.9,20.65,7.75,27.22,6.21,25.78,11.28,1.52
214,42,9,77.1049,26.132459.77,25.83,65.98,82.02,9.82,19.48,24.44,11.13,8.0,11.28,19.46,37.76,24.74,48.89,40.7,36.92,45.87,13.96,30.28,43.67,15.08,1.51,61.45,22.87,50.51,13.77,3.67,24.46,48.98,0.68,32.39,36.21,28.63,10.88,3.38,9.9,20.65,7.75,6.21,25.78,11.28,1.52
214,43,8,77.1049,24.828838.89,25.83,65.98,80.98,9.0,19.48,24.44,11.13,8.0,11.28,19.0,37.76,24.74,48.89,40.7,39.05,45.87,13.96,30.28,43.67,14.03,1.51,22.87,50.51,16.74,3.67,24.46,48.98,0.68,47.92,36.21,28.63,10.88,3.38,9.9,20.65,7.75,1.84,6.21,25.78,11.28,33.31,1.52
214,42,10,77.1049,27.237646.28,7.43,65.98,71.67,15.0,24.44,11.13,8.0,11.28,3.61,53.26,38.51,24.74,48.89,40.7,39.05,45.87,13.96,43.67,14.03,69.25,11.23,22.87,50.51,16.74,3.67,24.46,44.42,47.92,36.21,28.63,10.88,3.38,9.9,20.65,7.75,1.84,6.21,25.78,11.28,33.31,29.59
214,40,11,77.1049,27.847746.28,7.43,65.98,58.73,15.0,34.45,11.13,8.0,39.26,19.58,38.51,24.74,48.89,40.7,39.05,47.65,13.96,44.04,43.67,14.03,11.23,22.87,50.51,16.74,3.67,24.46,55.29,35.14,36.21,28.63,10.88,3.38,6.16,20.65,34.13,6.21,25.78,58.66,1.52,0.71
214,37,15,77.1049,27.570346.28,7.43,65.98,58.73,55.16,19.0,11.13,8.0,11.28,19.58,38.51,24.74,47.95,16.65,31.03,14.49,55.23,43.67,14.03,11.23,24.26,23.09,50.51,24.46,65.82,36.21,28.63,10.88,3.38,9.9,38.7,6.21,25.78,11.28,58.66,1.52,0.71
214,37,14,77.1049,27.021938.89,7.43,65.98,57.13,15.0,27.59,11.13,8.0,11.28,44.47,19.58,38.51,24.74,30.65,38.89,21.55,26.54,21.66,19.28,43.67,13.78,45.17,23.75,23.09,49.6,24.46,65.82,36.21,28.63,10.88,3.38,9.9,1.0,6.21,25.78,58.66,1.52
214,38,15,77.1049,23.993247.71,7.43,65.98,57.13,15.0,27.59,11.13,8.0,11.28,74.74,19.58,37.18,24.74,30.65,40.47,21.55,26.54,6.85,43.67,13.78,1.51,23.75,23.09,49.6,39.09,24.46,36.21,28.63,10.88,3.38,9.9,1.0,23.74,6.21,25.78,11.28,1.52,0.71
214,37,12,77.1049,25.128647.71,7.43,65.98,69.75,34.09,27.59,11.13,8.0,7.7,74.74,19.58,38.51,12.25,22.43,50.19,17.09,26.54,6.85,54.82,13.78,1.51,23.75,23.09,49.6,39.09,40.93,27.56,2.26,28.63,10.88,3.38,9.9,21.36,1.0,23.74,6.21,0.71
214,37,9,77.1049,24.778647.71,7.43,65.98,75.73,34.09,27.59,11.13,8.0,7.7,71.75,19.58,38.51,12.25,22.43,45.06,22.78,26.54,6.85,54.82,13.78,1.51,23.75,23.09,49.6,31.72,21.61,27.56,2.26,28.63,10.88,9.9,21.36,1.0,5.0,12.74,25.78,0.71
214,37,12,77.1049,24.969547.71,7.43,65.98,34.09,27.59,11.13,8.0,7.7,79.71,19.58,38.51,23.2,22.43,45.06,22.78,26.54,6.85,54.82,13.78,1.51,23.75,23.09,49.6,36.34,18.06,31.55,2.26,22.55,28.63,10.88,9.9,1.0,64.16,5.0,6.21,25.78,0.71
214,38,11,77.1049,23.669538.47,7.43,65.98,14.6,27.59,11.13,8.0,7.7,79.71,19.58,38.51,23.2,22.43,45.06,26.54,6.85,54.82,13.78,1.51,23.75,23.09,49.6,21.42,36.34,18.06,31.55,2.26,28.63,10.88,3.38,9.9,1.0,64.16,5.0,6.21,25.78,24.83,0.71
214,38,10,77.1049,24.757438.47,7.43,68.7,14.6,27.59,11.13,8.0,7.7,82.33,19.0,38.51,23.2,22.43,44.74,26.54,6.85,54.82,32.73,13.78,1.51,23.75,23.09,54.45,21.42,36.34,18.06,31.55,2.26,28.63,10.88,3.38,1.0,73.38,5.0,6.21,25.78,24.83,0.71
214,39,9,77.1049,25.717938.47,7.43,5.8,14.6,27.59,11.13,8.0,7.7,82.33,19.0,38.51,48.17,22.43,34.52,65.67,26.54,6.85,54.82,13.78,55.37,1.51,23.75,23.09,21.42,46.55,36.34,18.06,31.55,2.26,35.31,22.81,8.32,1.0,73.38,5.0,6.21,31.24,25.78,0.71
214,39,13,77.1049,25.265953.91,7.43,5.8,14.6,27.59,11.13,8.0,0.92,82.33,19.0,21.62,22.43,45.85,65.67,26.54,6.85,54.82,13.78,47.31,23.25,23.75,23.09,21.42,46.55,36.34,18.06,34.41,2.26,35.31,22.81,8.32,1.0,73.38,31.27,5.0,10.87,6.21,25.78,0.71
214,37,13,77.1049,24.831152.2,7.43,5.8,14.6,27.59,11.13,8.0,82.33,19.0,30.64,22.43,44.74,65.67,26.54,6.85,54.82,30.65,10.92,51.49,23.25,23.75,23.09,21.42,36.34,18.06,2.26,28.63,10.88,8.32,1.0,73.38,31.27,5.0,6.57,6.21,25.78,0.71
214,37,9,77.1049,26.405937.94,7.43,5.44,14.6,27.59,9.77,8.0,74.18,19.0,7.13,30.64,22.43,44.74,64.54,26.54,6.85,54.82,30.65,13.78,65.78,64.57,23.75,23.09,21.42,36.34,18.06,2.26,28.63,37.52,8.32,1.0,73.38,33.53,5.0,25.78,1.81,0.71
214,39,10,77.1049,23.332137.94,7.43,5.44,14.6,19.0,9.77,8.0,76.87,19.0,7.13,30.64,1.22,34.52,49.76,62.47,6.85,66.22,30.65,13.78,23.25,23.75,23.09,29.19,36.34,18.06,2.26,28.63,10.88,8.32,1.0,73.38,33.53,5.0,6.57,50.9,6.21,25.78,1.81,0.71
214,37,7,77.1049,25.533532.98,61.89,4.36,14.6,19.0,9.48,8.0,27.5,76.87,19.0,7.13,1.22,34.52,49.76,26.54,6.85,64.49,30.65,39.9,23.25,23.75,29.19,36.34,23.22,2.26,28.63,10.88,28.66,1.0,73.02,33.53,5.0,6.57,50.9,6.21,25.78,1.81
214,38,9,77.1049,25.262632.98,61.89,5.96,22.02,22.94,9.48,8.0,27.5,76.87,19.0,7.13,1.22,34.52,49.76,26.54,6.85,63.66,47.56,13.78,23.25,30.75,22.87,29.19,36.34,18.06,2.26,23.75,10.88,21.86,1.0,73.02,33.53,5.0,6.57,50.9,25.78,1.81,5.5
214,38,9,77.1049,25.406832.98,61.89,5.96,22.02,22.94,9.48,8.0,76.87,19.0,7.13,12.25,1.22,34.52,48.86,26.54,6.85,63.66,47.56,13.78,48.97,23.25,30.75,22.87,29.19,36.34,18.06,2.26,23.75,10.88,21.86,1.0,73.02,33.53,5.0,29.42,6.21,25.78,1.81
214,39,9,77.1049,24.962135.78,61.89,5.96,22.02,80.91,22.94,9.48,8.0,27.5,19.0,7.13,1.22,34.52,47.44,26.54,6.85,63.66,47.56,13.05,23.25,30.75,22.87,27.23,36.34,18.06,2.26,23.75,10.88,21.86,1.0,73.02,33.53,5.0,26.94,6.21,30.96,25.78,10.57,1.81
214,39,11,77.1049,24.653135.78,61.89,5.96,22.02,80.91,22.94,16.23,8.0,28.1,19.0,7.13,1.22,34.52,42.15,26.54,6.85,56.18,47.56,9.61,78.4,23.25,30.75,22.87,20.4,36.34,27.67,2.26,23.75,10.88,10.51,1.0,33.53,5.0,26.94,6.21,30.96,25.78,10.57,1.81
214,39,11,77.1049,24.607935.78,61.89,5.96,25.87,75.16,22.94,16.01,8.0,35.12,19.0,7.13,23.86,1.22,34.52,42.15,26.54,6.85,56.18,47.56,9.61,78.4,23.25,30.75,22.87,20.4,27.67,2.26,23.75,10.51,1.0,33.53,26.94,6.21,30.96,8.4,25.78,10.57,1.81,13.3
214,39,9,77.1049,24.423135.78,61.89,5.96,25.87,75.16,16.51,16.01,8.0,35.12,19.0,7.13,23.86,1.22,34.52,41.7,60.69,6.85,56.18,47.56,13.05,76.96,23.25,30.75,22.87,20.4,27.67,2.26,5.97,10.51,1.0,33.53,26.94,6.21,7.36,8.4,25.78,1.81,13.3,15.47
214,39,10,77.1049,24.923135.78,61.89,5.96,25.87,65.94,17.01,16.01,8.0,35.12,16.49,19.0,7.13,23.86,1.22,34.52,26.54,6.85,56.72,47.56,13.05,79.61,42.63,23.25,30.45,20.73,20.4,50.16,27.67,2.26,22.84,10.51,1.0,33.53,26.94,6.21,8.4,25.78,1.81,13.3
214,38,9,77.1049,25.438435.78,61.89,5.96,47.33,65.94,42.64,16.01,27.74,35.12,21.06,19.0,6.75,23.86,1.22,34.52,26.54,6.85,71.92,47.56,13.05,79.61,42.63,1.51,20.4,27.67,2.26,5.97,39.83,10.51,1.0,33.53,26.94,6.21,8.4,25.78,1.81,13.3,8.56
214,39,10,77.1049,24.485935.78,61.89,5.96,47.33,65.94,34.08,16.01,29.56,35.12,15.02,17.96,6.75,23.86,1.22,43.01,26.54,6.85,56.72,47.56,13.05,70.21,42.63,1.51,20.73,20.4,27.67,2.26,5.97,39.83,10.51,1.0,33.53,28.41,6.21,8.4,25.78,1.81,13.3,4.58
214,34,12,77.1049,27.295935.78,61.89,37.78,47.33,65.97,26.5,16.01,29.56,35.12,15.02,17.96,54.08,23.86,42.84,26.54,6.85,68.67,44.11,13.05,70.21,42.63,1.51,20.73,17.76,27.67,2.26,5.97,10.51,1.0,13.42,25.78,1.81,13.3,4.58
214,34,9,77.1049,28.596235.78,61.89,5.96,47.33,65.97,41.95,16.01,36.5,28.67,17.96,6.75,23.86,26.54,10.89,68.67,44.11,39.27,70.21,35.74,1.51,20.73,28.02,36.34,27.67,44.73,59.12,5.97,10.51,1.0,7.14,25.78,1.81,13.3,4.58
214,34,10,77.1049,25.874435.78,61.89,5.96,20.07,65.97,26.5,16.01,40.91,32.56,17.96,6.75,23.86,23.24,3.7,26.54,10.89,68.67,48.58,40.63,70.21,35.74,1.51,20.73,36.34,27.67,43.29,2.26,5.97,10.51,1.0,7.14,25.78,1.81,13.3
214,33,7,77.1049,27.088535.78,61.89,5.96,13.52,65.97,26.5,43.42,52.65,29.66,17.96,6.75,11.62,23.24,3.7,26.54,10.89,68.67,39.27,70.21,43.88,1.51,20.73,26.73,36.34,49.31,43.96,2.26,5.97,1.0,7.14,25.78,1.81,13.3
214,31,10,77.1049,27.503935.78,61.89,5.96,13.52,65.97,26.5,41.94,52.65,32.2,17.96,6.75,11.62,22.92,3.7,32.03,10.89,68.67,39.27,66.58,49.58,1.51,20.73,27.99,8.52,49.31,2.26,5.97,41.36,1.0,25.78,1.81
214,31,8,77.1049,28.888435.78,61.89,5.96,13.52,46.47,26.5,41.94,52.65,32.2,17.96,6.75,11.62,13.41,32.03,6.83,68.67,39.27,72.37,1.51,20.73,27.99,57.13,49.31,34.15,2.26,5.97,41.36,1.0,46.85,19.65,1.81
214,32,8,77.1049,30.107235.78,61.89,5.96,13.52,66.33,26.5,41.94,51.77,40.62,54.17,6.75,11.62,33.92,13.41,32.03,16.61,76.72,39.27,1.51,72.12,20.73,27.99,23.56,35.66,34.15,2.26,5.97,41.36,1.0,46.85,19.65,1.81
214,32,10,77.1049,28.6335.78,61.89,5.96,13.52,66.33,26.5,41.94,50.09,42.33,15.95,6.75,11.62,33.92,13.41,32.03,4.1,76.72,39.27,1.51,20.73,27.99,27.26,35.66,39.68,2.26,5.97,41.36,1.0,66.32,46.85,19.65,1.81
214,32,10,77.1049,29.187235.78,61.89,5.96,13.52,66.33,26.5,41.94,50.09,42.33,28.67,6.75,11.62,33.92,13.41,32.03,4.1,76.72,39.27,1.51,44.47,20.73,27.99,23.56,39.68,2.26,5.97,41.36,1.0,66.32,46.85,19.65,1.81
214,34,9,77.1049,26.999735.78,61.89,5.96,13.52,66.33,26.5,41.94,50.09,42.33,28.67,6.75,11.62,33.92,13.41,32.03,4.1,76.72,39.27,1.51,44.47,20.73,14.09,23.56,39.68,2.26,24.08,5.97,8.32,1.0,66.32,46.85,9.74,1.81,16.77
214,34,6,77.1049,28.656835.78,61.89,5.96,13.52,66.33,26.5,41.94,50.09,42.33,28.67,6.75,11.62,33.92,13.41,57.01,2.67,76.72,16.64,1.51,46.45,20.73,41.87,54.16,39.68,2.26,24.08,5.97,3.38,1.0,66.32,46.85,9.74,1.81,16.77
214,34,5,77.1049,27.963835.78,61.89,5.96,13.52,52.11,26.5,41.94,50.14,72.85,28.67,6.75,11.62,19.55,32.03,2.67,76.72,16.64,1.51,20.73,41.87,37.84,34.15,2.26,24.08,5.97,50.95,3.38,1.0,67.9,24.14,46.85,9.74,6.29,16.77
214,34,7,77.1049,28.32535.78,61.89,5.81,13.52,72.02,26.5,41.94,58.13,72.85,28.67,6.75,11.62,19.55,32.03,2.67,76.72,16.64,1.51,20.73,14.09,47.64,35.62,34.15,2.26,24.08,5.97,50.95,56.1,1.0,6.21,46.85,9.74,6.29,16.77
214,34,6,77.1049,28.898235.78,61.89,5.81,13.52,65.35,26.5,34.62,58.13,72.85,28.67,6.75,11.62,19.55,32.03,2.67,76.72,16.64,1.51,20.73,14.09,48.02,56.23,35.62,34.15,2.26,51.9,5.97,56.1,1.0,6.21,46.85,9.74,6.29,16.77
214,35,6,77.1049,25.309734.36,61.89,5.81,13.52,65.35,26.5,34.62,58.13,72.85,14.57,6.75,11.14,19.55,32.03,2.67,76.72,16.64,1.51,20.73,5.35,48.02,56.23,35.62,34.15,8.58,2.26,24.08,5.97,3.38,1.0,6.21,46.85,9.74,6.29,16.77
214,33,9,77.1049,25.137346.42,5.81,13.52,66.88,26.5,28.19,58.13,72.85,14.57,6.75,10.58,19.55,32.03,2.67,74.64,16.64,20.73,5.35,48.02,56.23,35.62,34.15,8.58,2.26,26.65,5.97,3.38,1.0,6.21,46.85,9.74,6.29,16.77
214,33,9,77.1049,25.501234.36,60.08,5.81,13.52,67.14,35.98,29.84,58.13,72.85,14.76,6.75,10.58,19.55,58.28,2.67,16.64,20.73,5.35,48.02,56.23,35.62,34.15,8.58,2.26,24.08,5.97,10.39,1.0,6.21,43.21,9.74,6.29,16.77
214,32,10,77.1049,25.170634.36,58.0,5.81,13.52,67.14,26.5,30.85,56.91,72.85,14.76,6.75,10.41,19.55,31.55,2.67,16.64,5.35,48.02,56.23,35.62,8.58,2.26,50.59,5.97,10.39,1.0,6.21,44.18,9.74,6.29,29.99,16.77
214,31,11,77.1049,26.382634.36,58.0,5.81,59.32,67.14,25.58,30.85,56.91,72.85,14.76,6.75,10.41,19.55,31.55,2.67,16.64,5.35,48.02,56.23,35.62,8.58,2.26,24.08,10.39,1.0,6.21,44.18,9.74,6.29,29.99,16.77
214,32,10,77.1049,24.020934.36,65.3,5.81,6.65,67.14,25.58,28.03,56.91,60.54,14.76,6.75,23.84,19.55,31.55,2.67,14.43,16.64,14.15,5.35,48.02,56.23,35.62,8.58,2.26,24.08,10.39,1.0,44.18,9.74,6.29,5.5,16.77
214,29,13,77.1049,27.7534.36,74.61,5.81,66.03,61.47,25.58,43.1,55.42,63.34,14.76,6.75,19.55,31.55,2.67,14.43,16.64,48.02,56.23,35.62,8.58,2.26,24.08,10.39,1.0,44.2,9.74,6.29,5.5,16.77
214,29,11,77.1049,27.270327.3,74.61,5.81,58.9,61.47,25.58,43.1,55.42,63.34,14.76,6.75,30.22,2.67,14.43,18.39,48.02,56.23,35.62,8.58,2.26,24.08,10.39,1.0,19.41,44.2,9.74,6.29,5.5,16.77
214,29,12,77.1049,27.202427.3,61.17,33.79,24.16,52.61,25.58,39.64,45.92,63.34,14.76,6.75,11.14,13.41,30.22,2.67,18.39,39.53,56.23,46.26,8.58,24.08,10.39,1.0,44.2,9.74,6.29,3.49,19.45,48.78
214,29,13,77.1049,27.094127.3,61.17,5.81,24.16,52.61,25.58,39.64,45.92,63.34,14.76,6.75,11.14,13.41,30.22,2.67,18.39,39.53,67.88,46.26,8.58,24.08,10.39,1.0,57.39,9.74,6.29,3.49,19.45,48.78
214,29,11,77.1049,26.502827.3,61.17,59.52,24.16,52.61,25.58,39.64,38.77,14.76,6.75,11.14,13.41,30.22,2.67,18.39,24.88,39.53,56.23,46.26,8.58,24.08,10.39,1.0,44.35,9.74,6.29,3.49,19.45,48.22
214,27,13,77.1049,26.880727.3,61.17,5.81,24.16,52.61,25.58,41.79,47.18,56.38,14.76,6.75,13.41,30.22,2.67,18.39,19.65,39.53,56.23,35.62,24.08,10.39,1.0,44.35,9.74,6.29,3.49,47.23
214,28,13,77.1049,26.65527.3,61.17,5.81,24.16,66.42,25.58,38.08,47.18,56.38,14.76,6.75,10.66,13.41,30.22,2.67,56.23,18.39,39.53,35.62,24.08,10.39,1.0,44.35,9.74,6.29,3.49,19.45,47.23
214,29,12,77.1049,26.474847.81,61.17,5.81,24.16,46.78,25.58,38.08,43.15,56.38,14.76,6.75,24.25,36.95,13.41,29.9,2.67,56.23,18.39,39.53,9.99,24.08,10.39,1.0,44.35,9.74,6.29,3.49,19.45,47.23
214,28,12,77.1049,28.257123.52,61.17,5.81,24.16,46.78,25.58,38.08,44.48,56.38,14.76,6.75,24.25,36.95,13.41,29.9,2.67,56.23,18.39,19.86,56.72,39.53,9.99,24.08,10.39,44.35,6.29,3.49,47.23
214,27,13,77.1049,27.095223.52,61.17,5.81,24.16,46.78,25.58,38.08,35.85,56.38,16.27,6.75,24.25,36.95,13.41,30.86,2.67,56.23,18.39,20.32,39.53,15.85,24.08,10.39,44.35,6.29,3.49,44.16
214,27,11,77.1049,28.2523.52,55.18,23.61,24.16,56.73,25.58,38.08,35.85,56.38,16.27,6.75,26.1,36.95,13.41,28.19,2.67,56.23,18.39,20.32,39.53,15.85,24.08,10.39,50.53,6.29,3.49,48.22
214,26,13,77.1049,28.331923.52,55.18,5.81,24.16,21.26,25.58,38.08,35.85,67.12,11.98,6.75,26.1,36.95,13.41,29.54,2.67,18.39,20.32,41.12,57.33,15.85,24.08,10.39,50.53,6.29,68.37
214,26,14,77.1049,27.760823.52,50.22,5.81,24.16,16.07,25.58,38.08,30.95,67.12,11.98,6.75,12.53,36.95,13.41,52.58,2.67,18.39,20.32,31.85,57.33,15.85,24.08,10.39,50.53,6.29,68.37
214,24,14,77.1049,25.993823.52,50.22,30.33,24.16,20.27,25.58,39.48,30.95,22.6,56.94,11.98,6.75,36.98,13.41,28.87,2.67,18.39,20.32,20.04,57.33,15.85,10.39,50.53,6.29
214,25,15,77.1049,24.93423.52,64.03,6.74,24.16,20.27,26.11,39.48,31.02,22.6,56.94,11.98,6.75,36.98,13.41,28.87,2.67,13.26,18.39,20.32,20.04,15.85,52.75,10.39,50.53,6.29
214,25,17,77.1049,24.79823.52,61.19,6.74,24.16,20.66,26.11,39.78,31.02,22.6,56.94,10.73,6.75,36.98,13.41,28.87,2.67,13.26,18.39,20.32,20.04,15.85,52.75,10.39,50.53,6.29
214,25,14,77.1049,27.42423.52,67.9,6.74,24.16,20.66,26.11,39.78,42.11,22.6,56.94,45.89,6.75,36.98,13.41,26.21,18.02,13.26,18.39,20.32,20.04,15.85,52.75,10.39,50.53,6.29
214,24,17,77.1049,27.247523.52,62.51,6.74,61.23,20.66,26.11,39.78,31.02,22.6,50.29,11.65,6.75,36.98,13.41,26.21,18.02,18.39,20.32,20.04,15.85,52.75,10.39,52.43,6.29
214,25,11,77.1049,27.881223.52,67.9,6.74,61.65,20.66,25.92,58.52,31.02,23.69,50.29,11.65,6.75,44.3,13.41,26.21,18.02,18.39,20.32,20.04,15.85,52.75,10.39,52.43,10.32,6.29
214,26,11,77.1049,28.754623.52,61.19,6.74,43.86,76.34,20.66,25.92,49.79,31.02,23.69,50.29,11.65,6.75,36.98,26.21,18.02,17.91,20.32,20.04,15.85,52.75,10.39,12.75,10.32,6.29,68.37
214,26,12,77.1049,26.708845.57,61.19,6.74,43.86,49.96,20.66,25.92,49.79,31.02,23.69,50.29,10.93,6.75,36.98,26.21,18.02,20.23,17.91,20.32,20.04,15.85,52.75,10.39,12.75,10.32,6.29
214,27,14,77.1049,24.714124.74,55.1,6.74,43.86,49.96,20.66,25.92,49.79,31.02,23.69,50.29,9.51,6.75,36.98,26.21,18.02,20.23,17.91,20.32,20.04,15.85,52.75,10.39,12.75,1.19,10.32,6.29
214,27,13,77.1049,25.920424.74,55.1,6.74,43.86,49.96,52.89,25.92,49.79,31.02,23.69,50.29,9.53,6.75,33.33,33.65,20.23,17.91,20.32,20.04,15.85,46.17,18.29,10.39,12.75,4.03,10.32,6.29
214,28,12,77.1049,24.568224.74,55.1,6.74,43.86,49.96,30.96,25.92,49.79,31.02,23.69,50.29,9.53,6.75,29.9,11.74,16.15,20.23,17.91,37.47,20.32,20.04,15.85,46.17,10.39,12.75,4.03,10.32,6.29
214,28,10,77.1049,25.901424.74,55.1,6.74,43.86,49.96,60.27,25.92,49.79,31.02,23.69,50.29,6.75,24.3,14.28,18.02,10.1,20.23,17.91,37.47,20.32,20.04,15.85,12.67,46.17,10.39,12.75,10.32,6.29
214,25,12,77.1049,26.29224.74,55.1,6.74,43.86,49.96,58.35,25.92,49.79,31.02,22.82,50.29,6.75,33.12,20.02,10.1,17.91,8.68,20.32,20.04,15.85,46.17,10.39,12.75,10.32,6.29
214,25,14,77.1049,25.829624.74,53.85,6.74,43.86,49.96,61.59,25.92,49.79,31.02,22.82,50.29,6.75,33.12,14.28,9.3,17.91,8.68,20.32,20.04,15.85,46.17,3.38,12.75,10.32,6.29
214,25,10,77.1049,27.189624.74,74.82,6.74,43.86,49.96,58.49,25.92,49.79,31.02,22.82,50.29,6.75,46.84,14.28,9.3,18.5,8.68,20.32,20.04,17.67,46.17,3.38,12.75,10.32,6.29
214,25,11,77.1049,26.640824.74,74.82,6.74,43.86,49.96,58.49,25.92,49.79,31.02,22.82,50.29,6.75,33.12,14.28,9.3,18.5,8.68,20.32,20.04,17.67,46.17,3.38,12.75,10.32,6.29
214,25,11,77.1049,26.797624.74,74.82,6.74,43.86,49.96,58.49,25.92,47.0,31.02,30.1,50.29,6.75,33.12,14.28,8.73,18.5,8.68,20.32,20.04,17.67,46.17,3.38,12.75,10.32,6.29
214,25,11,77.1049,27.091624.74,74.82,6.74,43.86,49.96,58.49,23.69,50.12,31.02,26.59,50.29,6.75,33.12,14.28,8.73,18.5,8.68,20.32,20.04,17.67,46.17,3.38,12.75,20.29,6.29
214,26,8,77.1049,25.221519.91,74.82,6.74,43.86,49.96,29.74,23.69,50.12,31.02,30.89,50.29,6.75,33.12,18.71,9.69,9.68,18.5,8.68,20.32,20.04,17.67,38.85,3.38,12.75,20.29,6.29
214,25,9,77.1049,26.46219.91,72.77,6.74,43.86,49.96,29.74,23.69,50.53,42.86,30.89,50.29,6.75,33.12,18.71,44.8,9.68,18.5,8.68,19.65,20.04,17.67,3.38,12.75,20.29,6.29
214,25,11,77.1049,26.039619.91,60.69,6.74,49.96,28.32,20.6,51.43,42.86,30.89,50.29,6.75,33.12,18.71,48.28,9.68,18.5,8.68,19.65,20.04,17.67,3.38,12.75,20.29,45.51,6.29
214,26,8,77.1049,23.116919.91,60.69,6.74,34.51,49.94,20.6,42.86,30.89,41.26,25.73,6.75,33.12,18.71,48.92,9.68,11.76,18.5,8.68,19.65,20.04,17.67,3.38,20.29,11.52,12.95,6.29
214,25,10,77.1049,23.500819.91,60.69,6.74,34.51,47.38,20.6,42.86,30.89,41.26,25.73,6.75,33.12,18.71,52.36,9.68,18.5,8.68,19.65,17.4,17.67,3.38,20.29,11.52,12.95,6.29
214,25,11,77.1049,23.24419.91,60.69,6.74,34.51,44.73,20.6,42.86,30.89,41.26,25.73,6.75,30.07,19.77,18.71,48.92,9.68,18.5,8.68,19.65,17.67,3.38,20.29,15.84,8.98,6.29
214,25,12,77.1049,22.69419.91,60.69,6.74,33.77,44.73,20.6,34.47,30.89,41.26,25.73,6.75,30.07,19.77,18.71,48.92,9.68,18.5,8.68,15.03,17.67,3.38,20.29,15.84,8.98,6.29
214,25,12,77.1049,22.96819.91,60.69,6.74,25.5,44.73,20.6,34.47,30.89,41.26,25.73,6.75,43.64,19.77,18.71,50.09,9.68,18.5,8.68,15.03,17.67,3.38,20.29,15.84,9.36,6.29
214,25,12,77.1049,22.69219.91,51.8,6.74,25.5,44.73,20.6,34.47,44.61,41.26,25.73,6.75,30.07,21.39,18.71,50.31,9.68,18.5,8.68,15.03,17.67,3.38,20.29,15.84,9.36,6.29
214,25,12,77.1049,23.3119.91,51.8,6.74,57.72,44.33,20.6,34.47,30.89,41.26,6.75,30.07,21.39,18.71,50.31,10.08,18.5,8.68,15.03,22.68,17.67,3.38,20.29,15.84,9.36,6.29
214,25,12,77.1049,23.69619.91,51.8,6.74,25.5,51.74,20.6,34.47,30.89,41.26,51.81,6.75,30.07,21.39,50.31,11.44,18.5,8.68,15.03,22.68,17.67,3.38,20.29,15.84,9.36,6.29
214,25,13,77.1049,24.291219.91,51.8,6.74,25.5,51.74,20.6,34.47,30.89,41.26,51.81,6.75,45.92,21.39,50.31,8.73,18.5,8.68,22.68,17.67,3.38,20.29,15.84,9.36,6.29,16.77
214,25,9,77.1049,25.573219.91,44.36,6.74,24.16,51.74,20.6,34.47,40.2,41.26,71.67,6.75,45.92,21.39,50.31,8.73,36.08,18.5,8.68,15.03,17.67,3.38,20.29,15.84,9.36,6.29
214,24,9,77.1049,24.640819.91,46.53,6.74,24.16,42.64,20.6,32.21,33.85,41.26,71.38,6.75,57.99,21.39,50.31,8.73,18.5,8.68,13.4,17.67,13.81,3.38,15.84,9.36,6.29
214,26,9,77.1049,22.044619.91,46.53,6.74,24.16,16.78,20.6,44.8,32.21,33.66,28.3,71.38,6.75,30.07,21.39,50.31,8.73,18.5,3.91,8.68,13.4,17.67,13.81,3.38,15.84,9.36,6.29
214,25,10,77.1049,23.486819.91,46.53,6.74,24.16,12.7,20.6,44.8,32.21,29.42,28.94,71.38,6.75,30.07,24.29,48.32,8.73,18.5,3.91,8.68,13.4,17.67,13.81,40.0,9.36,6.29
214,24,8,77.1049,24.5119.91,46.53,14.38,24.16,34.01,20.6,32.21,29.42,31.0,77.15,6.75,30.07,33.89,47.81,8.73,18.5,3.91,8.68,13.4,17.67,13.81,40.0,9.36,6.29
214,24,10,77.1049,24.540819.91,46.53,14.38,24.16,59.76,20.6,32.21,31.0,80.36,6.75,30.07,25.46,45.68,8.73,11.76,18.5,3.91,8.68,13.4,17.67,13.81,40.0,9.36,6.29
214,24,6,77.1049,25.662957.05,46.53,14.38,24.16,62.0,20.6,32.21,31.0,68.25,6.75,30.07,25.12,45.68,8.73,11.76,18.5,3.91,8.68,13.4,17.67,13.81,40.0,9.36,6.29
214,22,10,77.1049,25.279546.53,14.38,31.81,62.0,20.6,32.21,31.0,68.25,6.75,30.07,25.12,45.68,10.13,18.5,3.91,8.68,13.4,17.67,13.81,40.0,9.36,6.29
214,22,9,77.1049,26.825924.5,46.53,14.38,24.82,62.0,20.6,32.21,31.0,68.25,6.75,30.07,25.12,45.68,40.33,18.5,3.91,8.68,13.4,13.81,43.98,9.36,6.29
214,22,8,77.1049,26.444526.8,43.42,14.38,24.82,62.0,25.87,32.21,31.0,59.15,30.07,25.12,45.68,23.74,18.5,3.91,8.68,13.4,19.59,13.81,43.98,9.36,6.29
214,21,8,77.1049,25.667124.34,43.42,14.38,24.82,62.0,20.74,37.05,31.0,10.45,30.07,25.12,59.0,45.68,18.5,3.91,6.17,13.4,13.81,43.98,9.36,1.81
214,22,7,77.1049,27.017324.34,55.13,8.62,24.82,62.0,20.74,32.56,31.0,10.45,30.07,25.12,59.0,43.96,18.5,13.01,6.17,5.76,54.17,13.81,43.98,9.36,1.81
214,21,9,77.1049,25.64124.34,55.45,8.62,25.22,62.0,19.68,32.56,31.0,10.45,30.07,25.12,59.0,45.68,17.36,13.01,6.17,5.76,13.81,43.98,7.37,1.81
214,23,7,77.1049,24.576524.34,55.53,8.62,49.07,62.0,19.68,32.56,31.0,10.45,30.07,25.12,33.5,45.68,17.36,13.01,6.17,5.76,5.23,54.17,13.81,7.37,12.95,1.81
214,22,9,77.1049,22.31524.34,45.04,8.62,35.17,62.0,19.23,32.56,31.0,10.45,30.07,35.44,33.5,40.04,17.36,13.01,6.17,5.76,5.23,13.81,7.37,12.95,1.81
214,22,9,77.1049,22.172324.34,45.04,8.62,35.17,60.89,19.23,32.56,31.0,16.99,30.07,35.44,29.11,40.04,9.63,17.36,13.01,6.17,5.76,5.23,7.37,12.95,1.81
214,22,9,77.1049,22.107324.34,45.04,8.62,35.17,58.44,19.23,32.56,31.0,16.99,30.07,36.46,29.11,40.04,9.63,17.36,13.01,6.17,5.76,5.23,7.37,12.95,1.81
214,22,9,77.1049,21.566824.34,45.04,9.09,26.94,58.44,19.23,32.56,37.04,16.99,30.07,26.29,29.11,40.04,9.63,17.36,13.01,6.17,5.76,5.23,7.37,12.95,1.81
214,23,5,77.1049,22.894324.34,44.65,8.62,26.94,58.44,19.23,32.56,15.62,16.99,30.07,26.29,29.11,40.04,9.63,16.68,13.01,6.17,5.76,5.23,54.17,15.84,25.37,1.81
214,21,8,77.1049,22.836224.34,51.15,8.62,26.94,59.12,43.74,32.56,16.99,26.29,29.11,40.04,24.07,9.63,16.68,13.01,6.17,2.85,5.23,15.84,25.37,1.81
214,23,9,77.1049,19.860424.34,44.0,8.62,26.94,11.83,19.23,19.43,32.56,24.27,26.29,29.11,55.32,24.07,9.63,16.68,13.01,6.17,2.85,5.23,14.19,15.84,25.37,1.81
214,23,9,77.1049,19.226124.34,44.0,8.62,27.73,13.76,18.26,15.95,34.98,24.27,26.29,29.11,40.04,24.07,9.63,16.68,13.01,6.17,2.85,5.23,14.19,15.84,25.37,1.81
214,24,8,77.1049,20.049224.34,44.0,8.62,27.73,13.76,18.26,15.95,34.98,24.27,41.87,26.29,29.11,40.04,24.07,9.63,16.68,13.01,6.17,2.85,5.23,14.19,25.37,12.95,1.81
214,23,8,77.1049,19.435724.34,51.86,8.62,27.73,13.76,18.26,19.43,34.98,24.27,26.29,29.11,38.31,24.07,9.63,16.68,13.01,6.17,2.85,5.23,12.29,25.37,12.95,1.81
214,23,7,77.1049,19.506124.34,40.34,8.62,27.73,13.76,21.19,19.43,34.98,24.27,26.29,32.51,38.31,16.6,24.07,12.13,16.68,13.01,6.17,2.85,5.23,25.37,12.95,1.81
214,22,9,77.1049,20.265924.34,40.34,8.62,27.73,13.76,43.92,34.98,23.46,26.29,19.56,38.31,16.6,24.07,12.13,16.68,13.01,6.17,2.85,11.43,25.37,12.95,3.28
214,22,10,77.1049,20.998224.34,40.34,8.62,27.73,13.76,36.03,43.92,22.62,26.29,19.56,32.57,38.24,24.07,12.13,16.68,13.01,6.17,2.85,11.43,25.37,12.95,3.28
214,21,6,77.1049,23.262431.72,40.34,26.57,27.73,13.76,39.83,43.92,22.62,26.29,37.44,32.57,38.24,24.07,12.13,16.68,13.01,6.17,2.85,8.19,11.43,12.95
214,20,8,77.1049,23.48624.34,40.34,24.21,27.73,13.76,39.83,43.92,22.62,26.29,37.44,44.67,38.24,17.52,12.13,16.2,15.22,6.17,2.85,11.43,4.81
214,22,8,77.1049,21.751424.34,40.34,16.69,25.26,13.76,39.83,43.92,22.62,26.29,19.56,44.67,38.24,17.52,12.13,16.2,15.22,6.17,2.85,8.17,11.43,28.51,4.81
214,22,5,77.1049,22.198624.34,40.73,27.39,25.26,13.76,39.83,43.92,22.62,26.29,19.56,44.67,38.24,17.52,19.57,28.92,6.17,2.85,8.17,11.43,10.32,12.0,4.81
214,20,6,77.1049,23.23924.34,40.73,24.11,25.26,13.76,39.83,32.18,22.62,26.29,14.79,44.67,38.24,17.52,19.57,27.62,7.46,2.85,14.62,10.32,18.0
214,21,5,77.1049,24.031924.34,40.73,24.35,25.26,24.6,48.41,33.11,18.27,27.59,5.6,26.29,44.67,38.24,19.25,19.57,27.62,7.46,14.62,10.32,18.0,6.37
214,21,7,77.1049,23.251424.34,40.73,24.35,25.26,12.99,43.21,32.7,19.1,27.59,5.6,26.29,44.67,38.24,19.25,19.57,27.62,7.46,14.62,10.32,18.0,6.37
214,21,7,77.1049,22.944324.34,40.73,20.84,25.26,13.34,43.21,32.7,19.1,27.59,5.6,26.29,44.67,38.24,19.25,12.13,27.62,7.46,14.62,10.32,22.15,6.37
214,21,5,77.1049,24.135726.13,62.52,20.84,25.26,13.34,43.21,42.3,19.1,22.62,5.6,26.29,44.67,38.24,19.25,12.13,27.62,7.46,11.43,10.32,22.15,6.37
214,21,5,77.1049,24.831924.28,68.04,20.84,24.53,13.34,43.21,42.3,19.1,22.62,5.6,26.29,50.57,38.24,19.25,12.13,37.54,7.46,8.31,10.32,21.13,6.37
214,21,6,77.1049,26.555222.77,69.53,20.84,23.11,13.34,43.21,42.3,19.1,22.62,5.6,26.29,41.71,38.24,19.25,44.47,37.54,7.46,35.28,8.31,10.32,6.37
214,22,5,77.1049,25.734122.77,62.05,20.84,23.11,11.01,38.58,42.3,19.1,18.97,13.69,41.04,12.71,26.29,41.71,34.78,19.25,50.21,7.46,35.28,8.31,10.32,6.37
214,22,4,77.1049,25.557322.77,62.05,21.34,42.57,11.01,38.58,42.3,19.1,18.97,13.69,41.04,12.71,44.38,32.57,16.6,19.25,50.21,7.46,8.31,10.32,20.66,6.37
214,22,4,77.1049,24.044522.77,62.05,21.77,23.11,11.01,38.58,42.3,19.1,18.97,13.69,41.04,12.71,44.38,32.57,16.6,19.25,35.96,7.46,8.31,10.32,20.66,6.37
214,22,6,77.1049,23.170519.66,62.05,17.62,23.11,12.6,39.27,42.3,19.1,18.97,13.69,41.04,12.71,36.22,32.57,19.25,37.0,7.46,9.0,8.31,10.32,21.13,6.37
214,22,6,77.1049,22.191819.66,62.05,17.62,23.11,12.6,39.27,42.3,19.1,18.97,13.69,12.71,36.22,32.57,18.22,20.54,37.0,7.46,9.0,8.31,10.32,21.13,6.37
214,20,5,77.1049,23.323519.66,62.05,17.62,23.11,12.6,33.21,32.7,25.11,13.69,40.12,36.22,32.57,18.22,37.0,7.46,9.0,8.31,10.32,21.13,6.37
214,22,5,77.1049,21.156419.66,62.05,17.62,22.37,11.01,33.21,31.48,18.97,13.69,40.12,13.73,26.29,4.86,32.57,18.22,37.0,7.46,9.0,8.31,10.32,21.13,6.37
214,21,6,77.1049,22.462919.66,62.05,21.88,21.92,12.14,33.21,31.48,18.97,13.69,40.12,13.73,26.29,32.57,18.22,42.1,7.46,9.0,8.31,10.32,22.23,6.37
214,21,7,77.1049,22.25919.66,62.05,21.88,21.92,12.14,33.21,31.48,18.97,13.69,40.86,13.73,23.81,26.26,18.22,46.72,7.46,9.0,8.31,10.32,21.38,6.37
214,21,5,77.1049,23.93139.87,62.05,21.88,21.94,12.14,33.21,31.48,18.97,13.69,40.86,13.73,22.89,42.06,18.22,46.72,7.46,9.0,8.31,10.32,21.38,6.37
214,21,7,77.1049,23.1819.66,62.05,21.88,20.17,12.14,33.21,31.48,18.97,11.54,40.86,13.73,22.89,51.24,18.22,46.72,7.46,9.0,7.49,10.32,21.38,6.37
214,21,4,77.1049,25.3321.46,66.32,36.47,20.17,31.64,33.21,33.36,18.97,11.54,40.86,13.73,22.89,51.24,18.22,46.72,7.46,9.0,10.61,10.32,21.38,6.36
214,20,5,77.1049,27.552521.46,66.32,36.47,20.17,31.64,33.21,33.36,18.97,11.54,40.86,13.73,20.64,51.24,18.22,46.72,35.54,9.0,10.26,10.32,21.38
214,20,4,77.1049,27.279521.48,69.38,21.18,21.5,31.64,33.21,33.36,18.97,11.54,40.86,13.73,23.45,51.24,18.22,41.81,46.96,9.0,10.32,21.38,6.36
214,21,6,77.1049,25.535221.48,62.86,21.18,21.5,31.64,33.21,33.36,18.97,11.54,13.73,23.45,51.24,18.22,20.03,52.78,50.99,9.0,3.0,10.32,21.38,6.36
214,21,4,77.1049,26.595241.2,62.86,21.18,21.5,31.64,33.21,33.36,18.97,11.54,13.73,23.45,51.24,27.32,13.47,52.78,50.99,9.0,3.0,10.32,21.38,6.36
214,21,5,77.1049,24.624321.48,61.13,23.66,21.5,12.14,32.69,33.36,18.97,11.54,20.43,23.45,51.24,18.22,13.47,52.78,50.99,9.0,3.0,10.32,21.38,6.36
214,20,6,77.1049,25.335521.48,61.13,21.18,21.5,12.14,32.69,33.36,18.97,11.54,19.63,23.45,51.24,18.22,13.47,52.78,46.87,9.0,10.32,21.38,6.36
214,20,5,77.1049,25.741521.48,65.74,21.18,21.5,12.14,41.75,33.36,18.97,19.63,22.05,37.15,18.22,11.61,52.78,46.87,9.98,9.0,10.32,34.74,6.36
214,20,5,77.1049,26.10821.48,65.74,20.06,21.5,12.14,41.75,33.36,18.97,23.04,19.63,22.05,54.14,11.61,52.78,46.87,9.98,9.0,10.32,21.38,6.36
214,20,5,77.1049,26.064521.48,64.73,20.46,21.5,12.14,40.47,33.36,18.97,24.06,19.63,22.05,54.14,11.61,52.78,46.87,9.98,9.0,10.32,21.38,6.36
214,19,5,77.1049,26.91847.87,57.84,20.46,21.5,54.86,30.74,18.97,24.06,19.63,22.05,54.14,19.44,43.26,46.87,9.98,21.72,10.32,21.38,6.36
214,19,5,77.1049,26.21057.87,60.67,20.46,21.65,54.86,29.23,18.97,24.06,19.63,26.64,38.85,15.22,43.26,46.87,9.98,21.72,10.32,21.38,6.36
214,19,6,77.1049,25.36217.87,56.74,20.46,18.6,54.86,29.3,18.97,5.6,19.63,26.64,38.85,19.23,15.22,43.26,46.87,21.72,10.32,21.38,6.36
214,20,5,77.1049,24.6277.87,56.74,17.73,5.99,18.6,54.86,29.3,18.97,13.0,19.63,26.64,38.85,19.23,15.22,43.26,46.87,21.72,10.32,21.38,6.36
214,22,4,77.1049,23.20597.87,56.74,15.85,5.99,18.6,54.86,24.28,18.97,19.63,26.64,38.85,12.42,15.89,43.26,35.99,2.85,44.94,7.12,21.72,10.32,21.38,6.36
214,23,6,77.1049,21.13267.87,53.12,15.85,5.99,18.6,13.36,33.36,24.28,18.97,19.63,26.64,38.85,12.42,15.89,43.26,35.99,2.85,44.94,7.12,9.0,10.32,21.38,6.36
214,22,6,77.1049,23.22277.87,53.12,15.85,5.99,18.6,13.36,36.9,33.36,24.28,18.97,19.63,26.64,12.42,21.39,43.26,35.99,69.09,7.12,9.0,10.32,21.38,6.36
214,22,5,77.1049,24.547350.66,59.26,15.85,5.99,18.6,13.36,19.66,33.36,24.28,18.97,19.63,24.09,12.42,21.39,43.26,35.99,69.09,7.12,9.0,10.32,21.38,6.36
214,22,7,77.1049,23.36917.87,57.84,15.85,5.99,18.6,13.36,17.22,33.36,24.28,18.97,19.63,23.76,12.42,21.39,43.2,35.99,69.09,7.12,9.0,10.32,42.5,6.36
214,21,7,77.1049,24.32527.87,57.84,18.55,18.6,13.36,17.22,33.36,24.28,18.97,19.63,23.76,12.42,21.39,43.2,35.99,69.09,7.12,9.0,10.32,42.5,6.36
214,21,1,77.1049,27.91337.87,52.98,20.17,18.6,60.45,17.22,24.28,18.97,19.63,23.76,53.63,21.0,43.2,35.99,41.16,7.12,9.0,10.32,42.5,6.36,51.97
214,21,5,77.1049,24.79577.87,52.98,22.58,18.6,10.51,16.14,57.2,24.28,18.97,13.73,27.7,12.42,16.47,43.2,35.99,65.73,7.12,9.0,10.32,43.54,6.36
214,21,3,77.1049,23.63627.87,52.98,22.58,18.6,10.51,5.41,57.2,24.28,18.97,13.73,35.84,4.56,12.42,16.47,50.53,35.07,41.16,9.0,10.32,42.5,6.36
214,21,7,77.1049,21.55767.87,52.98,26.95,18.6,10.51,5.41,57.2,24.28,18.97,13.73,27.7,4.56,12.42,16.47,43.2,40.06,43.84,9.0,10.32,2.28,6.36
214,21,4,77.1049,23.74527.87,52.98,22.58,18.6,37.34,5.41,57.2,24.28,18.97,13.73,30.29,4.56,12.42,18.26,43.2,40.06,43.84,9.0,10.32,21.38,6.36
214,20,5,77.1049,22.26957.87,49.92,26.95,18.6,10.51,5.41,57.2,23.04,18.97,13.73,27.7,4.56,34.14,16.47,43.2,40.06,9.0,10.32,21.38,6.36
214,19,6,77.1049,23.637.87,49.92,26.95,18.6,10.24,18.18,57.2,24.48,18.97,13.73,27.7,28.34,16.47,43.2,40.06,9.0,10.32,21.38,6.36
214,18,4,77.1049,24.43947.87,49.92,26.95,18.6,10.24,18.18,46.34,24.48,13.73,27.7,28.34,16.47,43.2,40.06,29.77,10.32,21.38,6.36
214,18,5,77.1049,22.88067.87,49.92,26.52,18.6,10.24,18.18,42.96,21.0,13.73,27.7,28.34,16.47,43.2,40.06,9.0,10.32,21.38,6.36
214,17,5,77.1049,24.60717.87,52.46,22.4,18.6,60.52,18.18,23.12,13.73,27.7,28.34,15.08,43.2,40.06,9.0,10.32,21.38,6.36
214,18,8,77.1049,24.198959.92,22.4,18.6,9.57,18.18,42.96,23.12,13.73,27.7,28.34,4.6,43.2,40.06,7.2,9.0,10.32,50.32,6.36
214,18,8,77.1049,24.423359.92,24.32,18.6,9.57,18.18,42.96,23.12,13.73,29.23,28.34,38.05,30.17,40.06,8.61,9.0,29.08,10.32,6.36
214,18,7,77.1049,22.907859.92,24.32,18.15,9.57,18.18,42.96,23.12,13.73,25.41,28.34,27.68,30.17,40.06,9.0,3.67,10.32,21.38,6.36
214,20,5,77.1049,21.72352.46,23.66,34.64,9.57,18.18,42.96,23.12,13.73,25.41,28.34,25.68,43.27,5.28,7.46,9.0,39.35,3.67,10.32,12.0,6.36
214,19,7,77.1049,21.712652.46,19.32,16.6,9.57,18.18,42.96,23.12,13.73,25.41,28.34,25.68,43.27,7.46,9.0,45.09,3.67,10.32,12.0,6.36
214,18,6,77.1049,24.840652.46,19.32,16.6,61.4,18.18,27.65,13.73,24.05,28.34,25.68,43.27,7.46,9.0,39.35,40.29,3.67,10.32,6.36
214,18,6,77.1049,23.358952.46,19.32,16.6,61.4,27.89,24.67,13.73,18.94,28.34,25.68,43.27,7.46,9.0,39.35,3.67,10.32,12.0,6.36
214,18,7,77.1049,24.278952.46,16.93,15.36,61.4,24.67,13.73,25.46,18.94,44.23,25.68,54.49,32.21,7.46,9.0,3.67,10.32,14.65,6.36
214,18,6,77.1049,24.254455.79,16.93,15.36,61.4,24.67,13.73,25.46,18.94,44.23,25.68,53.9,7.46,9.0,29.03,3.67,10.32,14.65,6.36
214,18,5,77.1049,26.495652.46,16.93,34.62,61.0,24.67,13.73,25.46,18.94,44.23,25.68,53.9,7.46,29.03,33.81,3.67,10.32,14.65,6.36
214,19,3,77.1049,24.662.99,52.46,16.93,34.62,57.59,24.67,13.73,25.46,18.94,44.23,25.68,53.9,25.85,7.46,29.03,3.67,10.32,14.65,6.36
214,19,5,77.1049,24.19212.99,52.19,16.93,34.62,54.25,24.67,13.73,25.46,18.94,44.23,20.4,53.9,25.85,7.46,29.03,3.67,10.32,14.65,6.36
214,19,4,77.1049,24.59952.99,52.19,16.93,34.62,54.25,24.67,13.73,25.46,18.94,44.23,28.14,53.9,25.85,7.46,29.03,3.67,10.32,14.65,6.36
214,19,4,77.1049,22.39632.99,49.92,16.93,16.6,54.25,24.67,13.73,25.46,18.94,44.23,16.1,44.37,25.85,7.46,29.03,3.67,10.32,14.65,6.36
214,18,6,77.1049,23.499452.46,16.93,15.36,54.25,24.67,13.73,25.46,18.94,44.23,19.77,44.37,25.85,7.46,24.51,3.67,10.32,14.65,6.36
214,17,6,77.1049,25.562452.46,16.93,15.36,54.25,24.67,13.73,25.46,18.94,44.23,32.31,44.37,25.85,12.85,24.51,3.67,10.32,14.65
214,18,5,77.1049,24.516752.46,16.93,15.36,23.16,33.31,24.67,13.73,25.46,18.94,44.23,32.31,44.37,25.85,12.85,29.03,3.67,10.32,14.65
214,16,8,77.1049,26.270612.25,52.46,31.6,15.36,23.16,33.31,28.49,25.46,18.94,44.23,19.64,44.37,28.75,24.51,10.32,7.48
214,17,7,77.1049,25.764712.25,49.92,18.87,15.36,23.16,33.31,24.25,24.76,45.58,18.94,44.23,19.64,44.37,28.75,9.64,10.32,14.65
214,17,7,77.1049,26.057112.25,58.44,18.87,15.36,23.16,33.31,22.86,24.76,45.58,18.94,44.23,19.64,44.37,28.75,10.32,14.65,7.48
214,17,7,77.1049,24.409412.25,49.92,18.87,15.36,23.16,33.31,30.33,30.53,13.4,43.55,19.76,44.37,34.85,12.85,10.32,14.65,7.48
214,17,8,77.1049,23.748212.25,49.92,18.87,15.36,22.26,31.38,30.33,30.96,4.56,43.55,19.76,44.37,34.85,12.85,10.32,14.65,7.48
214,16,7,77.1049,24.146312.25,49.92,18.87,15.36,22.26,31.38,30.33,30.51,38.91,19.76,44.37,34.85,5.12,10.32,14.65,7.48
214,18,3,77.1049,21.297812.25,49.92,18.87,17.5,22.26,31.38,30.33,31.91,18.43,9.17,19.76,36.33,41.97,5.12,7.03,10.32,14.65,6.16
214,18,6,77.1049,21.334413.52,50.27,18.87,15.36,11.97,32.01,30.33,27.33,18.43,9.17,32.1,36.33,34.85,14.87,10.32,14.65,7.48,6.16
214,18,7,77.1049,21.077813.52,48.04,18.87,28.57,11.97,32.01,30.33,27.44,18.43,9.17,15.74,36.33,34.85,15.52,10.32,14.65,7.48,6.16
214,18,7,77.1049,19.911713.52,48.04,18.87,15.36,11.97,32.01,22.66,27.33,18.43,9.17,15.74,36.33,34.85,15.52,10.32,14.65,7.48,6.16
214,18,7,77.1049,20.528912.87,48.04,34.2,15.36,11.97,30.52,22.66,25.25,18.43,9.17,15.74,36.33,34.85,15.52,10.32,14.65,7.48,6.16
214,19,8,77.1049,19.693712.87,48.04,27.13,15.36,11.97,31.84,22.66,21.98,18.43,9.17,15.74,36.33,34.85,15.52,10.32,13.68,14.65,7.48,6.16
214,18,6,77.1049,20.071112.87,48.04,26.35,15.36,11.97,27.99,22.66,24.19,18.43,9.17,15.74,35.86,34.85,19.19,10.32,14.65,7.48,6.16
214,17,7,77.1049,20.160612.87,48.04,26.99,15.36,11.97,27.99,22.66,24.02,18.43,9.17,15.74,35.86,34.85,10.32,14.82,7.48,6.16
214,17,6,77.1049,20.945312.87,48.04,25.5,15.36,11.97,27.99,22.66,24.02,18.43,9.17,15.74,39.91,34.85,10.32,25.6,7.48,6.16
214,17,7,77.1049,20.8412.87,48.04,25.5,15.36,11.97,27.99,22.66,23.96,18.43,9.17,15.74,35.79,34.85,27.99,10.32,7.48,6.16
214,16,7,77.1049,22.017512.87,45.19,25.5,15.36,11.97,27.99,22.66,24.02,20.29,9.17,23.03,35.79,34.85,25.79,10.32,7.48
214,16,8,77.1049,22.622512.87,44.57,27.2,15.36,11.97,27.99,22.66,24.02,20.29,9.17,31.63,35.79,34.85,25.79,10.32,7.48
214,16,8,77.1049,24.03512.87,46.83,27.2,15.36,11.97,27.99,22.66,32.48,24.02,23.27,36.15,34.85,24.93,25.79,10.71,7.48
214,16,8,77.1049,25.072512.87,43.69,27.2,13.44,11.97,27.99,22.66,32.48,24.02,23.27,41.02,52.03,24.93,25.79,10.32,7.48
214,16,9,77.1049,24.346912.87,43.69,27.2,13.44,11.97,27.99,28.23,32.48,24.02,23.27,41.02,34.85,24.93,25.79,10.32,7.48
214,17,8,77.1049,22.444112.87,43.69,22.88,13.44,11.97,27.99,22.66,32.48,21.7,23.27,41.02,24.93,27.06,25.79,10.32,12.0,7.48
214,17,7,77.1049,22.699412.87,43.69,20.05,13.44,11.97,27.99,26.29,32.48,23.66,23.27,40.6,24.31,29.68,25.79,10.32,12.0,7.48
214,17,9,77.1049,20.912912.87,43.64,20.05,13.44,11.97,27.99,26.29,32.48,23.66,8.73,35.79,24.31,29.68,10.32,14.82,12.0,7.48
214,18,8,77.1049,21.812212.87,49.64,20.05,13.44,11.97,27.99,26.7,23.66,33.05,8.73,35.79,24.31,30.12,29.68,10.32,14.82,12.0,7.48
214,17,10,77.1049,22.6317.14,49.64,36.42,13.44,11.97,28.86,29.77,23.66,32.43,8.73,35.79,18.48,29.68,10.32,14.82,12.0,11.56
214,18,9,77.1049,23.899412.6,49.64,24.63,13.44,10.53,28.86,29.77,23.66,32.43,8.73,35.79,18.48,29.68,61.13,10.32,13.68,14.82,12.0
214,17,9,77.1049,22.718212.6,49.64,25.55,13.44,10.53,28.86,29.97,30.95,32.43,8.73,35.79,18.48,38.42,10.32,13.68,14.82,12.0
