270,53,130,109.3251,64.450958.8,69.78,95.9,71.57,17.0,49.17,72.85,84.61,50.95,29.8,32.85,179.75,78.76,64.4,77.07,96.85,62.25,61.6,62.1,61.69,93.26,56.0,69.7,111.3,35.65,93.2,32.5,43.38,120.9,32.3,62.5,80.35,73.4,57.24,13.7,83.11,32.35,53.1,55.55,37.35,50.1,85.87,51.2,67.2,56.7,46.1,39.7,56.3,75.25,66.89,91.35,46.0,68.65
270,50,123,109.3251,64.353658.8,74.17,57.6,95.9,28.7,71.57,69.16,67.15,58.34,72.85,105.97,50.95,29.8,32.85,179.75,109.13,104.11,92.6,118.4,52.36,62.25,61.6,96.62,61.69,102.83,56.0,88.2,35.65,98.37,32.5,58.98,43.38,32.3,73.4,13.7,53.1,55.55,37.35,50.1,35.2,67.2,56.7,46.1,39.7,56.3,31.75,91.35,46.0,68.65,35.0
270,56,111,109.3251,61.092158.8,25.7,57.6,191.61,28.7,71.57,69.16,67.15,58.34,72.85,84.61,65.72,67.11,45.87,32.85,50.0,109.13,122.3,118.4,52.36,62.25,99.4,61.69,102.83,24.5,56.0,88.2,34.2,38.65,35.65,88.43,32.5,37.9,43.38,26.5,103.5,32.3,73.4,66.9,13.7,32.35,53.1,55.55,37.35,50.1,35.2,67.2,56.7,46.1,39.7,56.3,91.35,46.0,68.65,35.0,78.8
270,55,101,109.3251,58.067858.8,25.7,57.6,125.98,28.7,71.57,69.16,67.15,46.67,58.34,72.85,88.3,65.72,67.11,48.8,45.87,32.85,87.52,12.5,50.0,100.41,57.7,118.4,52.36,72.98,105.38,102.83,38.31,56.0,88.2,34.2,50.36,32.31,35.65,88.43,32.5,37.9,43.38,26.5,53.34,103.5,73.4,13.7,32.35,37.35,50.1,35.2,56.7,46.1,39.7,56.3,91.35,46.0,68.65,35.0
270,53,96,109.3251,60.519158.8,25.7,57.6,125.98,28.7,71.57,69.16,67.15,50.79,58.34,69.7,76.8,99.33,71.07,45.87,165.64,36.4,87.52,12.5,50.0,123.02,57.7,118.4,52.36,72.98,26.8,115.43,102.83,24.5,111.01,88.2,34.2,38.65,32.31,35.65,88.43,32.5,37.9,80.63,26.5,53.34,103.5,13.7,32.35,37.35,50.1,30.25,35.2,46.1,39.7,56.3,46.0,35.0
270,54,89,109.3251,58.705722.7,25.7,52.8,132.46,28.7,71.57,69.16,67.15,50.79,58.34,69.7,76.8,113.35,29.6,69.69,36.4,87.52,12.5,50.0,123.02,57.7,118.4,52.36,72.98,26.8,107.49,102.83,24.5,89.25,88.2,34.2,82.76,48.09,32.31,35.65,95.42,98.22,142.57,26.5,53.34,55.64,33.85,13.7,32.35,37.35,50.1,30.25,30.3,46.1,39.7,56.3,46.0,35.0,25.95
270,59,80,109.3251,56.725687.38,22.7,25.7,52.8,132.46,28.7,71.57,69.16,67.15,50.79,31.2,82.94,127.62,67.69,29.6,36.4,87.52,12.5,50.0,123.02,57.7,118.4,52.36,72.98,107.49,102.83,24.5,75.75,88.2,34.2,48.09,32.31,35.65,73.17,74.67,18.75,32.5,16.8,86.27,26.5,53.34,33.85,59.4,13.7,32.35,37.35,50.1,30.25,87.75,173.65,30.3,35.2,24.5,46.1,39.7,56.3,46.0,35.0,25.95
270,63,71,109.3251,57.226722.7,25.7,52.8,115.86,28.7,71.57,69.16,67.15,46.67,31.2,65.2,113.88,104.18,30.3,52.04,29.6,73.7,12.5,82.74,123.02,57.7,118.4,52.36,18.15,110.58,104.06,102.83,50.84,75.75,88.2,85.6,48.09,58.59,73.17,74.67,18.75,32.5,41.96,8.4,75.2,76.89,26.5,33.85,59.4,13.7,58.4,32.35,26.9,37.35,50.1,30.25,87.75,173.65,30.3,35.2,24.5,44.67,46.1,39.7,56.3,46.0,35.0,25.95
270,70,69,109.3251,51.942622.7,123.65,52.8,28.7,71.57,69.16,44.6,67.15,119.4,31.2,77.29,99.67,96.8,30.3,36.94,52.04,29.6,62.71,12.5,38.5,11.5,82.74,76.35,57.7,118.4,52.36,18.15,35.1,74.53,102.83,50.84,119.56,88.2,34.2,48.09,58.59,31.35,73.17,74.67,18.75,32.5,41.96,37.9,8.4,75.2,76.89,26.5,33.85,59.4,13.7,58.4,32.35,26.9,37.35,50.1,30.25,87.75,34.4,46.2,30.3,35.2,24.5,44.67,46.1,47.9,39.7,56.3,46.0,35.0,25.95
270,72,60,109.3251,51.263622.7,25.7,52.8,41.75,93.21,46.76,71.57,69.16,67.15,31.2,77.29,99.67,96.8,30.3,36.94,52.04,64.32,62.71,12.5,38.5,11.5,82.74,27.7,101.02,77.07,18.15,35.1,79.8,102.83,24.5,129.0,88.2,34.2,48.09,31.35,73.17,74.67,18.75,32.5,41.96,37.9,37.24,62.2,66.59,52.71,76.89,70.4,33.85,59.4,28.8,52.0,58.4,32.35,26.9,37.35,50.1,30.25,153.56,34.4,46.2,30.3,35.2,24.45,20.75,44.67,46.1,39.7,56.3,13.7,46.0,35.0,25.95
270,70,59,109.3251,51.26322.7,25.7,52.8,41.75,93.21,32.1,71.57,101.95,67.15,68.35,69.64,77.29,99.67,96.8,30.3,36.94,52.04,64.32,62.71,44.7,12.5,38.5,11.5,82.74,54.98,101.02,42.4,18.15,35.1,77.32,113.73,24.5,94.89,34.2,48.09,31.35,101.18,78.0,18.75,32.5,156.7,37.9,8.4,33.85,59.4,28.8,52.0,58.4,32.35,26.9,37.35,50.1,30.25,87.75,34.4,46.2,30.3,35.2,51.2,24.45,20.75,44.67,46.1,39.7,56.3,13.7,75.25,46.0,35.0,25.95
270,67,60,109.3251,49.812222.7,61.69,52.8,41.75,71.36,32.1,71.57,76.91,99.62,68.35,67.15,77.29,99.67,96.8,30.3,36.94,52.04,82.24,62.71,85.73,12.5,38.5,11.5,82.74,28.2,101.02,18.15,35.1,77.32,24.5,94.89,34.2,23.7,48.09,31.35,73.17,78.0,18.75,32.5,156.7,37.9,8.4,29.8,40.13,33.85,59.4,28.8,52.0,58.4,32.35,26.9,37.35,50.1,30.25,34.4,46.2,30.3,56.27,35.2,51.2,24.45,20.75,44.67,46.1,39.7,46.0,25.95
270,66,54,109.3251,51.115622.7,61.69,52.8,41.75,71.36,32.1,71.57,90.07,52.44,68.35,67.15,106.82,99.67,96.8,30.3,36.94,52.04,82.24,62.71,85.73,12.5,38.5,57.3,11.5,82.66,28.2,101.02,74.43,18.15,33.6,77.32,24.5,94.89,34.2,14.0,48.09,31.35,73.17,59.21,32.5,156.7,37.9,8.4,29.8,40.13,59.4,28.8,23.85,32.35,26.9,37.35,50.1,30.25,34.4,46.2,30.3,56.27,35.2,82.84,24.45,20.75,44.67,46.1,39.7,72.5,46.0
270,68,48,109.3251,49.835622.7,156.74,52.8,41.75,32.1,71.57,81.53,52.44,83.02,67.15,69.9,99.67,91.29,30.3,44.09,52.04,64.32,54.5,68.18,62.71,85.73,12.5,38.5,22.65,57.3,11.5,82.66,28.2,101.02,63.22,31.8,16.1,33.6,77.32,77.79,24.5,94.89,34.2,14.0,48.09,31.35,73.17,59.21,32.5,52.23,37.9,8.4,29.8,40.13,28.8,23.85,32.35,39.33,26.9,37.35,50.1,30.25,34.4,30.3,56.27,35.2,82.84,24.45,44.67,46.1,39.7,17.55,89.35
270,68,48,109.3251,49.144422.7,103.02,52.8,41.75,32.1,71.57,81.53,52.44,83.02,66.91,69.9,99.67,67.82,44.09,52.04,93.6,54.5,31.6,62.71,85.73,12.5,38.5,22.65,57.3,11.5,82.66,28.2,154.12,63.22,16.1,33.6,77.32,99.59,24.5,94.89,34.2,14.0,31.35,45.07,59.21,32.5,64.06,37.9,8.4,29.8,25.25,40.13,25.11,28.8,23.85,32.35,39.33,26.9,37.35,50.1,30.25,34.4,30.3,56.27,35.2,82.84,24.45,46.1,39.7,17.55,37.6,46.0,89.35
270,69,46,109.3251,50.0004106.82,130.86,103.02,52.8,41.75,32.1,71.57,81.53,17.0,83.02,69.9,99.67,44.09,52.04,93.6,54.5,31.6,62.71,85.73,12.5,38.5,22.65,57.3,11.5,82.66,28.2,63.22,83.13,37.6,16.1,33.6,77.32,24.5,94.89,34.2,14.0,48.09,58.59,31.35,45.07,59.21,32.5,53.7,37.9,8.4,29.8,25.25,40.13,25.11,28.8,23.85,32.35,39.33,26.9,37.35,50.1,30.25,34.4,30.3,56.27,35.2,82.84,24.45,190.36,38.75,46.1,17.55,37.6,46.0
270,65,48,109.3251,48.961146.04,111.43,52.8,32.1,71.57,81.53,17.0,83.02,66.91,79.32,99.67,44.09,76.46,93.6,31.6,85.73,12.5,38.5,22.65,57.3,11.5,82.66,28.2,63.22,30.6,139.67,37.6,16.1,77.61,77.32,24.5,94.89,34.2,14.0,38.65,58.59,31.35,45.07,59.21,32.5,73.67,37.9,8.4,29.8,25.25,40.13,25.11,79.47,28.8,21.2,42.85,32.35,39.33,26.9,37.35,50.1,30.25,34.4,30.3,56.27,82.84,60.44,24.45,46.1,17.55
270,65,42,109.3251,49.446246.04,111.43,52.8,32.1,71.57,79.26,17.0,82.04,66.91,78.11,99.67,44.09,12.0,63.36,31.6,47.6,77.43,12.5,24.5,38.5,22.65,57.3,11.5,82.66,63.22,30.6,139.67,37.6,16.1,77.61,77.32,24.5,94.89,34.2,14.0,38.65,58.59,93.57,73.17,59.21,32.5,78.73,37.9,8.4,29.8,95.68,25.25,40.13,25.11,28.8,23.85,32.35,39.33,26.9,36.3,37.35,50.1,34.4,30.3,56.27,35.2,82.84,60.44,24.45,46.1
270,66,43,109.3251,47.519446.04,71.58,52.8,46.58,32.1,71.57,79.26,17.0,82.04,66.91,78.11,99.67,44.09,12.0,63.36,31.6,77.43,12.5,24.5,38.5,22.65,11.5,82.66,54.75,30.6,86.55,37.6,16.1,77.61,77.32,24.5,94.89,34.2,14.0,38.65,58.59,60.19,73.17,59.21,32.5,85.93,37.9,8.4,29.8,95.68,25.25,40.13,25.11,46.49,28.8,21.2,23.85,32.35,39.33,26.9,36.3,37.35,65.87,34.4,56.27,35.2,82.84,60.44,67.51,46.1,12.0
270,67,34,109.3251,48.830183.87,46.04,32.76,52.8,46.58,32.1,71.57,79.26,70.1,81.11,17.0,36.84,82.04,78.11,99.67,107.01,44.09,12.0,63.36,31.6,77.43,12.5,24.5,38.5,22.65,11.5,82.66,86.55,37.6,16.1,77.61,134.27,24.5,94.89,34.2,14.0,38.65,58.59,60.19,73.17,59.21,32.5,85.93,37.9,8.4,29.8,95.68,25.25,40.13,25.11,46.49,28.8,21.2,23.85,32.35,39.33,26.9,36.3,37.35,65.87,34.4,56.27,35.2,76.88,24.45,46.1,12.0
270,67,35,109.3251,48.26683.87,46.04,32.76,52.8,15.7,46.58,95.56,71.57,79.26,58.18,17.0,36.84,82.04,78.11,99.67,44.09,12.0,63.36,31.6,77.43,12.5,24.5,38.5,22.65,26.67,82.66,54.75,86.55,37.6,16.1,77.61,134.27,24.5,94.89,34.2,14.0,38.65,58.59,60.19,73.17,59.21,32.5,85.93,37.9,8.4,29.8,95.68,25.25,40.13,25.11,46.49,28.8,21.2,23.85,32.35,39.33,26.9,36.3,37.35,65.87,34.4,56.27,35.2,76.88,24.45,25.16,46.1
270,68,34,109.3251,49.302883.87,46.75,32.76,15.7,46.58,32.1,88.51,79.26,170.4,58.18,17.0,36.84,82.04,78.11,99.67,44.09,12.0,63.36,31.6,77.43,12.5,24.5,22.65,26.67,112.13,54.75,86.55,37.6,16.1,33.6,77.32,24.5,94.89,34.2,14.0,81.96,61.2,60.19,45.07,59.21,32.5,85.93,37.9,8.4,29.8,59.42,25.25,40.13,25.11,46.49,42.76,21.2,23.85,32.35,39.33,47.6,26.9,36.3,37.35,65.87,113.95,34.4,56.27,35.2,76.88,25.16,46.1,24.35
270,63,35,109.3251,50.2122135.37,32.27,32.76,15.7,53.7,32.1,88.51,79.26,58.18,17.0,36.84,82.04,122.03,87.31,58.7,44.09,63.6,31.6,77.43,12.5,24.5,22.65,26.67,54.75,86.55,37.6,16.1,77.32,66.0,94.89,34.2,14.0,68.26,84.04,63.34,82.36,69.95,59.21,32.5,85.93,37.9,29.8,25.25,40.13,64.0,25.11,43.8,42.76,21.2,23.85,32.35,39.33,47.6,26.9,37.35,65.87,34.4,56.27,35.2,76.88,25.16,46.1,24.35
270,62,36,109.3251,50.293183.87,32.27,15.7,76.0,71.57,79.26,58.18,17.0,37.02,88.44,122.03,102.0,87.31,58.7,44.09,62.94,31.6,97.84,12.5,24.5,22.65,26.67,54.75,37.6,16.1,77.32,66.0,23.1,34.2,14.0,68.26,63.34,82.36,80.06,65.65,59.21,32.5,137.62,37.9,8.4,29.8,76.04,25.25,40.13,64.0,33.94,38.13,42.76,21.2,23.85,32.35,39.33,47.6,26.9,37.35,65.87,34.4,56.27,76.88,25.16,46.1,24.35
270,62,38,109.3251,50.477732.27,15.7,75.31,100.48,73.03,79.26,58.18,17.0,37.02,68.18,122.03,79.66,58.7,28.2,44.09,62.94,31.6,72.93,12.5,24.5,22.65,26.67,54.75,78.21,37.6,16.1,77.32,66.0,23.1,34.2,14.0,68.26,64.89,63.34,82.36,80.06,65.65,59.21,32.5,137.62,37.9,8.4,29.8,76.04,25.25,40.13,64.0,33.94,38.13,21.2,23.85,86.73,47.6,26.9,37.35,65.87,56.27,76.88,25.16,46.1,39.7,24.35
270,63,35,109.3251,50.411432.27,15.7,94.35,90.59,89.82,79.26,58.18,17.0,37.02,25.35,68.18,122.03,87.31,58.7,28.2,44.09,62.94,31.6,72.93,40.44,24.5,22.65,26.67,54.75,55.49,31.8,16.1,77.32,66.0,23.1,76.48,34.2,14.0,80.93,64.89,63.34,82.36,73.17,65.65,59.21,32.5,85.93,37.9,8.4,29.8,76.04,25.25,31.2,46.22,33.94,21.2,23.85,39.33,47.6,37.35,65.87,76.88,25.16,46.1,48.58,113.7,24.35,30.2
270,63,36,109.3251,48.97332.27,15.7,94.35,90.59,89.82,91.12,17.0,37.02,25.35,68.18,122.03,87.31,58.7,28.2,44.09,58.8,43.2,31.6,97.71,40.44,24.5,22.65,26.67,54.75,55.49,31.8,16.1,77.32,80.6,23.1,76.48,34.2,56.0,80.93,73.28,63.34,35.65,73.17,59.21,32.5,85.93,37.9,8.4,29.8,76.04,31.2,33.94,39.29,23.85,24.05,47.6,36.8,37.35,50.1,34.4,39.8,51.29,76.88,25.16,46.1,23.65,24.35,30.2
270,61,36,109.3251,50.783632.27,42.98,94.35,90.59,89.82,91.12,17.0,37.02,25.35,68.18,89.12,87.31,137.91,28.2,44.09,58.8,43.2,97.71,40.44,24.5,22.65,28.35,41.51,55.49,31.8,16.1,77.32,23.1,34.2,77.44,80.93,73.28,63.34,35.65,73.17,59.21,32.5,77.58,37.9,8.4,29.8,76.04,31.2,33.94,9.4,39.29,24.05,47.6,36.8,37.35,50.1,34.4,39.8,67.11,76.88,25.16,46.1,23.65,124.7,24.35,30.2
270,60,36,109.3251,50.014290.33,46.75,40.62,94.35,90.59,100.5,91.12,17.0,37.02,25.35,88.85,87.31,137.91,28.2,44.09,58.8,27.5,78.55,72.93,40.44,39.33,22.65,55.49,31.8,16.1,77.32,23.1,34.2,77.44,80.93,73.28,63.34,21.0,35.65,59.21,32.5,63.71,66.76,8.4,29.8,76.04,31.2,33.94,9.4,32.0,21.2,24.05,36.8,37.35,50.1,34.4,39.8,67.11,76.88,25.16,46.1,23.65,70.9,24.35,30.2
270,59,39,109.3251,50.286490.32,46.75,15.7,83.67,90.59,100.5,91.12,17.0,37.02,25.35,88.85,87.31,137.91,28.2,44.09,58.8,27.5,72.93,40.44,55.25,22.65,55.49,31.8,16.1,77.32,23.1,34.2,77.44,70.67,80.93,73.28,63.34,21.0,35.65,59.21,32.5,63.71,66.76,91.02,29.8,76.04,31.2,33.94,9.4,32.0,21.2,24.05,36.8,37.35,50.1,34.4,39.8,67.11,76.88,25.16,6.25,46.1,23.65,30.2
270,57,39,109.3251,50.810590.32,46.75,15.7,83.67,105.07,92.48,89.95,17.0,25.35,88.85,87.04,137.91,68.18,44.09,58.8,27.5,72.93,40.44,55.25,22.65,55.49,31.8,16.1,71.3,110.58,23.1,34.2,77.44,80.93,73.28,63.34,21.0,35.65,59.21,32.5,63.71,66.76,8.4,29.8,76.04,31.2,33.94,9.4,32.0,36.8,37.35,50.1,34.4,39.8,67.11,76.88,25.16,6.25,46.1,14.6,24.35,30.2
270,57,38,109.3251,50.150293.16,32.27,15.7,123.75,96.29,92.48,89.95,17.0,37.02,25.35,126.88,79.4,88.87,68.18,44.09,80.83,58.8,27.5,72.93,40.44,55.25,22.65,49.75,31.8,16.1,86.68,23.1,34.2,77.44,80.93,73.28,21.0,35.65,33.5,59.21,64.0,60.78,66.76,8.4,29.8,76.04,31.2,33.94,9.4,32.0,48.77,36.8,37.35,34.4,67.11,76.88,6.25,46.1,14.6,12.0,24.35,30.2
270,55,40,109.3251,50.200793.16,32.27,15.7,79.07,90.59,92.48,89.95,17.0,37.02,25.35,88.85,79.4,88.87,68.18,64.09,80.83,58.8,72.93,40.44,55.25,22.65,49.75,31.8,16.1,86.68,23.1,34.2,77.44,53.51,80.93,73.28,21.0,35.65,33.5,59.21,32.5,91.34,66.76,8.4,76.04,31.2,33.94,9.4,32.0,54.59,36.8,37.35,34.4,67.11,76.88,6.25,46.1,14.6,12.0,24.35
270,54,40,109.3251,50.162694.84,32.27,43.09,79.07,90.59,92.48,99.35,17.0,37.02,25.35,88.85,79.4,137.91,77.83,44.09,80.83,58.8,27.5,72.93,40.44,22.65,49.75,31.8,16.1,86.68,23.1,34.2,77.44,78.71,73.28,21.0,35.65,33.5,59.21,32.5,61.84,66.76,8.4,76.04,31.2,33.94,9.4,32.0,54.59,36.8,37.35,34.4,67.11,60.44,6.25,46.1,14.6,12.0,24.35
270,53,38,109.3251,52.946891.09,32.27,43.09,79.07,55.34,92.48,99.35,17.0,37.02,102.39,88.85,79.4,137.91,77.83,44.09,80.83,58.8,27.5,40.44,22.65,43.33,49.75,31.8,16.1,86.68,95.28,34.2,77.44,126.98,21.0,35.65,33.5,59.21,32.5,61.84,66.76,8.4,89.63,33.94,9.4,59.4,32.0,54.59,36.8,37.35,34.4,67.11,60.44,6.25,46.1,14.6,12.0,24.35
270,52,34,109.3251,52.647991.09,32.27,43.09,79.07,80.16,92.48,111.11,31.32,37.02,102.39,107.47,79.4,73.48,77.83,44.09,80.83,58.8,27.5,55.46,22.65,43.33,31.8,16.1,86.68,23.1,34.2,77.44,128.71,82.07,35.65,33.5,59.21,32.5,61.84,66.76,8.4,66.3,33.94,9.4,32.0,54.59,36.8,37.35,34.4,79.47,60.44,6.25,40.9,46.1,14.6,12.0,24.35
270,52,35,109.3251,52.578191.09,32.27,43.09,79.07,77.98,92.48,94.88,31.32,37.02,102.39,88.85,79.4,91.53,77.83,44.09,77.41,58.8,27.5,55.46,22.65,43.33,31.8,16.1,86.68,23.1,34.2,77.44,128.71,82.07,45.6,33.5,41.24,32.5,61.84,66.76,8.4,66.3,33.94,9.4,32.0,54.59,36.8,37.35,34.4,74.72,58.0,6.25,40.9,46.1,48.58,12.0,24.35
270,55,28,109.3251,53.424733.45,72.03,25.7,29.05,43.09,53.33,68.3,92.48,94.88,31.32,37.02,102.39,71.24,88.85,79.4,91.53,77.83,44.09,58.8,46.88,55.46,22.65,128.13,31.8,64.58,86.68,23.1,35.69,34.2,109.6,128.71,77.02,45.6,33.5,41.24,32.5,61.84,66.76,8.4,66.3,33.94,9.4,32.0,54.59,36.8,37.35,34.4,74.72,60.44,6.25,40.9,46.1,39.7,12.0,24.35
270,55,28,109.3251,51.755592.84,38.5,25.7,29.05,43.09,53.33,68.3,92.48,136.49,61.86,37.02,102.39,88.85,79.4,91.53,77.83,44.09,58.8,46.88,55.46,22.65,35.77,31.8,16.1,50.3,86.68,23.1,34.2,77.44,128.71,94.43,45.6,33.5,41.24,32.5,61.84,66.76,8.4,53.6,91.55,14.15,33.94,9.4,32.0,54.59,26.9,37.35,74.72,60.44,6.25,46.1,14.6,39.7,12.0,24.35
270,55,29,109.3251,51.281592.84,78.71,25.7,51.18,53.33,68.3,92.48,135.67,61.86,37.02,102.39,88.85,76.55,91.53,67.73,44.09,58.8,46.88,17.4,92.58,35.77,31.8,16.1,86.68,23.1,34.2,56.0,128.71,82.07,45.6,41.24,32.5,61.84,66.76,8.4,53.6,42.13,14.15,39.25,33.94,9.4,32.0,54.59,26.9,37.35,74.72,60.44,24.8,39.55,6.25,46.1,14.6,39.7,12.0,24.35
270,54,26,109.3251,53.438190.51,57.6,25.7,51.18,53.33,68.3,92.48,125.43,61.86,37.02,102.39,88.85,76.55,91.53,67.73,64.09,30.25,58.8,46.88,17.4,22.65,35.77,31.8,80.08,86.68,100.68,34.2,128.71,82.07,45.6,41.24,32.5,61.84,66.76,8.4,53.6,42.13,14.15,39.25,33.94,9.4,32.0,54.59,26.9,37.35,122.3,60.44,24.8,39.55,6.25,46.1,39.7,12.0,24.35
270,53,30,109.3251,52.271990.51,57.6,25.7,51.18,53.33,61.1,92.48,96.37,31.32,37.02,102.39,88.85,76.55,73.48,67.73,44.09,30.25,58.8,46.88,17.4,22.65,35.77,31.8,77.79,86.68,164.38,34.2,128.71,100.24,45.6,41.24,32.5,61.84,66.76,8.4,53.6,42.13,14.15,39.25,33.94,38.93,32.0,54.59,37.35,34.89,60.44,24.8,39.55,6.25,46.1,34.5,12.0,24.35
270,52,32,109.3251,52.568390.8,57.6,25.7,29.72,63.33,48.98,92.48,121.46,31.32,37.02,77.98,88.85,76.55,73.48,67.73,44.09,30.25,58.8,46.88,37.24,30.49,49.95,35.82,77.79,86.68,140.03,34.2,128.71,100.24,45.6,41.24,32.5,61.84,66.76,8.4,53.6,42.13,14.15,39.25,33.94,9.4,32.0,54.59,37.35,34.89,60.44,24.8,39.55,46.1,34.5,12.0,24.35
270,51,24,109.3251,55.403790.8,57.6,118.16,83.42,48.98,92.48,102.41,31.32,37.02,25.35,88.85,76.55,73.48,67.73,44.09,30.25,58.8,46.88,66.9,59.03,30.49,49.95,35.82,77.79,86.68,140.03,34.2,78.84,128.71,100.24,45.6,41.24,32.5,66.76,8.4,53.6,42.13,14.15,39.25,33.94,9.4,32.0,54.59,37.35,34.89,60.44,39.55,46.1,34.5,12.0,24.35
270,49,29,109.3251,52.533590.8,62.67,25.7,35.36,53.33,48.98,92.48,124.11,31.32,37.02,25.35,88.85,82.44,73.48,67.73,44.09,30.25,58.8,58.35,46.88,66.9,59.03,30.49,49.95,35.82,83.72,86.68,34.2,128.71,77.02,45.6,41.24,32.5,66.76,8.4,53.6,42.13,14.15,33.94,32.0,54.59,37.35,34.89,75.64,60.44,39.55,34.5,12.0,24.35
270,54,25,109.3251,51.571193.52,97.0,25.7,35.36,53.33,48.98,61.19,124.11,31.32,37.02,25.35,88.85,124.91,67.73,44.09,30.25,58.8,12.4,58.35,46.88,66.9,18.9,59.03,30.49,49.95,35.82,83.72,86.68,34.2,128.71,77.02,45.6,61.6,41.24,32.5,66.76,25.5,8.4,53.6,42.13,14.15,39.25,33.94,32.0,54.59,37.0,34.89,75.64,60.44,39.55,34.5,78.65,12.0,24.35
270,52,26,109.3251,52.3393.52,98.62,25.7,58.8,35.36,53.33,48.98,61.19,124.11,31.32,37.02,31.42,87.37,124.91,67.73,44.09,62.54,58.8,12.4,58.35,37.24,18.9,59.03,30.49,72.78,35.82,65.36,93.8,34.2,128.71,77.02,45.6,61.6,32.5,66.76,25.5,8.4,53.6,42.13,14.15,39.25,33.85,33.94,32.0,37.0,34.89,75.64,60.44,24.8,39.55,78.65,12.0
270,53,20,109.3251,54.0881.64,98.62,25.7,58.8,35.36,53.33,48.98,61.19,124.11,31.32,37.02,31.42,100.97,67.73,44.09,62.54,190.49,12.4,58.35,70.82,37.24,18.9,65.3,30.49,49.95,35.82,65.36,102.06,34.2,42.8,125.17,77.02,73.01,61.6,41.24,32.5,66.76,25.5,8.4,53.6,42.13,14.15,39.25,33.94,32.0,37.0,34.89,75.64,60.44,24.8,39.55,78.65,12.0
270,53,19,109.3251,52.382175.98,98.62,32.76,58.8,35.36,53.33,48.98,61.19,124.11,31.32,37.02,31.42,87.37,73.48,67.73,44.09,62.54,12.4,58.35,37.24,18.9,65.3,30.49,49.95,35.82,65.36,117.73,29.5,34.2,42.8,128.71,77.02,73.01,61.6,41.24,79.56,66.76,25.5,8.4,53.6,42.13,14.15,39.25,33.94,53.82,32.0,37.0,34.89,75.64,60.44,24.8,78.65,12.0
270,53,19,109.3251,51.958775.98,98.62,17.15,58.8,35.36,97.34,48.98,61.19,124.11,31.32,37.02,31.42,87.37,73.48,67.73,44.09,62.54,12.4,58.35,37.24,18.9,65.3,30.49,49.95,35.82,65.36,102.06,90.8,29.5,34.2,42.8,74.45,128.71,77.02,73.01,61.6,41.24,32.5,66.76,25.5,8.4,53.6,42.13,14.15,39.25,33.94,32.0,37.0,34.89,75.64,24.8,39.55,12.0
270,52,20,109.3251,54.099875.98,109.77,17.15,58.8,49.48,63.17,48.98,61.19,124.11,31.32,37.02,31.42,87.37,73.48,76.18,52.89,62.54,12.4,58.35,37.24,18.9,59.03,30.49,49.95,35.82,16.1,102.06,29.5,42.8,74.45,128.71,85.46,73.01,111.92,41.24,165.33,66.76,25.5,8.4,53.6,42.13,14.15,33.94,32.0,37.0,55.42,34.89,75.64,24.8,39.55,12.0,23.8
270,53,19,109.3251,51.401975.98,64.27,17.15,60.56,35.36,63.17,48.98,81.51,124.11,31.32,37.02,31.42,87.37,91.24,72.24,76.18,44.09,70.51,49.69,12.4,58.35,37.24,18.9,59.03,30.49,49.95,35.82,16.1,93.56,29.5,72.99,42.8,74.45,128.71,85.46,73.01,61.6,41.24,32.5,66.76,25.5,53.6,14.15,33.94,32.0,37.0,34.4,34.89,75.64,24.8,39.55,12.0,23.8
270,53,17,109.3251,53.488379.9,45.75,17.15,96.36,35.36,63.17,48.98,70.88,124.11,31.32,37.02,31.42,64.72,87.37,91.24,72.24,76.18,44.09,75.39,84.68,12.4,58.35,37.24,18.9,59.03,30.49,49.95,43.25,16.1,93.56,29.5,72.99,42.8,128.71,45.6,61.6,41.24,32.5,66.76,25.5,8.4,53.6,14.15,33.94,32.0,37.0,95.82,34.89,181.13,24.8,39.55,12.0,23.8
270,53,17,109.3251,52.262574.5,45.75,17.15,96.36,35.36,60.07,48.98,70.88,125.35,53.86,37.02,31.42,64.72,87.37,91.24,72.24,76.18,44.09,75.39,84.68,12.4,58.35,37.24,18.9,59.03,30.49,49.95,43.25,16.1,93.56,29.5,72.99,42.8,133.47,72.01,61.6,41.24,32.5,66.76,25.5,8.4,70.69,14.15,33.94,32.0,37.0,72.8,34.89,75.64,24.8,39.55,12.0,23.8
270,52,20,109.3251,50.833574.5,45.75,17.15,102.5,35.36,68.16,48.98,70.88,125.35,53.86,37.02,31.42,64.72,76.14,91.24,73.41,76.18,44.09,75.39,84.68,12.4,58.35,18.9,59.03,47.9,49.95,43.25,16.1,93.56,29.5,72.99,42.8,82.95,72.01,61.6,59.04,32.5,66.76,25.5,8.4,14.15,33.94,32.0,30.9,37.0,34.4,34.89,75.64,24.8,39.55,12.0,23.8
270,52,18,109.3251,50.189274.5,45.75,17.15,116.25,35.36,68.16,48.98,70.88,121.97,31.32,37.02,31.42,64.72,82.71,81.66,73.41,76.18,44.09,75.39,84.68,12.4,67.52,18.9,57.95,47.9,49.95,43.25,16.1,93.56,29.5,72.99,42.8,82.95,45.6,61.6,59.04,32.5,66.76,25.5,8.4,14.15,33.94,32.0,30.9,37.0,34.4,34.89,75.64,24.8,39.55,12.0,23.8
270,51,17,109.3251,50.775574.5,45.75,127.82,35.36,63.18,60.64,70.88,121.97,31.32,37.02,31.42,64.72,82.71,123.6,73.41,76.18,44.09,75.39,84.68,12.4,67.52,17.4,18.9,57.95,47.9,49.95,43.25,16.1,93.56,29.5,72.99,42.8,82.95,45.6,61.6,59.04,32.5,66.76,25.5,8.4,14.15,33.94,32.0,37.0,34.4,24.8,39.55,46.1,14.6,12.0,23.8
270,51,14,109.3251,55.144174.5,45.75,126.18,35.36,63.18,60.64,70.88,122.44,31.32,37.02,114.0,64.72,82.71,81.66,76.18,44.09,75.39,84.68,12.4,67.52,69.98,17.4,18.9,72.03,43.38,49.95,43.25,16.1,93.56,29.5,72.99,82.95,45.6,61.6,59.04,32.5,66.76,25.5,8.4,14.15,33.94,32.0,37.0,34.4,220.0,24.8,39.55,46.1,14.6,12.0,23.8
270,48,18,109.3251,50.955445.75,126.18,35.36,63.18,68.94,70.88,122.44,31.32,37.02,31.42,70.19,82.71,81.66,76.18,44.09,75.39,84.68,44.93,66.16,69.98,17.4,18.9,43.38,49.95,16.1,93.56,29.5,72.99,50.28,82.95,45.6,61.6,59.04,32.5,66.76,25.5,8.4,14.15,33.94,32.0,76.75,37.0,34.4,24.8,39.55,14.6,12.0,23.8
270,50,18,109.3251,51.5567.03,91.88,118.16,63.18,68.94,70.88,122.44,31.32,37.02,31.42,70.19,82.71,77.36,85.4,28.2,44.09,61.28,87.25,31.47,69.98,17.4,18.9,43.38,49.95,24.98,16.1,93.56,53.78,29.5,50.28,82.95,45.6,61.6,125.69,59.04,61.33,66.76,25.5,8.4,14.15,33.94,32.0,37.0,36.36,34.4,24.8,39.55,14.6,12.0,23.8
270,48,18,109.3251,52.846385.06,91.88,118.16,63.18,68.94,70.88,124.0,31.32,37.02,31.42,70.19,98.63,66.77,90.38,28.2,109.2,75.39,85.53,31.47,68.86,17.4,18.9,43.38,24.98,16.1,93.56,53.78,29.5,14.0,50.28,82.95,45.6,61.6,59.04,32.5,66.76,59.52,8.4,33.94,32.0,36.36,34.4,60.44,24.8,39.55,14.6,12.0,23.8
270,48,23,109.3251,49.74985.06,91.88,66.25,63.18,68.94,70.88,121.37,31.32,37.02,31.42,70.19,98.63,64.42,28.2,44.09,75.39,87.25,31.47,68.86,17.4,18.9,43.38,49.95,24.98,16.1,85.3,30.05,29.5,14.0,50.28,82.95,45.6,61.6,59.04,32.5,66.76,59.52,8.4,66.13,33.94,32.0,38.06,34.4,60.44,24.8,39.55,14.6,12.0
270,48,19,109.3251,54.371576.54,61.97,66.25,63.18,68.94,70.88,121.37,31.32,37.02,31.42,70.19,85.31,67.71,28.2,44.09,75.39,87.25,31.47,117.78,158.58,62.8,43.38,49.95,24.98,16.1,85.3,30.05,29.5,14.0,50.28,82.95,72.54,61.6,32.5,119.15,59.52,8.4,66.13,33.94,32.0,38.06,34.4,60.44,24.8,39.55,14.6,12.0,16.05
270,49,19,109.3251,52.443388.57,90.9,61.97,66.25,67.42,60.64,70.88,121.37,31.32,37.02,31.42,70.19,85.31,67.71,28.2,44.09,75.39,87.25,31.47,17.4,158.58,62.8,55.78,49.95,24.98,16.1,88.44,30.05,29.5,14.0,50.28,82.95,45.6,61.6,41.24,32.5,66.76,59.52,8.4,66.13,33.94,32.0,38.06,34.4,60.44,24.8,39.55,14.6,12.0
270,49,21,109.3251,52.196388.57,83.94,61.97,66.25,60.64,70.88,121.37,31.32,37.02,31.42,62.05,82.21,67.71,28.2,44.09,75.39,87.25,31.47,17.4,158.58,47.16,86.96,55.78,49.95,24.98,16.1,88.44,30.05,29.5,14.0,50.28,82.95,45.6,41.24,32.5,66.76,59.52,8.4,66.13,33.94,32.0,38.06,34.4,60.44,24.8,63.8,39.55,14.6,12.0
270,49,19,109.3251,52.4988.57,83.94,61.97,35.36,60.64,70.88,121.37,31.32,37.02,31.42,62.05,82.21,67.71,28.2,44.09,71.81,87.25,31.47,17.4,95.4,18.9,47.16,86.96,55.78,67.89,24.98,16.1,103.68,29.5,14.0,50.28,82.95,45.6,41.24,32.5,66.76,35.56,8.4,66.13,33.94,32.0,152.03,34.4,60.44,24.8,63.8,39.55,14.6,12.0
270,49,16,109.3251,53.346388.57,105.41,61.97,35.36,60.64,70.88,118.85,31.32,37.02,31.42,65.37,82.21,67.71,104.26,28.2,44.09,71.81,87.25,31.47,17.4,95.4,18.9,47.16,86.96,55.78,42.0,16.1,103.68,29.5,14.0,50.28,82.95,45.6,41.24,32.5,47.5,35.56,8.4,66.13,33.94,32.0,152.03,34.4,24.8,63.8,39.55,14.6,12.0,46.0
270,48,18,109.3251,52.336929.24,88.57,105.41,61.97,33.69,60.64,70.88,121.86,58.62,37.02,31.42,65.37,82.21,67.71,104.26,28.2,44.09,70.4,87.25,31.47,130.56,18.9,47.16,86.96,43.02,24.98,16.1,103.68,29.5,14.0,50.28,82.95,35.65,41.24,32.5,47.5,35.56,8.4,66.13,33.94,32.0,17.38,38.06,34.4,60.44,24.8,63.8,12.0
270,48,19,109.3251,51.795429.24,88.57,105.41,61.97,33.69,57.26,70.88,121.86,31.32,37.02,31.42,57.63,112.52,67.71,104.26,28.2,44.09,70.4,31.47,130.56,18.9,47.16,57.01,43.02,24.98,16.1,103.68,29.5,14.0,50.28,72.84,88.83,45.6,41.24,32.5,47.5,35.56,8.4,66.13,44.59,32.0,17.38,38.06,34.4,60.44,24.8,63.8,12.0
270,50,18,109.3251,50.73929.24,88.57,105.41,61.97,33.69,57.26,61.19,121.63,31.32,37.02,25.35,57.63,112.55,67.71,104.26,28.2,44.09,70.4,85.71,31.47,130.56,18.9,47.16,28.2,24.98,42.31,103.68,29.5,14.0,38.65,83.46,77.02,45.6,41.24,32.5,47.5,35.56,8.4,66.13,44.59,32.0,17.38,38.06,40.8,58.0,24.8,63.8,17.0,18.5,12.0
270,48,17,109.3251,51.237929.24,88.57,83.94,61.97,33.69,57.26,61.19,104.82,31.32,37.02,25.35,57.63,100.05,67.71,107.94,28.2,44.09,70.4,85.71,31.47,136.59,18.9,47.16,28.2,24.98,71.06,103.68,77.69,86.18,14.0,38.65,70.15,45.6,41.24,32.5,35.56,8.4,66.13,44.59,32.0,17.38,62.11,58.0,18.8,24.8,17.0,18.5,12.0
270,48,17,109.3251,53.185229.24,88.57,83.94,61.97,33.69,57.26,61.19,103.92,63.54,37.02,25.35,57.63,100.05,67.71,107.94,28.2,44.09,70.4,85.71,31.47,107.06,18.9,47.16,28.2,24.98,72.83,103.68,76.37,86.18,34.76,38.65,140.62,45.6,41.24,32.5,35.56,8.4,66.13,44.59,32.0,17.38,62.11,58.0,18.8,24.8,17.0,18.5,12.0
270,50,14,109.3251,51.29129.24,88.57,82.95,61.97,33.69,57.26,61.19,110.33,31.32,37.02,25.35,67.85,93.23,72.65,107.94,28.2,44.09,70.4,93.18,31.47,107.06,18.9,47.16,28.2,24.98,63.2,26.3,76.3,72.38,86.18,89.33,34.76,38.65,140.62,45.6,41.24,32.5,35.56,8.4,14.15,44.59,32.0,17.38,62.11,58.0,18.8,24.8,17.0,18.5,12.0
270,49,17,109.3251,52.328629.24,88.57,82.95,61.97,33.69,57.26,61.19,110.33,31.32,37.02,25.35,57.63,93.23,72.65,107.94,28.2,44.09,70.4,93.18,31.47,119.05,18.9,47.16,53.72,24.98,63.2,26.3,72.38,29.5,89.33,34.76,38.65,72.84,140.62,45.6,41.24,32.5,112.55,8.4,14.15,32.0,17.38,62.11,58.0,18.8,24.8,17.0,18.5,12.0
270,50,16,109.3251,52.031429.24,76.54,82.95,61.97,33.69,57.26,61.19,110.33,31.32,37.02,25.35,57.63,93.23,72.65,105.8,28.2,44.09,70.4,93.18,31.47,131.08,18.9,47.16,98.16,24.98,63.2,26.3,72.38,29.5,89.33,34.76,38.65,72.84,140.62,45.6,34.0,41.24,32.5,35.56,8.4,14.15,44.59,17.38,87.68,58.0,18.8,24.8,17.0,18.5,12.0
270,50,18,109.3251,50.61929.24,76.54,82.95,61.97,33.69,57.26,61.19,110.33,31.32,37.02,66.13,57.63,93.23,72.65,28.2,44.09,70.4,93.18,31.47,119.05,18.9,47.16,98.16,24.98,63.2,26.3,72.38,29.5,89.33,34.76,38.65,72.84,140.62,45.6,34.0,41.24,32.5,35.56,8.4,14.15,44.59,32.0,17.38,62.11,58.0,18.8,24.8,17.0,18.5,12.0
270,49,14,109.3251,51.590429.24,76.54,98.79,61.97,38.3,57.26,61.19,110.33,31.32,37.02,66.13,57.63,93.23,72.65,28.2,44.09,67.64,93.18,31.47,127.69,113.42,18.9,47.16,24.98,63.2,26.3,72.38,29.5,89.33,34.76,38.65,90.34,140.62,45.6,34.0,41.24,32.5,35.56,8.4,14.15,44.59,32.0,17.38,58.0,18.8,24.8,17.0,18.5,12.0
270,49,19,109.3251,50.571629.24,76.54,82.95,61.97,29.44,57.26,70.08,110.33,31.32,53.69,66.13,59.71,93.23,72.65,28.2,44.09,67.64,93.18,31.47,127.69,113.42,18.9,24.98,63.2,26.3,72.38,29.5,89.33,34.76,38.65,140.62,45.6,34.0,41.24,32.5,35.56,8.4,53.6,46.5,14.15,44.59,32.0,42.54,17.38,18.8,24.8,17.0,18.5,12.0
270,49,17,109.3251,49.883929.24,67.36,70.0,61.97,60.5,75.22,57.26,71.94,110.33,31.32,72.72,66.13,96.82,81.01,28.2,44.09,67.64,28.2,31.47,127.69,113.42,18.9,69.08,24.98,63.2,26.3,72.38,29.5,23.0,34.76,38.65,140.62,35.65,34.0,41.24,32.5,35.56,8.4,53.6,46.5,14.15,44.59,32.0,42.54,17.38,24.8,17.0,18.5,12.0
270,48,17,109.3251,49.011329.24,66.08,121.3,29.44,75.22,57.26,71.94,110.25,31.32,72.72,66.13,55.87,96.82,81.01,28.2,10.3,44.09,67.64,28.2,31.47,73.09,113.42,18.9,69.08,24.98,63.2,26.3,78.13,29.5,23.0,34.76,38.65,140.62,35.65,41.24,32.5,35.56,8.4,53.6,46.5,14.15,44.59,42.54,17.38,24.8,17.0,18.5,12.0
270,49,17,109.3251,49.063529.24,66.08,107.32,29.44,75.22,57.26,71.94,110.25,31.32,72.72,66.13,55.87,96.52,81.01,28.2,10.3,44.09,67.64,28.2,31.47,52.62,113.42,18.9,51.33,24.98,63.2,26.3,72.91,29.5,26.5,23.0,34.76,38.65,140.62,35.65,41.24,32.5,35.56,8.4,53.6,129.29,14.15,44.59,42.54,17.38,24.8,17.0,18.5,12.0
270,47,16,109.3251,50.6529.24,66.08,103.47,57.08,29.44,98.19,57.26,71.94,106.96,66.18,72.72,66.13,55.87,95.95,81.01,28.2,10.3,44.09,98.05,28.2,31.47,113.67,18.9,57.01,24.98,63.2,26.3,95.37,29.5,26.5,23.0,38.65,140.62,35.65,32.5,35.56,8.4,53.6,46.5,14.15,33.85,44.59,42.54,17.38,24.8,17.0,18.5
270,47,17,109.3251,49.350229.24,66.08,103.47,57.08,29.44,98.19,57.26,71.94,101.39,46.32,72.72,66.13,55.87,96.3,81.01,28.2,10.3,44.09,98.05,28.2,31.47,104.5,18.9,57.01,24.98,63.2,26.3,95.58,29.5,26.5,23.0,38.65,64.97,35.65,32.5,35.56,8.4,112.13,46.5,14.15,33.85,44.59,42.54,7.45,24.8,17.0,18.5
270,46,18,109.3251,49.986129.24,66.08,103.47,57.08,29.44,98.19,57.26,71.94,109.3,46.32,62.3,66.13,55.87,128.58,81.01,28.2,44.09,98.05,28.2,31.47,104.5,18.9,57.01,24.98,63.2,26.3,83.93,95.58,29.5,26.5,23.0,38.65,35.65,32.5,35.56,8.4,53.6,46.5,14.15,33.85,44.59,42.54,7.45,24.8,17.0,18.5
270,45,16,109.3251,50.259855.06,66.08,103.47,57.08,29.44,98.19,55.56,71.94,111.92,114.04,62.3,66.13,55.87,102.73,81.01,28.2,10.3,44.09,98.05,28.2,12.4,104.5,18.9,57.01,24.98,78.27,26.3,83.93,29.5,26.5,23.0,38.65,35.65,32.5,35.56,8.4,53.6,46.5,14.15,33.85,44.59,42.54,7.45,24.8,18.5
270,46,17,109.3251,48.661355.06,66.08,103.47,57.08,29.44,98.19,55.56,71.94,121.16,42.64,62.3,25.35,54.83,102.73,81.01,28.2,10.3,44.09,98.05,28.2,24.36,18.9,57.01,111.74,24.98,63.2,26.3,100.59,29.5,26.5,23.0,38.65,76.42,35.65,32.5,35.56,8.4,37.1,46.5,14.15,33.85,44.59,42.54,7.45,24.8,18.5
270,46,16,109.3251,49.162655.06,66.08,103.47,57.08,29.44,98.19,55.56,71.94,121.16,42.64,68.0,25.35,54.83,102.73,81.01,28.2,10.3,44.09,98.05,28.2,24.36,55.97,18.9,57.01,108.69,24.98,63.2,26.3,100.59,29.5,26.5,23.0,38.65,76.42,35.65,32.5,8.4,37.1,46.5,14.15,33.85,44.59,42.54,7.45,24.8,18.5
270,45,17,109.3251,49.510455.06,66.08,103.47,57.08,29.44,116.04,31.11,71.94,121.16,42.64,53.68,25.35,54.83,102.73,81.01,10.3,44.09,98.05,28.2,24.36,55.97,18.9,57.01,107.45,24.98,63.2,26.3,100.59,29.5,26.5,23.0,38.65,93.27,35.65,32.5,8.4,37.1,46.5,14.15,33.85,44.59,42.54,7.45,24.8,18.5
270,46,14,109.3251,52.537255.06,66.08,74.88,57.08,29.44,114.19,31.11,71.94,127.11,42.64,71.78,25.35,54.83,102.73,81.01,10.3,44.09,73.28,28.2,24.36,55.97,18.9,57.01,104.24,102.48,24.98,63.2,26.3,113.33,100.59,29.5,26.5,38.65,93.27,35.65,32.5,8.4,37.1,14.15,33.85,44.59,42.54,7.45,76.8,24.8,18.5
270,45,16,109.3251,51.747355.06,66.08,74.88,57.08,29.44,114.19,31.11,71.94,114.52,42.64,71.78,25.35,54.83,102.73,81.01,10.3,44.09,73.28,28.2,24.36,55.97,18.9,57.01,104.24,102.48,24.98,63.2,26.3,100.59,29.5,26.5,23.0,38.65,93.27,35.65,32.5,8.4,37.1,14.15,33.85,44.59,134.18,7.45,24.8,18.5
270,47,13,109.3251,50.820655.06,66.08,74.88,57.08,29.44,114.19,31.11,61.44,114.52,24.9,42.64,71.78,25.35,53.62,102.73,81.01,10.3,44.09,73.28,28.2,24.36,55.97,18.9,57.01,104.24,82.98,24.98,63.2,26.3,65.95,100.59,29.5,26.5,23.0,38.65,93.27,35.65,32.5,8.4,37.1,14.15,33.85,44.59,134.48,7.45,24.8,18.5
270,44,13,109.3251,55.516155.06,80.65,74.88,29.44,114.19,31.11,61.44,114.52,24.9,42.64,71.78,25.35,58.78,102.73,81.01,10.3,44.09,73.28,28.2,12.4,55.97,57.01,117.91,82.98,24.98,63.2,26.3,68.58,100.59,29.5,26.5,23.0,38.65,93.27,35.65,8.4,37.1,33.85,44.59,152.7,134.48,7.45,24.8,18.5
270,44,13,109.3251,53.3755.06,83.99,95.71,29.44,114.19,31.11,61.44,114.52,24.9,42.64,71.78,69.6,58.78,102.73,81.01,59.7,10.3,64.09,73.28,106.84,12.4,55.97,57.01,91.75,93.58,24.98,63.2,26.3,100.59,29.5,26.5,23.0,38.65,76.42,35.65,8.4,37.1,24.44,33.85,44.59,42.54,7.45,24.8,18.5
270,44,15,109.3251,51.623255.06,94.99,74.88,29.44,106.06,31.11,61.44,114.52,24.9,42.64,74.89,69.6,58.78,92.19,81.01,59.7,10.3,64.09,73.28,28.2,12.4,55.97,57.01,91.75,122.49,24.98,63.2,26.3,100.59,29.5,26.5,23.0,38.65,76.42,35.65,8.4,37.1,24.44,33.85,44.59,7.45,40.8,24.8,18.5
270,43,16,109.3251,51.100929.24,83.99,74.88,29.44,115.46,31.11,61.44,117.97,42.64,74.89,69.6,58.78,92.19,89.72,59.7,10.3,64.09,73.28,28.2,12.4,55.97,57.01,91.75,93.58,24.98,63.2,26.3,95.58,29.5,26.5,23.0,38.65,76.42,35.65,8.4,37.1,24.44,33.85,44.59,7.45,40.8,24.8,18.5
270,44,15,109.3251,52.650529.24,83.99,74.88,29.44,106.06,31.11,148.18,117.97,24.9,42.64,74.89,69.6,58.78,92.19,81.01,59.7,10.3,64.09,73.28,28.2,12.4,57.01,92.59,93.58,24.98,63.2,26.3,95.58,29.5,26.5,44.09,38.65,85.33,35.65,50.88,8.4,37.1,24.44,33.85,44.59,7.45,40.8,24.8,18.5
270,43,16,109.3251,51.255883.99,74.88,29.44,116.64,31.11,66.48,117.97,24.9,42.64,58.97,69.6,65.69,92.19,87.77,10.3,64.09,73.28,28.2,12.4,17.4,57.01,80.59,93.58,24.98,75.75,26.3,137.08,29.5,26.5,44.09,38.65,75.57,35.65,50.88,8.4,37.1,24.44,33.85,44.59,7.45,40.8,24.8,18.5
270,42,18,109.3251,53.213683.99,74.88,125.25,129.59,20.5,66.48,117.97,24.9,42.64,58.97,69.6,53.62,92.19,87.77,10.3,82.34,73.28,28.2,24.36,17.4,57.01,80.59,93.58,24.98,63.2,102.84,29.5,26.5,44.09,38.65,63.34,35.65,50.88,8.4,37.1,24.44,33.85,44.59,7.45,40.8,24.8,18.5
270,42,16,109.3251,52.978829.24,83.99,74.88,77.12,144.99,20.5,66.48,117.97,24.9,42.64,58.97,69.6,53.62,103.51,77.25,10.3,82.34,73.28,28.2,39.08,57.01,73.24,93.58,24.98,70.02,95.58,29.5,26.5,44.09,38.65,63.34,35.65,50.88,8.4,37.1,24.44,33.85,44.59,7.45,40.8,28.1,18.5
270,42,17,109.3251,52.513629.24,83.99,74.88,29.44,118.09,20.5,66.48,117.97,24.9,42.64,58.97,69.6,62.11,92.19,77.25,10.3,82.34,73.28,28.2,24.36,57.01,73.24,93.58,24.98,70.02,95.58,29.5,26.5,44.09,111.24,63.34,35.65,50.88,8.4,37.1,24.44,33.85,44.59,7.45,40.8,28.1,18.5
270,42,19,109.3251,50.583129.24,83.99,74.88,29.44,118.09,20.5,66.48,117.97,24.9,42.64,58.97,69.6,53.62,92.19,77.25,10.3,82.34,73.28,28.2,24.36,57.01,73.24,93.58,24.98,70.02,95.58,29.5,26.5,44.09,38.65,63.34,35.65,50.88,8.4,37.1,24.44,33.85,44.59,7.45,40.8,28.1,18.5
270,43,16,109.3251,52.561229.24,83.99,74.88,29.44,118.09,20.5,66.48,117.97,24.9,42.64,58.97,69.6,53.62,92.19,77.25,10.3,82.34,73.28,28.2,24.36,57.01,73.24,93.58,24.98,70.02,95.58,29.5,26.5,44.09,38.65,63.34,35.65,50.88,8.4,37.1,24.44,33.85,44.59,7.45,40.8,75.64,18.5,88.1
270,41,19,109.3251,52.823729.24,79.61,74.88,29.44,118.09,20.5,84.28,117.97,24.9,42.64,58.97,69.6,53.62,92.19,77.25,10.3,82.34,73.28,24.36,57.01,73.24,93.58,24.98,70.02,95.58,29.5,26.5,44.09,38.65,63.34,35.65,50.88,8.4,37.1,24.44,33.85,44.59,63.51,40.8,28.1,18.5
270,42,19,109.3251,54.216229.24,79.61,74.88,29.44,115.0,20.5,84.28,110.97,24.9,76.82,75.03,69.6,53.62,92.19,81.01,10.3,82.34,73.28,24.36,57.01,73.24,93.58,70.02,95.58,29.5,26.5,23.0,150.93,38.65,63.34,35.65,50.88,8.4,37.1,24.44,33.85,44.59,7.45,40.8,18.6,28.1,18.5
270,40,20,109.3251,54.713729.24,79.61,74.88,29.44,115.0,20.5,84.28,116.93,24.9,76.82,75.03,69.6,53.62,85.03,81.01,10.3,82.34,73.28,24.36,56.84,73.24,93.58,70.02,95.58,29.5,26.5,23.0,38.65,79.09,63.34,50.88,62.58,37.1,24.44,44.59,7.45,40.8,18.6,28.1,18.5
270,41,19,109.3251,53.088529.24,79.61,74.88,29.44,115.0,20.5,66.48,132.92,24.9,76.82,75.03,69.6,53.62,85.03,81.01,10.3,82.34,73.28,24.36,55.17,73.24,93.58,70.02,95.58,29.5,26.5,44.09,38.65,63.34,50.88,8.4,37.1,58.9,24.44,44.84,44.59,7.45,40.8,18.6,28.1,18.5
270,38,20,109.3251,54.996829.24,89.52,74.88,29.44,115.0,80.99,66.48,132.92,24.9,76.82,69.6,53.62,85.03,94.87,10.3,44.09,73.28,38.78,67.82,73.24,93.58,70.02,95.58,29.5,26.5,38.65,61.02,50.88,8.4,37.1,58.9,14.15,44.84,44.59,7.45,40.8,18.6,18.5
270,38,17,109.3251,57.003229.24,79.61,74.88,29.44,106.44,80.99,66.48,134.47,105.78,76.82,69.6,53.62,97.31,94.87,10.3,44.09,73.28,38.78,67.82,73.24,93.58,70.02,95.58,29.5,26.5,38.65,61.02,50.88,8.4,37.1,58.9,14.15,44.84,44.59,7.45,40.8,18.6,18.5
270,37,19,109.3251,61.565742.8,79.61,74.88,29.44,106.44,80.99,66.48,119.03,105.78,76.82,69.6,53.62,85.7,94.87,10.3,44.09,73.28,38.78,41.82,73.24,93.58,70.02,62.35,95.58,29.5,26.5,155.82,61.02,50.88,8.4,37.1,58.9,14.15,79.71,7.45,40.8,18.6
270,38,20,109.3251,54.763942.8,79.61,74.88,29.44,106.44,73.45,66.48,119.03,24.9,76.82,25.35,53.62,116.36,94.87,64.5,10.3,44.09,73.28,38.78,41.82,73.24,93.58,70.02,56.74,95.58,29.5,26.5,38.65,61.02,50.88,8.4,37.1,14.15,79.71,44.59,7.45,18.6,18.5
270,38,22,109.3251,53.488242.8,79.61,74.88,29.44,106.44,73.45,66.48,119.03,24.9,76.82,25.35,53.62,85.7,85.15,10.3,44.09,73.28,38.78,41.82,73.24,93.58,70.02,56.74,95.58,29.5,26.5,56.4,38.65,61.02,50.88,8.4,37.1,14.15,79.71,44.59,7.45,18.6,18.5
270,38,22,109.3251,53.488242.8,79.61,74.88,29.44,106.44,73.45,66.48,119.03,24.9,76.82,25.35,53.62,85.7,85.15,10.3,44.09,73.28,38.78,41.82,73.24,93.58,70.02,56.74,95.58,29.5,26.5,56.4,38.65,61.02,50.88,8.4,37.1,14.15,79.71,44.59,7.45,18.6,18.5
270,36,21,109.3251,59.451142.8,79.61,74.88,29.44,106.44,73.45,66.48,119.03,24.9,42.64,99.02,53.62,85.7,85.15,10.3,44.09,73.28,38.78,41.82,73.24,111.64,70.02,56.74,95.58,29.5,26.5,56.4,58.26,50.88,8.4,37.1,14.15,189.76,44.59,7.45,18.6
270,37,20,109.3251,59.703542.8,79.61,74.88,29.44,91.34,92.67,66.48,119.03,24.9,42.64,86.19,53.62,85.7,85.15,10.3,44.09,73.28,38.78,41.82,73.24,108.39,70.02,56.74,95.58,29.5,26.5,56.4,82.27,50.88,8.4,37.1,56.74,14.15,189.76,44.59,7.45,18.6
270,38,20,109.3251,58.149742.8,79.61,74.88,29.44,91.34,92.67,66.48,119.03,24.9,42.64,25.35,53.62,85.7,85.15,10.3,44.09,73.28,38.78,41.82,73.24,108.39,70.02,56.74,95.58,29.5,26.5,56.4,82.27,50.88,8.4,37.1,56.74,14.15,189.76,44.59,7.45,61.5,18.6
270,38,20,109.3251,59.563242.8,77.94,74.88,29.44,93.85,92.67,66.48,119.03,24.9,42.64,25.35,53.62,99.95,78.0,10.3,44.09,73.28,38.78,41.82,73.24,99.58,70.02,87.91,84.91,95.58,29.5,26.5,56.4,82.27,50.88,8.4,37.1,56.74,14.15,189.76,44.59,7.45,18.6
270,40,18,109.3251,55.083542.8,77.94,78.0,29.44,92.07,92.67,58.88,119.03,24.9,42.64,25.35,53.62,99.95,78.0,10.3,44.09,38.78,62.24,41.82,73.24,99.58,70.02,87.91,56.74,95.58,29.5,26.5,56.4,82.27,126.87,50.88,8.4,37.1,56.74,14.15,44.59,32.0,7.45,16.3,18.6
270,39,20,109.3251,53.720542.8,77.94,71.63,29.44,81.43,92.67,58.88,119.03,24.9,42.64,25.35,55.05,99.95,78.0,10.3,44.09,36.53,62.24,41.82,89.23,63.2,87.91,56.74,95.58,29.5,26.5,56.4,82.27,126.87,50.88,8.4,37.1,56.74,14.15,44.59,32.0,7.45,16.3,18.6
270,39,19,109.3251,55.419542.8,77.94,29.44,81.43,92.67,58.88,119.03,24.9,42.64,25.35,55.05,99.95,78.0,10.3,44.09,101.18,62.24,41.82,73.24,89.23,63.2,87.91,56.74,95.58,29.5,26.5,56.4,82.27,126.87,50.88,8.4,37.1,56.74,14.15,44.59,32.0,7.45,16.3,18.6
270,39,18,109.3251,55.579542.8,77.94,29.44,81.43,92.67,58.88,119.03,24.9,42.64,25.35,55.05,99.95,78.0,114.59,44.09,36.53,62.24,51.31,83.32,89.23,63.2,87.91,56.74,95.58,29.5,26.5,56.4,82.27,86.38,50.88,8.4,37.1,44.26,14.15,44.59,32.0,7.45,16.3,18.6
270,38,21,109.3251,52.221142.8,77.94,106.77,29.44,81.43,58.88,119.03,24.9,42.64,25.35,55.05,99.95,78.0,29.42,66.85,36.53,62.24,51.31,73.24,89.23,26.3,56.74,95.58,29.5,26.5,56.4,82.27,86.38,50.88,8.4,37.1,44.26,14.15,44.59,32.0,7.45,16.3,18.6
270,41,18,109.3251,54.618842.8,77.94,95.66,29.44,27.5,58.88,119.03,24.9,42.64,25.35,55.05,99.95,73.32,22.36,29.42,66.85,36.53,62.24,51.31,73.24,89.23,26.3,56.74,95.58,29.5,26.5,74.48,56.4,82.27,86.38,50.88,8.4,37.1,44.26,80.2,44.59,32.0,7.45,16.3,161.8,18.6
270,40,19,109.3251,52.234542.8,77.94,95.66,29.44,27.5,58.88,119.03,24.9,42.64,25.35,67.75,99.06,73.32,22.36,29.42,66.85,36.53,62.24,51.31,73.24,89.23,26.3,56.74,95.58,29.5,26.5,74.48,56.4,82.27,86.38,50.88,8.4,37.1,44.26,80.2,44.59,32.0,7.45,16.3,18.6
270,40,18,109.3251,53.18942.8,77.94,95.66,29.44,27.5,58.88,116.48,24.9,42.64,25.35,99.26,94.48,73.32,22.36,29.42,66.85,65.89,62.24,51.31,73.24,72.14,26.3,56.74,100.58,29.5,26.5,74.48,56.4,78.8,86.38,50.88,8.4,37.1,44.26,80.2,44.59,32.0,7.45,16.3,18.6
270,41,17,109.3251,52.281742.8,95.66,101.36,29.44,27.5,58.88,116.48,24.9,42.64,25.35,67.75,106.45,73.32,22.36,29.42,66.85,36.53,62.24,51.31,73.24,72.14,26.3,56.74,100.58,29.5,26.5,74.48,56.4,78.8,61.25,50.88,8.4,37.1,44.26,66.6,80.2,44.59,32.0,7.45,16.3,18.6
270,40,16,109.3251,52.47942.8,123.76,101.36,29.44,27.5,58.88,116.48,24.9,42.64,25.35,55.05,106.45,69.26,22.36,29.42,66.85,36.53,62.24,51.31,73.24,72.14,26.3,56.74,100.58,29.5,26.5,56.4,78.8,62.96,50.88,8.4,37.1,44.26,83.64,80.2,44.59,32.0,7.45,16.3,18.6
270,41,15,109.3251,52.906642.8,70.59,95.66,101.36,29.44,27.5,58.88,116.48,24.9,42.64,25.35,55.05,116.23,69.26,22.36,29.42,66.85,36.53,62.24,51.31,73.24,72.14,26.3,100.58,29.5,26.5,74.48,56.4,78.8,62.96,50.88,8.4,37.1,44.26,83.64,80.2,44.59,32.0,7.45,16.3,18.6
270,40,15,109.3251,54.639842.8,91.95,95.66,101.36,29.44,27.5,58.88,115.79,24.9,42.64,25.35,55.05,106.45,69.26,22.36,29.42,66.85,36.53,62.24,47.84,73.24,72.14,26.3,100.58,29.5,26.5,74.48,56.4,115.96,62.96,50.88,8.4,44.26,83.64,80.2,53.53,32.0,7.45,16.3,18.6
270,40,15,109.3251,54.552542.8,70.59,84.62,101.36,29.44,27.5,58.88,113.01,24.9,42.64,25.35,55.05,110.85,69.26,22.36,29.42,66.85,36.53,62.24,51.31,73.24,55.46,26.3,100.58,29.5,26.5,74.48,56.4,170.72,48.7,50.88,8.4,44.26,83.64,80.2,53.53,32.0,7.45,16.3,18.6
270,39,12,109.3251,56.293342.8,82.7,84.62,90.94,29.44,27.5,58.88,107.23,24.9,42.64,188.35,55.05,110.85,69.26,22.36,29.42,66.85,36.53,76.7,51.31,73.24,55.46,26.3,100.58,29.5,74.48,56.4,48.7,50.88,8.4,44.26,83.64,80.2,49.92,32.0,7.45,16.3,40.8,18.6
270,37,16,109.3251,56.256242.8,84.62,86.07,29.44,27.5,58.88,107.23,24.9,42.64,145.22,55.05,99.12,69.26,22.36,29.42,66.85,36.53,71.64,51.31,73.24,55.46,26.3,97.23,29.5,74.48,56.4,48.7,50.88,8.4,44.26,83.64,80.2,78.52,32.0,56.53,16.3,18.6
270,38,15,109.3251,55.104242.8,62.93,84.62,86.07,29.44,27.5,107.23,24.9,42.64,145.22,55.05,99.12,69.26,22.36,29.42,66.85,36.53,71.64,54.48,73.24,55.46,26.3,97.23,29.5,74.48,56.4,48.7,35.56,8.4,35.17,83.64,80.2,66.53,32.0,72.19,16.3,26.0,18.6
270,39,15,109.3251,56.894642.8,62.93,84.62,85.32,29.44,27.5,107.23,24.9,42.64,145.22,55.05,82.19,69.26,75.99,22.36,29.42,66.85,36.53,71.64,73.24,55.46,26.3,97.23,29.5,74.48,56.4,48.7,35.56,8.4,35.17,83.64,80.2,49.92,32.0,72.19,16.3,61.01,102.7,18.6
270,39,15,109.3251,56.423142.8,62.93,84.62,85.32,29.44,27.5,107.23,24.9,78.32,119.13,55.05,78.03,69.26,75.99,22.36,29.42,66.85,36.53,71.64,73.24,55.46,26.3,97.23,29.5,74.48,56.4,48.7,35.56,8.4,35.17,83.64,80.2,49.92,32.0,63.07,16.3,61.01,18.6,88.0
270,37,14,109.3251,55.927342.8,62.93,84.62,85.32,29.44,27.5,123.63,24.9,60.29,109.51,55.05,78.03,69.26,75.99,22.36,29.42,66.85,36.53,71.64,73.24,55.46,26.3,29.5,74.48,56.4,42.49,48.7,35.56,35.17,83.64,80.2,81.12,32.0,63.07,16.3,61.01,18.6
270,37,17,109.3251,55.458642.8,62.93,84.62,115.92,29.44,27.5,119.19,24.9,60.29,134.46,55.05,78.03,69.26,22.36,29.42,66.85,36.53,98.99,67.01,73.24,55.46,26.3,29.5,74.48,56.4,42.49,48.7,35.56,35.17,83.64,80.2,49.92,32.0,7.45,16.3,61.01,18.6
270,37,15,109.3251,55.417842.8,81.99,84.62,85.32,29.44,27.5,117.79,24.9,60.29,134.46,55.05,89.46,69.26,22.36,29.42,66.85,36.53,98.99,67.01,73.24,55.46,26.3,29.5,74.48,56.4,42.49,48.7,35.56,35.17,83.64,80.2,49.92,32.0,7.45,16.3,61.01,18.6
270,36,13,109.3251,57.8628106.25,81.99,84.62,88.62,29.44,27.5,119.77,24.9,60.29,115.99,55.05,89.46,109.04,22.36,29.42,99.25,36.53,71.64,67.01,67.15,55.46,26.3,29.5,74.48,42.49,48.7,35.56,35.17,83.64,80.2,49.92,32.0,7.45,16.3,61.01,18.6
270,35,13,109.3251,57.5129.24,87.93,84.62,88.62,29.44,27.5,119.77,24.9,42.64,115.99,55.05,102.76,109.04,22.36,29.42,99.25,36.53,71.64,67.01,67.15,55.46,26.3,74.48,42.49,54.58,48.7,35.56,35.17,83.64,80.2,49.92,32.0,16.3,48.59,18.6
270,35,11,109.3251,57.172929.24,87.93,84.62,88.62,48.26,27.5,117.27,24.9,71.58,121.9,55.05,102.76,109.04,22.36,29.42,66.85,36.53,71.64,67.01,67.15,47.71,26.3,74.48,48.7,35.56,35.17,83.64,80.2,49.92,32.0,7.45,16.3,48.59,18.6,66.8
270,36,13,109.3251,56.369229.24,87.93,84.62,88.62,29.44,27.5,117.67,24.9,83.66,115.99,55.05,102.76,109.04,22.36,10.3,66.85,36.53,71.64,67.01,67.15,47.71,26.3,74.48,42.49,48.7,35.56,52.29,83.64,80.2,49.92,32.0,7.45,16.3,48.59,18.6,66.8
270,36,13,109.3251,56.046929.24,87.93,84.62,88.62,29.44,27.5,122.96,24.9,45.73,115.99,55.05,102.76,84.53,22.36,10.3,71.9,36.53,71.64,67.01,67.15,47.71,26.3,74.48,56.4,42.49,48.7,35.56,52.29,83.64,82.9,49.92,32.0,7.45,16.3,48.59,66.8
270,36,14,109.3251,58.857222.5,87.93,83.86,100.59,15.7,27.5,122.96,24.9,45.73,115.99,55.05,102.76,84.53,22.36,10.3,71.9,36.53,71.64,23.15,67.01,67.15,47.71,26.3,74.48,56.4,42.49,48.7,35.56,52.29,83.64,49.92,32.0,7.45,186.49,48.59,66.8
270,36,13,109.3251,54.198322.5,87.93,83.86,83.52,15.7,27.5,124.8,24.9,45.73,115.99,55.05,102.76,84.53,22.36,10.3,71.9,36.53,92.73,23.15,67.01,62.11,47.71,26.3,76.13,56.4,42.49,48.7,35.56,52.29,83.64,49.92,32.0,7.45,16.3,48.59,66.8
270,37,13,109.3251,56.274622.5,81.99,97.98,83.52,15.7,27.5,120.69,24.9,45.73,115.99,55.05,102.76,73.14,22.36,10.3,71.9,36.53,92.73,23.15,67.01,62.11,47.71,26.3,68.03,29.5,136.28,42.49,48.7,72.62,52.29,83.64,49.92,32.0,7.45,16.3,48.59,66.8
270,38,12,109.3251,55.249722.5,81.99,97.98,83.52,15.7,88.89,121.15,24.9,45.73,115.99,55.05,89.46,86.24,22.36,10.3,71.9,36.53,92.73,23.15,67.01,62.11,47.71,26.3,68.03,29.5,56.4,42.49,48.7,72.62,35.56,52.29,83.64,49.92,32.0,7.45,16.3,48.59,66.8
270,39,9,109.3251,58.857722.5,81.99,97.98,83.52,15.7,27.5,111.39,24.9,47.95,115.99,55.05,89.46,86.24,22.36,10.3,99.63,36.53,92.73,23.15,67.01,62.11,47.71,26.3,85.81,77.65,188.27,56.4,42.49,48.7,72.62,35.56,52.29,66.6,49.92,32.0,7.45,16.3,48.59,66.8
270,36,12,109.3251,57.023122.5,81.99,97.98,100.36,15.7,27.5,111.39,24.9,47.95,115.99,55.05,92.55,86.24,22.36,10.3,71.9,36.53,92.73,23.15,67.01,70.78,47.71,26.3,72.27,77.65,29.5,136.28,42.49,72.62,52.29,66.6,49.92,32.0,7.45,16.3,48.59
270,37,14,109.3251,56.634322.5,81.99,97.98,102.43,15.7,27.5,111.39,24.9,47.95,115.99,55.05,89.46,86.24,22.36,10.3,71.9,63.78,36.53,92.73,23.15,67.01,62.11,47.71,26.3,72.27,77.65,29.5,136.28,42.49,48.7,72.62,52.29,66.6,32.0,7.45,16.3,38.36
270,36,15,109.3251,55.967822.5,81.99,97.98,102.43,15.7,27.5,111.39,24.9,47.95,98.03,55.05,83.07,86.24,64.9,22.36,10.3,71.9,36.53,124.7,23.15,62.11,47.71,26.3,72.27,77.65,29.5,136.28,42.49,48.7,52.29,66.6,50.26,32.0,7.45,16.3,38.36
270,38,14,109.3251,53.973222.5,81.99,97.98,86.96,15.7,27.5,111.39,24.9,47.95,98.03,55.05,83.07,86.24,64.9,89.09,10.3,71.9,36.53,92.73,23.15,71.68,47.71,26.3,72.27,77.65,29.5,56.4,42.49,48.7,51.6,35.56,52.29,66.6,50.26,32.0,7.45,16.3,38.36
270,37,13,109.3251,53.996522.5,132.44,97.98,86.96,15.7,27.5,111.39,24.9,47.95,98.03,55.05,83.07,94.61,64.9,22.36,10.3,71.9,55.18,36.53,90.01,23.15,71.67,47.71,26.3,72.27,77.65,56.4,42.49,48.7,51.6,35.56,66.6,50.26,32.0,7.45,16.3,22.5
270,38,14,109.3251,53.417622.5,132.44,97.98,86.96,15.7,27.5,111.39,24.9,47.95,84.41,55.05,83.07,85.75,88.83,22.36,10.3,71.32,31.2,90.01,23.15,71.67,47.71,26.3,72.27,77.65,56.4,42.49,48.7,51.6,35.56,52.29,66.6,50.26,32.0,7.45,16.3,22.5,39.35
270,38,15,109.3251,52.160822.5,81.99,97.98,103.72,15.7,27.5,110.14,24.9,47.95,84.41,55.05,83.07,85.75,88.83,22.36,10.3,71.32,31.2,90.01,23.15,71.67,47.71,26.3,72.27,72.08,29.5,56.4,42.49,48.7,51.6,35.56,52.29,66.6,52.86,32.0,7.45,16.3,22.5
270,37,15,109.3251,52.556222.5,81.99,97.98,103.72,15.7,27.5,110.14,24.9,47.95,85.89,55.05,83.07,85.75,88.83,22.36,10.3,71.32,31.2,102.6,23.15,71.67,47.71,26.3,72.27,72.08,29.5,56.4,42.49,48.7,35.56,52.29,66.6,52.86,32.0,7.45,16.3,22.5
270,37,10,109.3251,55.82722.5,81.99,97.98,111.09,15.7,27.5,110.14,24.9,47.95,85.89,55.05,83.07,85.75,88.83,22.36,10.3,71.32,31.2,90.01,23.15,71.67,47.71,26.3,72.27,72.8,72.08,29.5,56.4,42.49,48.7,35.56,52.29,152.04,52.86,7.45,16.3,22.5
270,37,12,109.3251,56.12722.5,92.48,97.98,101.75,15.7,27.5,110.14,24.9,47.95,85.89,64.94,79.47,85.75,85.45,22.36,10.3,71.32,31.2,90.01,23.15,63.69,137.01,26.3,83.43,72.08,29.5,56.4,42.49,48.7,107.4,35.56,52.29,52.86,32.0,7.45,16.3,22.5
270,35,15,109.3251,53.6292.48,97.98,101.75,15.7,27.5,107.79,24.9,47.95,85.89,64.94,87.64,85.75,85.45,22.36,10.3,71.32,31.2,71.64,23.15,63.69,47.71,26.3,83.43,72.08,29.5,56.4,42.49,48.7,39.2,35.56,52.29,52.86,32.0,16.3,22.5
270,35,14,109.3251,54.469792.48,97.98,91.36,15.7,27.5,106.67,24.9,47.95,85.89,64.94,87.64,85.75,85.45,22.36,10.3,71.32,31.2,71.64,23.15,63.69,47.71,26.3,83.43,72.08,29.5,56.4,42.49,48.7,39.2,35.56,52.29,73.25,52.86,16.3,22.5
270,34,15,109.3251,52.813292.48,103.28,91.36,15.7,27.5,116.62,24.9,50.85,85.89,64.94,87.64,85.75,76.8,22.36,10.3,71.32,31.2,71.64,23.15,63.69,47.71,26.3,76.47,29.5,56.4,42.49,48.7,39.2,35.56,52.29,52.86,32.0,16.3,22.5
270,33,12,109.3251,54.916792.48,103.28,91.36,15.7,27.5,127.06,24.9,50.85,85.89,64.94,95.95,85.75,80.23,22.36,10.3,71.32,31.2,71.64,23.15,63.69,47.71,26.3,76.47,29.5,56.4,85.61,39.2,35.56,52.29,52.86,32.0,16.3,22.5
270,33,13,109.3251,53.785292.48,108.05,106.85,15.7,27.5,128.28,24.9,50.85,85.89,64.94,83.52,85.75,22.36,10.3,71.32,31.2,71.64,23.15,76.96,63.69,47.71,26.3,76.47,29.5,56.4,42.49,39.2,35.56,52.29,52.86,32.0,16.3,22.5
270,33,11,109.3251,55.375572.33,111.83,108.05,91.36,15.7,27.5,128.28,24.9,50.85,85.89,64.94,77.51,85.75,22.36,10.3,71.32,31.2,71.64,23.15,95.58,47.71,26.3,76.47,29.5,56.4,42.49,39.2,35.56,52.29,52.86,32.0,16.3,49.87
270,32,13,109.3251,55.332872.33,111.83,108.05,94.12,15.7,27.5,128.28,24.9,50.85,85.89,64.94,77.51,85.75,22.36,10.3,71.32,31.2,71.64,23.15,76.96,47.71,26.3,76.47,29.5,56.4,42.49,39.2,35.56,52.29,55.65,32.0,22.5
270,31,12,109.3251,56.371972.33,108.05,94.12,15.7,27.5,112.39,128.28,24.9,50.85,85.89,64.94,77.51,91.57,22.36,10.3,71.32,31.2,71.64,23.15,76.96,47.71,26.3,76.47,56.4,42.49,39.2,35.56,52.29,55.65,32.0,22.5
270,34,11,109.3251,55.309172.33,65.23,108.05,89.94,15.7,27.5,93.42,128.28,24.9,50.85,85.89,64.94,77.51,82.67,22.36,10.3,71.32,31.2,71.64,23.15,76.96,47.71,26.3,76.47,29.5,56.4,42.49,39.2,35.56,52.29,34.6,32.0,22.5,91.35
270,33,10,109.3251,54.844872.33,65.23,103.45,105.06,15.7,27.5,93.42,128.28,24.9,50.85,85.89,64.94,77.51,82.67,22.36,10.3,96.52,31.2,71.64,23.15,76.96,47.71,26.3,76.47,29.5,56.4,42.49,39.2,35.56,52.29,32.0,22.5,19.6
270,33,10,109.3251,55.441872.33,65.23,103.45,89.94,15.7,27.5,93.42,130.32,24.9,50.85,85.89,64.94,86.73,82.67,22.36,10.3,71.32,31.2,71.64,23.15,76.96,47.71,26.3,76.47,29.5,56.4,42.49,39.2,35.56,101.05,32.0,22.5,19.6
270,33,12,109.3251,53.767972.33,65.23,103.45,94.12,15.7,27.5,93.42,128.88,24.9,50.85,85.89,64.94,77.51,82.67,22.36,10.3,71.32,31.2,71.64,23.15,76.96,47.71,26.3,76.47,29.5,56.4,42.49,39.2,35.56,52.29,32.0,22.5,19.6
270,33,13,109.3251,53.733672.33,65.23,103.45,94.28,15.7,27.5,93.42,128.88,24.9,50.85,85.89,64.94,76.22,82.67,22.36,10.3,71.32,31.2,71.64,23.15,76.96,47.71,26.3,76.47,29.5,56.4,42.49,39.2,35.56,52.29,32.0,22.5,19.6
270,33,12,109.3251,56.17772.33,65.23,103.45,94.28,15.7,27.5,93.42,128.88,24.9,50.85,85.89,64.94,76.22,82.67,77.81,22.36,10.3,71.32,31.2,71.64,23.15,47.71,26.3,76.47,29.5,56.4,42.49,119.86,35.56,51.41,32.0,22.5,19.6
270,33,12,109.3251,54.161872.33,65.23,100.29,97.19,15.7,27.5,93.42,128.88,24.9,50.85,85.89,64.94,90.63,82.67,77.81,22.36,10.3,71.32,31.2,71.64,23.15,47.71,26.3,76.47,29.5,56.4,42.49,39.2,35.56,51.41,32.0,22.5,19.6
270,33,11,109.3251,55.097672.33,100.29,107.77,15.7,27.5,47.85,93.42,128.88,24.9,85.89,64.65,85.04,95.75,77.81,22.36,10.3,69.63,63.04,71.64,23.15,47.71,26.3,76.47,29.5,69.54,42.49,39.2,35.56,28.98,60.47,32.0,22.5,19.6
270,32,10,109.3251,54.478472.33,100.29,97.19,15.7,27.5,47.85,87.53,128.88,24.9,85.89,64.65,76.22,107.72,77.81,22.36,10.3,67.97,22.85,71.64,23.15,47.71,26.3,76.47,42.49,39.2,35.56,28.98,60.47,32.0,22.5,79.3,19.6
270,32,14,109.3251,53.7272.33,100.29,97.19,15.7,27.5,47.85,87.53,128.88,24.9,85.89,55.44,76.22,74.58,77.81,22.36,10.3,67.97,22.85,71.64,23.15,47.71,26.3,77.73,96.12,42.49,39.2,35.56,28.98,60.47,32.0,22.5,19.6
270,32,12,109.3251,57.248172.33,118.31,92.36,97.19,15.7,27.5,47.85,87.53,24.9,85.89,72.85,76.22,74.58,77.81,22.36,10.3,67.97,22.85,71.64,23.15,47.71,26.3,79.78,96.12,154.43,39.2,35.56,28.98,60.47,32.0,22.5,19.6
270,31,12,109.3251,56.058172.33,129.02,78.85,97.19,15.7,27.5,47.85,104.12,24.9,85.89,55.44,76.22,74.58,77.81,22.36,10.3,67.97,22.85,71.64,23.15,91.63,26.3,79.78,96.12,42.49,39.2,35.56,28.98,60.47,32.0,19.6
270,32,14,109.3251,53.315672.33,129.02,78.85,97.19,15.7,27.5,47.85,87.53,24.9,73.23,55.44,76.22,76.61,77.81,22.36,10.3,67.97,22.85,71.64,23.15,47.71,26.3,79.78,113.06,42.49,39.2,35.56,28.98,60.47,32.0,22.5,19.6
270,32,13,109.3251,54.846972.33,129.02,78.85,97.19,15.7,27.5,47.85,87.53,24.9,73.23,55.44,76.22,76.61,77.81,71.36,10.3,67.97,22.85,71.64,23.15,47.71,26.3,79.78,113.06,42.49,39.2,35.56,28.98,60.47,32.0,22.5,19.6
270,31,11,109.3251,56.588472.33,129.02,78.85,97.19,15.7,27.5,47.85,87.53,24.9,55.44,110.35,74.65,98.16,10.3,67.97,22.85,71.64,23.15,47.71,79.78,102.97,42.49,70.3,39.2,35.56,28.98,60.47,32.0,22.5,57.3,19.6
270,31,13,109.3251,54.442372.33,129.02,78.85,97.19,15.7,27.5,47.85,87.53,24.9,55.44,105.84,76.61,67.61,10.3,67.97,22.85,71.64,23.15,47.71,79.78,69.54,42.49,70.3,39.2,35.56,28.98,60.47,32.0,22.5,57.3,19.6
270,32,10,109.3251,54.978772.33,130.4,78.85,97.19,15.7,27.5,69.12,58.88,24.9,55.44,110.35,76.61,67.61,10.3,67.97,22.85,71.64,23.15,47.71,79.78,77.78,69.54,42.49,70.3,39.2,35.56,28.98,63.59,32.0,22.5,49.5,19.6
270,31,12,109.3251,59.921972.33,130.4,78.85,97.19,15.7,27.5,47.85,58.88,24.9,67.48,55.44,105.84,76.61,67.61,22.85,71.64,23.15,47.71,79.78,77.78,69.54,42.49,70.3,39.2,102.28,97.09,63.59,32.0,22.5,49.5,19.6
270,31,12,109.3251,58.93972.33,130.4,65.52,93.83,15.7,37.96,47.85,58.88,24.9,67.48,51.25,105.84,76.61,67.61,80.75,22.85,71.64,23.15,47.71,77.78,69.54,42.49,96.37,39.2,35.56,28.98,63.59,32.0,22.5,137.24,19.6
270,30,13,109.3251,58.056772.33,130.4,65.52,94.85,15.7,37.96,47.85,58.88,24.9,67.48,51.25,105.84,76.61,67.61,80.75,22.85,71.64,23.15,47.71,77.78,116.88,42.49,70.3,39.2,28.98,79.19,32.0,22.5,49.5,19.6
270,31,12,109.3251,55.627172.33,130.4,78.85,94.85,15.7,37.96,47.85,76.74,24.9,67.48,67.95,105.84,76.61,67.61,77.74,22.85,71.64,23.15,47.71,29.5,69.54,42.49,70.3,39.2,35.56,28.98,63.59,32.0,63.02,22.5,19.6
270,31,12,109.3251,56.305572.33,130.4,65.52,94.85,15.7,55.9,47.85,76.74,24.9,67.48,51.25,105.84,76.61,67.61,77.74,55.97,71.64,23.15,47.71,29.5,69.54,42.49,70.3,39.2,35.56,28.98,63.59,32.0,63.02,22.5,19.6
270,31,12,109.3251,56.007472.33,122.78,65.52,94.85,15.7,55.9,47.85,76.74,24.9,67.48,51.25,105.84,76.61,67.61,77.74,22.85,103.14,23.15,47.71,29.5,69.54,42.49,70.3,39.2,35.56,28.98,63.59,32.0,63.02,22.5,19.6
270,31,12,109.3251,55.359786.42,122.78,59.84,94.85,15.7,55.9,47.85,76.74,24.9,67.48,51.25,105.84,76.61,67.61,80.75,22.85,71.64,23.15,47.71,29.5,69.54,42.49,70.3,39.2,35.56,28.98,63.59,32.0,63.02,22.5,19.6
270,31,12,109.3251,55.605572.33,122.78,59.84,94.85,15.7,37.96,47.85,76.74,24.9,67.48,60.38,105.84,76.61,67.61,80.75,22.85,71.64,23.15,47.71,29.5,69.54,42.49,100.82,39.2,35.56,28.98,63.59,32.0,63.02,22.5,19.6
270,31,12,109.3251,57.995872.33,122.78,65.52,94.85,15.7,146.03,47.85,76.74,24.9,67.48,51.25,105.84,76.61,67.61,80.75,22.85,71.64,23.15,47.71,29.5,69.54,42.49,70.3,39.2,35.56,28.98,63.59,32.0,63.02,22.5,19.6
270,30,10,109.3251,55.410772.33,122.78,65.52,94.85,15.7,37.96,47.85,76.74,24.9,88.32,51.25,111.88,91.79,67.61,80.75,22.85,71.64,23.15,47.71,29.5,42.49,70.3,39.2,35.56,28.98,63.59,32.0,63.02,22.5,19.6
270,31,12,109.3251,55.056872.33,122.78,65.52,94.85,15.7,37.96,75.95,76.74,24.9,67.48,51.25,105.84,78.99,67.61,80.75,22.85,71.64,23.15,47.71,29.5,69.54,42.49,70.3,39.2,35.56,28.98,63.59,32.0,22.5,49.5,19.6
270,31,9,109.3251,59.382672.33,122.78,65.52,109.75,15.7,146.03,47.85,113.78,24.9,67.48,51.25,110.35,78.99,67.61,80.75,22.85,71.64,23.15,47.71,29.5,69.54,42.49,70.3,39.2,35.56,28.98,61.27,32.0,22.5,49.5,19.6
270,30,10,109.3251,59.329372.33,122.78,65.52,94.85,15.7,37.96,47.85,82.22,24.9,67.48,51.25,110.35,78.99,67.61,80.75,22.85,71.64,23.15,47.71,29.5,69.54,42.49,70.3,39.2,35.56,28.98,65.02,32.0,161.8,19.6
270,29,10,109.3251,60.119372.33,122.78,65.52,94.24,15.7,37.96,47.85,76.74,24.9,64.7,51.25,110.35,91.31,79.63,80.75,109.31,71.64,23.15,47.71,29.5,92.99,42.49,70.3,39.2,35.56,28.98,65.02,32.0,19.6
270,28,13,109.3251,57.127172.33,122.78,65.52,94.24,15.7,37.96,47.85,74.91,24.9,70.16,51.25,125.34,90.32,67.61,80.75,22.85,71.64,23.15,47.71,68.06,56.4,42.49,70.3,39.2,35.56,28.98,32.0,19.6
270,28,13,109.3251,58.140772.33,122.78,65.52,94.78,15.7,37.96,47.85,74.91,24.9,70.16,51.25,123.45,90.32,67.61,80.75,22.85,71.64,23.15,47.71,68.06,56.4,72.22,70.3,39.2,35.56,28.98,32.0,19.6
270,29,9,109.3251,58.473172.33,124.94,65.52,89.11,15.7,37.96,50.56,74.91,24.9,70.16,51.25,123.45,99.04,89.09,80.75,22.85,71.64,23.15,47.71,68.06,56.4,14.0,70.3,39.2,35.56,28.98,32.0,96.6,19.6
270,28,13,109.3251,56.790472.33,122.43,65.52,89.11,15.7,37.96,50.56,74.91,24.9,70.16,51.25,123.45,90.32,91.33,80.75,22.85,71.64,23.15,47.71,68.06,56.4,14.0,70.3,39.2,35.56,28.98,32.0,19.6
270,28,14,109.3251,56.205772.33,122.43,65.52,89.11,15.7,37.96,50.56,74.91,24.9,70.16,51.25,106.93,90.32,91.33,80.75,22.85,71.64,23.15,47.71,68.06,56.4,14.0,70.45,39.2,35.56,28.98,32.0,19.6
270,28,13,109.3251,56.447972.33,122.43,65.52,89.11,15.7,37.96,50.56,74.91,24.9,70.16,51.25,104.87,90.32,91.33,80.75,22.85,71.64,23.15,47.71,76.9,56.4,14.0,70.45,39.2,35.56,28.98,32.0,19.6
270,29,11,109.3251,56.768672.33,124.94,65.52,89.11,15.7,37.96,50.56,45.35,24.9,70.16,51.25,104.87,90.32,91.33,80.75,22.85,71.64,23.15,47.71,76.9,56.4,14.0,70.45,39.2,35.56,28.98,32.0,92.8,19.6
270,28,11,109.3251,59.352170.31,128.2,65.52,89.11,15.7,37.96,50.56,152.48,24.9,70.16,51.25,104.87,90.32,91.33,80.75,22.85,71.64,23.15,47.71,76.9,56.4,14.0,70.45,39.2,35.56,28.98,32.0,19.6
270,28,13,109.3251,54.846170.31,124.17,59.84,89.11,15.7,37.96,50.56,45.35,24.9,70.16,51.25,104.87,90.32,91.33,80.75,22.85,75.91,23.15,47.71,76.9,56.4,14.0,56.85,39.2,35.56,28.98,32.0,19.6
270,29,10,109.3251,58.667970.31,124.89,59.84,89.11,15.7,37.96,50.56,45.35,24.9,70.16,51.25,104.06,90.32,91.33,80.75,22.85,71.64,23.15,47.71,85.14,56.4,14.0,56.85,39.2,35.56,28.98,32.0,161.8,19.6
270,29,13,109.3251,55.613170.31,124.2,59.84,89.11,15.7,37.96,50.56,45.35,24.9,70.16,51.25,103.94,122.23,91.33,80.75,22.85,71.64,23.15,47.71,78.55,56.4,14.0,48.7,56.85,39.2,35.56,28.98,32.0,19.6
270,31,11,109.3251,55.490670.31,73.74,59.84,89.11,15.7,37.96,50.56,45.35,119.34,24.9,64.22,51.25,103.94,90.32,91.33,80.75,22.85,71.64,23.15,47.71,78.55,56.4,14.0,48.7,56.85,39.2,35.56,28.98,32.0,76.4,19.6
270,30,12,109.3251,55.04770.31,80.88,59.84,89.11,15.7,37.96,50.56,45.35,114.85,24.9,64.22,51.25,108.89,90.32,91.33,80.75,22.85,71.64,23.15,47.71,78.55,56.4,14.0,48.7,56.85,39.2,35.56,28.98,32.0,19.6
270,29,13,109.3251,56.459370.31,92.32,59.84,89.11,15.7,37.96,50.56,45.35,114.85,24.9,64.22,51.25,108.89,90.32,91.33,80.75,22.85,71.64,23.15,47.71,78.55,56.4,48.7,56.85,39.2,35.56,17.45,32.0,19.6
270,29,12,109.3251,57.307670.31,92.32,59.84,88.9,15.7,37.96,50.56,45.35,114.85,24.9,64.22,51.25,108.89,90.32,91.33,80.75,71.64,23.15,47.71,105.85,56.4,48.7,56.85,39.2,35.56,17.45,32.0,20.36,19.6
270,29,13,109.3251,55.996670.31,92.32,59.84,85.63,15.7,37.96,50.56,45.35,114.85,24.9,64.22,51.25,105.89,90.32,91.33,80.75,71.64,23.15,47.71,105.85,56.4,48.7,56.85,35.56,17.45,32.0,7.45,20.36,19.6
270,31,13,109.3251,54.413570.31,92.32,59.84,87.92,15.7,37.96,55.01,45.35,111.24,24.9,64.22,51.25,105.89,90.32,66.48,80.75,76.01,49.9,23.15,47.71,26.3,109.92,56.4,48.7,56.85,35.56,17.45,32.0,7.45,20.36,19.6
270,31,13,109.3251,54.283570.31,92.32,59.84,87.92,15.7,37.96,55.01,45.35,111.24,24.9,64.22,51.25,105.89,78.99,66.48,80.75,77.03,49.9,23.15,47.71,26.3,85.14,87.46,48.7,56.85,35.56,17.45,32.0,7.45,20.36,19.6
270,32,11,109.3251,54.434470.31,92.32,59.84,87.92,15.7,37.96,55.01,45.35,111.24,24.9,64.22,51.25,105.89,90.32,66.48,80.75,76.01,49.9,23.15,47.71,26.3,85.14,87.46,48.7,56.85,35.56,17.45,32.0,7.45,48.8,20.36,19.6
270,30,13,109.3251,56.517770.31,92.32,59.84,83.36,37.17,37.96,55.01,45.35,114.85,24.9,64.22,51.25,101.77,122.23,32.51,80.75,76.01,57.11,51.74,26.3,85.14,87.46,48.7,56.85,35.56,17.45,32.0,7.45,20.36,19.6
270,30,14,109.3251,57.08970.31,92.32,59.84,83.36,37.17,37.96,55.01,45.35,114.85,24.9,64.22,51.25,101.77,90.32,32.51,77.8,76.01,57.11,51.74,80.62,82.82,87.46,48.7,56.85,35.56,17.45,32.0,7.45,20.36,19.6
270,30,14,109.3251,57.55270.31,92.32,59.84,83.36,37.17,37.96,55.01,45.35,111.24,24.9,64.22,51.25,101.77,90.32,32.51,95.3,76.01,57.11,51.74,80.62,82.82,87.46,48.7,56.85,35.56,17.45,32.0,7.45,20.36,19.6
270,29,13,109.3251,59.082870.31,92.32,94.48,83.36,37.17,100.4,55.01,45.35,111.24,24.9,64.22,101.77,90.32,32.51,76.01,57.11,51.74,36.31,80.62,82.82,87.46,48.7,56.85,35.56,17.45,32.0,7.45,20.36,19.6
270,27,13,109.3251,61.913370.31,90.76,99.77,83.36,64.92,102.8,63.15,45.35,112.02,24.9,64.22,101.77,90.32,32.51,76.01,57.11,23.15,80.62,82.82,87.46,48.7,56.85,35.56,17.45,7.45,32.72,19.6
270,27,12,109.3251,63.8122120.76,92.32,99.77,83.36,64.92,77.94,63.15,89.22,107.81,24.9,64.22,101.77,90.32,32.51,76.01,57.11,23.15,80.62,82.82,87.46,48.7,56.85,35.56,17.45,7.45,25.88,10.9
270,27,13,109.3251,62.828970.31,92.32,99.77,83.36,64.92,77.94,63.15,45.35,107.81,24.9,64.22,101.77,90.32,32.51,76.01,57.11,23.15,80.62,82.82,87.46,48.7,56.85,35.56,17.45,7.45,25.88,78.67
270,26,14,109.3251,61.144670.31,92.32,99.77,83.36,64.92,77.94,63.15,45.35,107.81,24.9,65.36,101.12,90.32,32.51,76.01,57.11,23.15,80.62,82.82,87.46,35.24,56.85,35.56,17.45,7.45,10.9
270,26,12,109.3251,62.429670.31,92.32,108.32,83.36,64.92,102.8,63.15,45.35,107.81,24.9,65.36,101.12,90.32,32.51,76.01,57.11,23.15,80.62,82.82,87.46,35.24,56.85,35.56,17.45,7.45,10.9
270,26,13,109.3251,61.117770.31,90.76,108.32,83.36,64.92,79.87,63.15,45.35,106.97,24.9,65.36,101.12,90.32,32.51,67.23,57.11,23.15,80.62,82.82,87.46,35.24,56.85,35.56,17.45,7.45,10.9
270,27,9,109.3251,62.294170.31,100.95,108.32,83.36,64.92,37.96,68.87,45.35,109.91,24.9,65.36,84.03,101.12,122.23,32.51,67.23,57.11,23.15,80.62,82.82,87.46,35.24,56.85,35.56,17.45,7.45,10.9
270,26,13,109.3251,58.620470.31,120.37,72.98,83.36,64.92,37.96,49.55,45.35,24.9,65.36,101.12,90.32,32.51,115.77,67.23,57.11,23.15,80.62,82.82,87.46,35.24,35.56,17.45,7.45,10.9,44.36
270,25,11,109.3251,60.927270.31,120.37,72.98,83.36,100.17,90.38,49.55,45.35,24.9,64.28,101.12,90.32,32.51,15.91,67.23,57.11,23.15,80.62,40.67,82.82,87.46,35.24,35.56,7.45,44.36
270,25,10,109.3251,59.078870.31,123.5,72.98,83.36,100.17,46.63,49.55,45.35,24.9,64.28,95.53,90.32,32.51,15.91,67.23,57.11,23.15,80.62,40.67,82.82,87.46,35.24,35.56,7.45,44.36
270,25,10,109.3251,59.066870.31,123.2,72.98,83.36,100.17,46.63,49.55,45.35,24.9,64.28,95.53,90.32,32.51,15.91,67.23,57.11,23.15,80.62,40.67,82.82,87.46,35.24,35.56,7.45,44.36
270,25,11,109.3251,58.834870.31,119.98,72.98,83.36,100.17,46.63,49.55,45.35,24.9,64.28,95.53,90.32,32.51,15.91,67.23,57.11,23.15,80.62,40.67,82.82,87.46,35.24,35.56,41.78,7.45
270,25,10,109.3251,59.215270.31,129.49,72.98,83.36,100.17,46.63,49.55,45.35,24.9,64.28,95.53,90.32,32.51,15.91,67.23,57.11,23.15,80.62,40.67,82.82,87.46,35.24,35.56,41.78,7.45
270,25,10,109.3251,59.16470.31,128.21,72.98,83.36,100.17,46.63,49.55,45.35,24.9,64.28,95.53,90.32,32.51,15.91,67.23,57.11,23.15,80.62,40.67,82.82,87.46,35.24,35.56,41.78,7.45
270,24,10,109.3251,60.672570.31,128.84,72.98,81.83,100.17,46.63,49.55,45.35,24.9,64.28,94.6,90.32,103.38,15.91,71.83,41.13,23.15,40.67,82.82,87.46,35.24,35.56,41.78,7.45
270,24,9,109.3251,61.397970.31,131.74,72.98,81.83,100.13,46.63,49.55,45.35,24.9,64.28,92.29,90.32,103.38,47.98,15.91,71.83,41.13,23.15,44.79,82.82,87.46,35.56,41.78,7.45
270,24,8,109.3251,61.845870.31,123.46,83.63,96.86,97.33,46.63,49.55,45.35,24.9,64.28,88.45,90.32,103.38,47.97,15.91,71.83,41.13,23.15,44.79,82.82,87.46,35.56,41.78,7.45
270,25,9,109.3251,63.568870.31,123.5,72.98,81.83,67.37,46.63,49.55,45.35,24.9,64.28,61.52,107.3,79.53,103.38,98.39,47.97,15.91,71.83,41.13,23.15,44.79,82.82,87.46,35.56,41.78
270,25,8,109.3251,64.310470.31,123.5,87.25,81.83,67.37,46.63,49.55,45.35,24.9,64.28,65.76,90.32,98.12,98.39,47.97,15.91,71.83,41.13,23.15,76.06,44.79,108.56,87.46,35.56,41.78
270,27,7,109.3251,62.445270.31,123.5,87.25,81.83,45.54,46.63,49.55,45.35,29.24,64.28,65.76,90.32,75.5,98.12,98.39,47.97,15.91,71.83,41.13,23.15,44.79,82.82,87.46,35.56,32.0,41.78,90.05
270,26,9,109.3251,61.320470.31,123.5,72.98,81.83,45.54,46.63,49.55,45.35,29.24,64.28,77.83,90.32,98.12,98.39,47.97,15.91,71.83,41.13,23.15,76.06,44.79,82.82,87.46,35.56,32.0,41.78
270,26,8,109.3251,61.880870.31,125.76,72.98,81.83,45.54,46.63,49.55,45.35,29.24,64.28,65.76,90.32,98.12,98.39,47.97,15.91,96.21,41.13,23.15,76.06,44.79,82.82,87.46,35.56,32.0,41.78
270,26,9,109.3251,60.236270.31,125.76,72.98,85.88,45.54,46.63,49.55,45.35,29.24,64.28,65.76,90.32,98.12,98.39,47.97,15.91,71.83,41.13,23.15,76.06,44.79,82.82,87.46,35.56,32.0,19.35
270,26,8,109.3251,60.871570.31,127.74,72.98,81.83,45.54,46.63,49.55,45.35,29.24,64.28,70.83,90.32,98.12,98.39,15.91,61.49,71.83,41.13,23.15,76.06,44.79,82.82,87.46,35.56,32.0,19.35
270,26,7,109.3251,60.795483.9,126.36,72.98,81.83,45.54,46.63,49.55,45.35,29.24,64.9,66.16,90.32,98.12,98.39,50.0,15.91,71.83,41.13,23.15,76.06,82.82,87.46,46.14,35.56,32.0,19.35
270,27,8,109.3251,58.490770.31,126.36,72.98,81.83,45.54,46.63,49.55,45.35,29.24,84.0,74.75,90.32,52.56,98.39,50.0,15.91,71.83,41.13,23.15,71.21,26.3,108.56,87.46,35.56,28.98,32.0,19.35
270,27,7,109.3251,59.787470.31,126.36,72.98,81.83,45.54,46.63,49.55,45.35,29.24,64.9,75.22,90.32,52.56,98.39,15.91,71.83,41.13,23.15,79.19,26.3,82.82,87.46,35.56,28.98,121.4,32.0,19.35
270,27,9,109.3251,54.315670.31,126.36,72.98,81.83,45.54,46.63,49.55,45.35,29.24,64.9,75.22,92.24,22.36,98.39,15.91,71.83,41.13,23.15,79.19,26.3,82.82,56.4,33.0,35.56,28.98,32.0,19.35
270,26,7,109.3251,54.250870.31,126.08,72.98,81.83,45.54,46.63,49.55,45.35,29.24,64.9,98.69,92.24,22.36,98.39,15.91,71.83,41.13,23.15,26.3,82.82,56.4,33.0,35.56,28.98,32.0,19.35
270,29,5,109.3251,56.1970.31,126.08,72.98,81.83,45.54,46.63,49.55,45.35,29.24,64.9,75.22,92.24,22.36,98.39,15.91,64.95,41.13,23.15,79.19,26.3,82.82,56.4,33.0,35.56,28.98,111.65,58.5,32.0,19.35
270,28,5,109.3251,55.56570.31,131.76,72.98,81.83,45.54,46.63,73.12,45.35,29.24,64.9,83.93,92.24,22.36,98.39,15.91,64.95,41.13,23.15,79.19,26.3,82.82,56.4,33.0,35.56,28.98,58.5,32.0,19.35
