351,87,120,18.581,10.706911.68,3.95,5.29,13.01,4.48,18.25,10.56,2.16,10.22,8.5,2.86,17.25,13.32,12.67,12.58,14.68,8.46,2.69,2.7,8.57,16.18,15.71,19.51,4.05,15.07,10.27,16.43,10.49,9.3,6.37,3.69,13.09,14.24,7.55,15.17,7.26,4.78,22.37,11.27,9.5,8.25,10.46,18.54,11.12,11.35,11.6,8.99,7.08,10.68,8.09,12.7,16.12,7.94,8.41,15.42,2.35,6.3,4.7,1.7,19.0,15.0,10.36,11.52,11.86,9.67,11.19,12.46,11.12,9.45,16.71,8.36,10.04,4.45,10.57,12.22,14.99,9.14,12.31,13.96,14.37,19.76,7.02,7.62,5.63,15.39,18.32,11.03
351,90,103,18.581,10.603413.45,3.95,5.29,10.81,4.48,13.64,14.88,14.71,2.16,10.22,8.5,2.86,17.25,12.67,12.58,14.68,8.46,2.69,2.7,20.42,12.4,19.51,4.05,16.41,15.07,2.25,10.27,16.43,10.49,9.3,6.37,3.69,13.09,14.24,7.55,15.17,7.26,12.48,4.78,16.29,11.27,9.5,8.25,16.3,18.54,11.12,11.35,5.0,8.99,7.08,10.68,8.09,12.7,16.12,7.94,8.41,15.42,2.35,6.3,4.7,1.7,11.94,15.0,10.36,11.52,11.86,9.67,15.66,11.37,12.46,11.12,9.45,16.92,8.36,4.99,12.22,14.99,9.14,12.31,13.96,14.37,19.76,4.33,7.02,7.62,5.63,15.39,12.23,18.32,11.03
351,87,104,18.581,10.69816.88,3.95,5.29,10.81,4.48,13.64,14.88,15.38,2.16,10.22,5.15,2.86,17.25,12.67,12.58,14.68,8.46,2.69,2.7,20.42,12.86,16.41,15.07,2.25,10.27,16.43,10.49,9.3,8.43,7.8,13.09,18.7,12.34,7.55,15.17,7.26,12.48,4.78,16.29,13.14,9.5,8.25,16.3,21.3,11.12,11.35,5.0,8.99,7.08,8.09,12.7,16.12,7.94,8.41,15.42,2.35,6.3,4.7,11.03,12.98,1.7,11.94,11.13,15.0,10.36,13.66,11.52,9.67,15.66,11.37,12.46,11.12,9.45,16.92,8.36,4.99,12.22,14.99,12.31,14.37,4.33,7.02,7.62,5.63,15.39,18.32,11.03
351,81,106,18.581,10.941516.88,3.95,5.29,10.81,4.48,13.64,14.88,17.44,2.16,10.22,5.15,2.86,17.25,12.67,12.58,14.68,8.46,2.69,2.7,20.85,16.41,15.07,2.25,10.27,12.71,10.49,12.24,9.16,8.43,7.8,13.09,18.7,12.34,12.46,15.17,7.26,14.97,13.84,4.78,13.14,9.5,8.25,16.3,21.3,11.12,11.35,5.0,13.3,8.09,12.7,16.12,7.94,15.34,6.3,4.7,11.03,12.98,1.7,19.0,11.13,15.0,10.36,9.67,15.66,11.37,12.46,15.42,2.49,9.45,16.92,19.18,4.99,12.22,12.31,14.37,4.33,7.02,7.62,5.63,15.39,11.03
351,81,100,18.581,10.918616.88,2.49,12.16,18.67,4.48,13.64,14.88,13.79,2.16,10.22,5.15,2.86,8.85,12.67,12.58,19.77,8.46,2.69,2.7,12.14,20.85,16.41,15.07,2.25,10.27,12.71,10.49,12.24,9.16,8.43,7.8,13.09,18.7,12.34,12.46,15.17,7.26,16.62,13.84,4.78,17.57,9.5,8.25,19.54,21.3,11.12,11.35,5.0,13.3,8.09,12.7,9.76,7.94,15.34,6.3,4.7,11.03,1.7,19.0,15.0,10.36,9.67,15.66,12.46,15.42,2.49,17.07,8.51,16.92,4.45,11.41,12.22,12.31,8.77,4.33,7.02,7.62,5.63,15.39,10.0,11.03
351,82,91,18.581,11.170616.88,2.49,12.16,10.81,4.48,13.64,14.88,13.79,2.16,10.22,5.15,2.86,8.85,16.88,12.67,12.58,16.6,8.46,2.69,2.7,12.14,16.18,17.25,15.07,14.52,10.27,17.65,12.71,10.49,12.24,9.16,8.43,7.8,13.87,22.03,12.46,15.17,7.26,16.62,13.84,4.78,18.07,13.14,16.16,8.25,19.54,9.1,21.08,11.12,11.35,11.14,13.3,13.62,12.7,9.76,11.29,7.94,15.34,6.3,4.7,11.03,1.7,11.94,12.19,15.0,10.36,9.67,18.04,12.46,15.42,2.49,20.31,8.36,4.45,11.41,8.77,4.33,7.02,7.62,5.63,11.97,11.03
351,80,87,18.581,11.149316.88,2.49,12.16,10.81,4.48,13.64,14.88,15.99,2.16,10.22,5.15,2.86,8.85,21.05,12.67,12.58,16.6,8.46,2.69,2.7,12.14,19.54,6.35,14.88,10.27,17.65,10.49,12.24,9.16,8.43,7.8,13.87,18.7,12.34,12.46,15.17,7.26,16.62,13.84,4.78,18.07,11.27,16.16,8.25,16.87,9.1,21.08,11.12,11.35,16.97,13.3,8.09,11.26,12.7,9.76,7.94,15.34,6.3,4.7,11.03,1.7,11.94,14.1,15.0,10.36,15.58,9.67,18.04,12.46,15.42,2.49,10.75,20.31,8.36,4.45,4.99,4.33,7.02,11.97,11.03
351,80,84,18.581,11.07616.88,2.49,12.16,1.44,4.48,13.64,14.88,15.99,2.16,10.22,5.15,2.86,8.85,12.36,12.67,12.58,16.6,8.46,5.4,2.7,12.14,18.22,14.6,20.24,10.27,14.56,10.49,11.57,9.16,8.43,7.8,13.87,18.7,12.34,12.46,15.17,7.26,16.62,13.84,4.78,11.27,16.16,8.25,20.46,9.1,18.6,11.12,11.35,11.14,13.3,8.09,4.03,12.7,9.76,7.41,15.34,14.37,4.7,11.03,1.7,11.94,14.1,15.0,16.78,10.36,15.58,9.67,14.94,10.77,12.46,15.42,1.94,10.75,20.31,8.36,4.45,8.86,7.02,11.97,11.03
351,78,83,18.581,11.215313.45,2.49,12.16,1.44,4.48,13.64,14.88,15.99,2.16,13.56,5.15,2.86,8.85,12.36,12.67,12.58,14.68,8.46,5.4,2.7,17.18,18.22,14.6,20.24,10.27,14.56,10.49,11.57,9.16,8.43,7.8,13.87,18.7,12.46,15.17,7.26,16.62,13.84,4.78,11.27,16.16,8.25,19.99,9.1,21.12,11.12,11.35,16.97,8.09,4.03,12.7,9.76,7.41,15.34,14.37,4.7,11.03,1.7,11.94,14.1,15.0,10.36,15.58,9.67,18.04,10.77,12.46,15.42,1.94,10.75,20.31,8.36,11.11,4.45,8.86,7.02,11.97,17.04
351,77,85,18.581,11.101413.45,2.49,5.29,1.44,9.04,4.48,13.64,14.88,15.99,2.16,13.56,5.15,2.86,20.35,12.36,12.67,12.58,14.68,8.46,5.4,2.7,18.22,14.6,20.24,10.27,14.56,10.49,8.54,14.55,15.15,13.87,18.7,12.46,14.64,7.26,16.62,13.84,4.78,11.27,16.16,8.25,19.99,9.1,21.12,11.12,11.35,16.97,8.09,4.03,12.7,9.76,7.41,15.34,6.3,11.16,11.03,1.7,11.94,13.68,10.36,9.67,14.94,10.77,12.46,15.42,1.94,10.75,20.31,8.36,6.23,4.45,8.77,8.86,7.02,19.05,13.53,11.03
351,79,80,18.581,10.989713.45,2.49,12.01,1.44,9.04,4.48,13.64,14.88,15.99,2.16,13.56,5.15,2.86,20.35,12.36,17.86,12.58,14.68,8.46,5.4,2.7,18.22,14.6,20.24,14.31,14.56,10.49,8.54,8.43,3.69,13.87,12.19,18.7,16.67,14.64,7.26,16.62,13.84,4.78,11.27,9.5,8.25,19.99,9.1,17.22,11.12,17.22,16.97,8.09,4.03,12.7,9.76,7.41,2.35,6.3,11.16,11.03,1.7,11.94,17.14,10.36,9.67,14.94,10.77,12.46,15.42,1.94,10.75,20.31,8.36,6.23,4.45,12.22,8.86,7.02,12.91,19.05,10.0,11.03
351,81,78,18.581,10.529313.45,2.49,12.01,1.44,9.04,4.48,13.64,14.88,15.99,2.16,13.56,5.15,2.86,20.35,3.13,12.67,12.58,14.68,8.46,5.4,2.7,18.22,18.26,20.24,14.31,6.0,14.56,10.49,8.54,8.43,3.69,13.87,21.57,18.7,16.67,14.64,7.26,16.62,13.84,4.78,11.27,9.5,8.25,19.95,9.1,17.22,11.12,3.21,11.14,8.09,4.03,17.74,9.76,7.41,7.42,2.35,6.3,11.16,11.03,16.2,1.7,11.94,10.36,9.67,14.94,10.77,12.46,15.42,1.94,10.75,20.31,2.56,8.36,6.23,4.45,12.22,8.77,8.86,7.02,19.05,11.03
351,78,77,18.581,10.774519.77,2.49,12.01,3.35,9.04,4.48,13.64,14.88,14.24,2.16,13.56,5.15,9.97,20.35,3.13,12.67,12.58,14.68,8.46,5.4,2.7,18.22,16.44,20.41,18.05,10.27,19.06,14.56,10.49,8.54,8.43,3.69,13.87,18.7,16.67,14.64,7.26,16.62,13.84,17.2,9.5,8.25,19.95,9.1,19.87,11.12,3.21,13.86,8.09,4.03,14.1,9.76,7.41,7.42,10.7,2.35,6.3,11.16,11.03,1.7,11.94,9.67,14.94,10.77,12.46,15.42,1.94,10.75,17.01,2.56,6.23,4.45,8.77,4.33,7.02,11.49,19.05,11.03
351,78,79,18.581,10.592819.77,2.49,12.01,3.35,9.04,13.64,14.88,17.92,2.16,13.56,5.15,2.86,20.35,3.13,12.67,12.58,14.68,8.46,5.4,2.7,10.37,16.44,18.02,18.05,10.27,19.06,14.56,7.03,15.16,8.43,3.69,13.87,18.7,12.46,15.91,7.26,11.67,13.84,17.2,9.5,8.25,19.95,9.1,19.87,11.12,3.21,13.86,8.09,4.03,14.1,9.76,7.41,7.42,10.7,2.35,6.3,11.16,11.03,20.44,1.7,11.94,9.61,9.67,14.94,10.77,12.46,1.94,10.75,17.01,2.56,6.23,4.45,8.77,4.33,7.02,11.49,11.03,13.13
351,82,71,18.581,10.688519.77,2.49,12.01,3.35,9.04,13.64,14.88,17.92,2.16,13.56,5.15,2.86,15.77,3.13,6.98,12.58,16.87,15.64,5.4,2.7,17.18,10.37,13.03,18.05,10.27,20.48,19.36,14.56,9.87,8.54,8.43,9.94,13.87,14.24,12.46,15.91,7.26,17.2,9.5,8.25,19.95,9.1,19.87,10.86,13.86,7.08,8.09,4.03,14.1,7.41,7.42,10.7,16.51,2.35,6.3,11.16,11.03,20.44,1.09,11.94,9.61,9.5,9.67,14.94,10.77,12.46,1.94,10.75,17.01,2.56,14.95,6.23,4.45,12.16,10.69,16.51,8.77,4.33,1.66,7.02,11.49,11.03
351,77,80,18.581,10.39423.32,2.49,5.29,3.35,9.04,13.64,18.24,17.92,2.16,13.56,5.15,2.86,15.77,3.13,6.98,12.58,16.87,14.38,5.4,2.7,17.18,10.37,13.03,18.05,10.27,19.72,19.36,9.87,8.54,8.43,9.94,13.87,12.46,15.91,7.26,11.27,9.5,8.25,18.37,9.1,3.21,13.86,7.08,8.09,4.03,15.35,9.76,7.41,7.42,10.7,16.51,2.35,6.3,11.16,20.44,1.09,11.94,9.61,14.04,16.67,9.5,9.67,14.94,10.77,12.46,1.94,10.75,17.01,5.97,6.23,4.45,12.16,10.69,1.66,7.02,11.49,11.03
351,78,76,18.581,10.268523.32,2.49,5.29,3.35,9.04,13.64,18.24,18.51,2.16,13.56,5.15,2.86,15.77,3.13,6.98,12.58,16.87,14.38,5.4,2.7,13.18,17.18,16.07,13.03,16.08,10.27,19.72,19.36,9.87,8.54,8.43,9.94,13.87,12.46,15.91,7.26,11.0,11.27,9.5,8.25,18.37,9.1,3.21,13.86,7.08,8.09,4.03,15.35,9.76,7.41,7.42,10.7,16.51,2.35,6.3,11.16,20.44,1.09,11.94,9.61,16.67,9.5,9.67,11.19,10.77,12.46,1.94,10.75,8.51,5.97,6.23,10.0,12.16,10.69,4.33,1.66,7.02,11.03
351,78,73,18.581,10.278823.32,2.49,5.29,3.35,9.04,15.13,18.24,19.43,2.16,13.56,5.15,2.86,15.77,3.13,6.98,12.58,14.76,14.38,5.39,2.7,13.18,17.18,10.37,10.84,17.72,10.27,19.72,11.6,9.87,8.54,8.43,9.94,13.87,12.46,15.91,7.26,11.67,11.0,11.27,9.5,8.25,18.37,9.1,3.21,13.86,7.08,8.09,4.03,15.35,9.76,7.41,7.42,15.22,16.51,2.35,6.3,11.16,20.44,1.09,11.94,9.61,16.67,9.5,9.67,11.19,10.77,12.46,1.94,10.75,8.51,5.97,6.23,10.0,12.16,10.69,4.33,7.02,11.03
351,77,72,18.581,10.376123.32,2.49,5.29,3.35,16.38,15.13,19.79,18.46,2.16,13.56,5.15,2.86,15.77,3.13,6.98,12.58,14.76,14.38,5.39,2.7,17.18,10.37,16.85,17.72,10.27,19.94,11.6,9.87,8.54,15.3,9.94,13.87,17.96,12.46,13.19,7.26,11.67,5.12,9.5,8.25,19.95,9.1,3.21,13.86,7.08,8.09,4.03,15.35,9.76,13.49,7.42,15.22,16.51,2.35,6.3,11.16,1.09,11.94,9.61,9.5,9.67,11.19,10.77,12.46,15.42,1.94,10.75,8.51,6.23,10.0,12.16,1.71,8.77,4.33,7.02,11.49,11.03
351,78,71,18.581,10.343523.32,2.49,5.29,3.35,16.38,17.23,15.13,19.79,18.27,2.16,13.56,5.15,2.86,15.77,3.13,6.98,18.14,14.76,14.38,5.39,2.7,17.18,10.37,18.59,16.85,16.08,10.27,17.41,11.6,9.87,8.54,8.43,9.94,13.13,13.87,12.46,13.19,7.26,11.67,12.36,8.25,17.38,9.1,3.21,14.17,5.0,7.08,8.09,4.03,15.35,9.76,7.41,7.42,15.22,16.51,2.35,6.3,11.16,1.09,11.94,9.61,9.67,11.19,16.24,12.46,15.42,1.94,8.51,5.97,6.23,10.0,12.22,1.71,4.33,7.02,5.63,11.49,11.03
351,77,69,18.581,10.336123.32,2.49,5.29,3.35,16.38,17.23,15.13,19.79,18.27,2.16,13.56,5.15,2.86,15.77,3.13,6.98,18.14,14.76,14.38,5.39,2.7,17.18,15.04,16.85,16.18,10.27,19.59,11.6,9.87,8.54,8.43,3.69,13.13,13.87,17.32,13.19,7.26,11.67,12.36,8.25,17.38,9.1,3.21,14.17,5.0,17.88,7.08,8.09,4.03,15.35,9.76,7.41,7.42,15.22,16.51,2.35,6.3,10.02,1.09,9.61,9.5,9.67,11.19,12.46,15.42,1.94,8.51,2.56,6.23,10.0,12.22,1.71,4.33,7.02,11.49,13.1,11.03
351,76,69,18.581,10.402823.32,2.49,5.29,3.35,16.38,17.23,15.13,19.79,18.27,2.16,16.28,5.15,2.86,15.77,3.13,6.98,18.14,14.76,14.38,5.39,7.08,12.21,15.04,16.85,13.83,10.27,20.98,11.6,9.87,8.54,14.99,8.43,3.69,13.13,18.34,12.46,13.19,7.26,11.67,12.36,17.38,17.19,3.21,10.5,5.0,12.41,7.08,8.09,4.03,15.35,9.76,7.41,7.42,15.22,14.33,2.35,6.3,10.41,1.09,9.61,9.5,9.67,14.34,12.46,15.42,1.94,8.51,2.56,6.23,10.0,12.22,1.71,4.33,7.02,11.49,11.03
351,73,75,18.581,10.389716.15,2.49,5.29,3.35,9.04,17.23,19.34,19.79,18.27,2.16,16.28,5.15,2.86,15.77,3.13,6.98,18.14,14.76,16.85,5.39,7.08,16.28,20.9,13.83,14.3,21.08,11.6,9.87,8.54,8.43,3.69,18.34,12.46,13.19,7.26,11.67,12.36,17.38,17.19,22.78,3.21,10.5,5.0,7.08,8.09,4.03,15.35,9.76,7.41,7.42,10.7,14.33,2.35,6.3,11.14,1.09,9.61,9.5,9.67,14.34,12.46,15.42,1.94,8.51,2.56,6.23,10.0,12.22,1.71,4.33,7.02,11.49,11.03
351,70,75,18.581,10.753611.68,2.49,5.29,3.35,9.04,17.23,15.13,19.79,18.27,2.16,15.81,5.15,2.86,15.77,3.13,6.98,18.14,14.76,14.38,5.39,7.08,10.94,20.9,13.83,14.3,21.08,19.36,9.87,8.54,8.43,3.69,18.34,12.46,13.19,7.26,12.36,17.38,17.19,22.58,14.9,10.5,5.0,13.3,7.08,8.09,4.03,9.76,7.41,7.42,19.17,14.33,6.3,12.84,1.09,13.73,9.61,9.5,9.67,14.34,12.46,15.42,1.94,8.51,2.56,6.23,10.0,12.22,1.71,7.02,11.03
351,70,70,18.581,10.886118.06,2.49,5.29,3.35,9.04,17.23,15.13,19.79,18.27,2.16,15.81,5.15,2.86,15.77,3.13,6.98,18.14,14.76,14.38,5.39,7.08,10.94,15.34,23.16,13.83,13.8,14.3,19.81,17.17,9.87,8.54,8.43,3.69,18.34,12.46,13.19,7.26,12.36,17.38,22.58,14.9,10.5,5.0,13.3,7.08,8.09,4.03,9.76,14.84,7.42,8.23,18.2,14.33,11.87,1.09,9.5,9.67,11.19,12.46,15.42,1.94,8.51,2.56,10.0,13.12,12.22,1.71,4.33,7.02,11.03
351,62,79,18.581,10.955316.88,2.49,5.29,3.35,9.04,17.23,19.79,18.96,17.04,15.81,5.15,2.86,15.77,3.13,6.98,18.14,14.76,14.38,5.4,7.08,21.56,15.34,16.62,13.83,14.3,19.81,17.17,9.87,8.54,8.43,3.69,5.31,18.34,12.46,13.19,7.26,12.36,17.38,22.58,10.5,5.0,13.3,7.08,8.09,4.03,9.76,14.84,14.33,2.74,6.3,1.09,9.5,9.67,14.34,15.42,8.51,2.56,10.0,12.22,4.33,7.02,11.03
351,67,69,18.581,10.79416.88,2.49,5.29,3.35,25.1,17.23,19.79,10.0,2.16,15.81,5.15,2.86,15.77,3.13,6.98,18.14,12.3,14.38,8.25,7.08,18.4,19.45,9.85,15.34,16.62,15.52,9.59,14.3,18.86,17.17,9.87,8.54,8.43,3.69,4.0,18.34,12.46,13.19,7.26,5.91,12.36,17.38,15.5,10.5,5.0,13.3,7.08,8.09,9.76,14.84,14.33,2.74,6.3,16.08,1.09,9.5,9.67,14.34,8.51,2.56,13.49,10.0,12.22,12.12,4.33,7.02,6.16
351,63,73,18.581,10.892216.88,2.49,5.29,3.35,23.65,17.23,20.09,10.0,2.16,15.81,5.15,2.86,15.77,3.13,6.98,17.13,12.3,8.46,8.25,7.08,18.4,19.45,9.85,15.34,16.62,15.52,9.59,14.3,17.93,19.22,9.87,8.54,3.69,4.0,13.87,12.46,13.19,7.26,16.76,12.36,17.38,17.7,10.5,5.0,13.3,7.08,14.53,9.76,14.84,14.33,2.74,6.3,18.22,1.09,9.5,9.67,11.19,8.51,2.56,12.22,4.33,7.02,6.16
351,65,74,18.581,10.750316.88,2.49,5.29,3.35,16.86,9.81,18.08,10.0,2.16,15.81,5.15,2.86,15.77,3.13,6.98,17.13,12.3,8.46,8.25,7.08,18.4,19.45,9.85,15.34,16.62,15.52,9.59,14.3,17.93,21.4,9.87,8.54,3.69,4.0,13.87,12.46,13.19,7.26,16.76,16.65,17.38,23.88,17.7,10.5,5.0,13.3,7.08,14.53,9.76,7.41,14.33,2.74,6.3,1.09,9.5,9.67,11.19,10.84,8.51,2.56,12.22,4.33,7.02,6.16,13.24
351,66,71,18.581,10.987316.88,2.49,5.29,3.35,18.65,17.23,15.44,10.0,2.16,15.81,5.15,2.86,15.77,3.13,6.98,14.53,12.3,8.46,8.25,7.08,18.4,19.45,9.85,15.34,16.62,15.52,9.59,14.3,17.93,21.4,9.87,8.54,3.69,4.0,13.87,12.46,13.19,7.26,16.76,19.99,17.38,23.88,17.7,10.5,5.0,13.3,7.08,14.53,9.76,7.41,14.33,2.74,14.42,1.09,9.5,9.67,11.19,10.84,8.51,2.56,10.96,12.22,4.33,7.02,6.16,13.24
351,67,71,18.581,10.937316.88,2.49,5.29,3.35,18.65,9.81,15.44,10.0,2.16,15.81,5.15,2.86,15.77,3.13,6.98,14.53,12.3,8.46,8.25,7.08,17.89,19.45,9.85,15.34,16.62,15.52,9.59,18.29,17.93,21.4,9.87,8.54,3.69,4.0,13.87,12.46,15.87,7.26,16.76,16.65,17.38,21.64,17.7,10.5,5.0,13.3,7.08,14.53,9.76,7.41,14.33,2.74,6.3,1.09,14.49,16.26,9.67,11.19,10.84,8.51,2.56,10.96,14.59,12.22,4.33,7.02,6.16
351,68,67,18.581,10.765116.88,2.49,5.29,3.35,21.02,9.81,15.44,10.0,2.16,15.81,5.15,2.86,18.97,12.34,6.98,14.53,12.3,8.46,8.25,7.08,18.83,10.22,16.55,15.34,16.62,15.17,9.59,18.29,17.93,21.4,9.87,8.54,3.69,4.0,5.33,12.46,13.19,7.26,16.76,16.65,18.49,21.64,10.5,5.0,13.3,7.08,14.53,9.76,7.41,15.5,14.33,2.74,6.3,1.09,17.54,9.5,9.67,11.19,10.84,8.51,2.56,10.96,14.59,12.22,4.33,7.02,2.41,6.16
351,70,67,18.581,10.566316.88,2.49,15.06,18.65,9.81,16.14,10.0,2.16,15.81,5.15,2.86,19.94,3.13,6.98,14.53,12.3,8.46,8.25,7.08,18.83,10.22,9.85,15.34,16.62,18.28,9.59,14.3,11.86,17.93,19.22,9.87,8.54,3.69,4.0,5.33,2.99,12.46,13.19,16.76,20.73,20.17,19.87,10.5,5.0,13.3,7.08,14.17,9.76,7.41,15.5,9.71,14.33,2.74,6.3,1.09,10.53,9.5,9.67,11.19,10.84,8.51,2.56,10.96,10.04,12.22,4.33,7.02,2.41,11.49,6.16
351,68,60,18.581,10.702416.88,2.49,15.06,13.61,18.65,9.81,16.46,10.0,2.16,15.81,5.15,2.86,19.94,3.13,6.98,14.53,12.3,8.46,12.26,7.08,18.83,10.22,9.85,15.34,7.1,16.62,18.28,9.59,14.3,14.13,23.13,9.87,8.54,3.69,4.0,5.33,16.63,2.99,12.46,9.43,16.76,11.92,20.17,21.55,10.5,5.0,13.3,7.08,8.03,9.76,7.41,15.5,17.21,2.74,6.3,19.58,1.09,10.53,9.67,11.19,10.84,8.51,2.56,12.22,4.33,2.41,11.49,6.16
351,65,64,18.581,10.807716.88,2.49,15.06,13.61,18.65,9.81,16.46,10.0,2.16,15.81,5.15,2.86,19.94,3.13,6.98,14.53,12.3,8.46,12.02,7.08,19.77,10.22,9.85,15.34,7.1,16.62,17.17,9.59,14.3,21.18,9.87,8.54,3.69,4.0,16.63,2.99,12.46,9.43,16.76,10.43,20.17,21.55,10.5,13.3,7.08,8.03,9.76,7.41,15.5,16.3,2.74,6.3,19.58,1.09,9.67,11.19,14.49,10.84,8.51,2.56,12.22,4.33,2.41,11.49,6.16
351,65,64,18.581,11.062816.52,2.49,15.06,13.61,18.65,9.81,16.36,10.0,2.16,15.81,5.15,2.86,19.94,3.13,6.98,17.73,12.3,8.46,12.02,7.08,19.77,10.22,9.85,15.34,11.73,16.62,17.17,9.59,14.3,20.71,9.87,8.54,9.26,3.69,4.0,16.46,2.99,12.46,9.43,16.76,10.43,19.72,21.55,12.6,13.3,7.08,8.03,9.76,7.41,15.5,14.33,2.74,6.3,19.58,1.09,9.67,11.19,10.84,8.51,17.96,12.22,4.33,2.41,11.49,6.16
351,64,63,18.581,11.126316.52,2.49,15.06,14.73,18.75,9.81,16.36,10.0,2.16,15.81,5.15,2.86,19.94,3.13,6.98,17.73,12.3,8.46,9.81,7.08,19.61,15.1,9.85,15.34,11.73,16.62,19.32,9.59,14.3,20.93,12.98,9.87,8.54,9.26,3.69,4.0,16.46,2.99,12.46,11.69,16.76,10.43,20.3,21.55,12.6,13.3,7.08,8.03,9.76,7.41,10.7,14.33,2.74,6.3,19.58,1.09,9.67,11.19,10.84,8.51,12.22,4.33,2.41,11.49
351,65,64,18.581,11.120516.52,2.49,15.06,14.73,18.75,9.81,16.36,10.0,2.16,15.81,5.15,2.86,15.77,3.13,6.98,17.73,12.3,8.46,9.81,7.08,19.38,10.22,9.85,15.34,11.73,10.84,17.17,9.59,14.3,20.93,9.87,8.54,9.26,3.69,4.0,16.46,2.99,12.46,11.69,16.76,10.43,20.3,21.55,20.06,12.6,13.3,7.08,8.03,9.76,7.41,15.5,14.33,2.74,6.3,19.58,1.09,9.67,11.19,10.84,8.51,16.08,12.22,4.33,2.41,11.49
351,65,63,18.581,11.123216.52,2.49,5.29,14.73,18.75,9.81,14.58,10.0,2.16,15.81,5.15,2.86,19.72,3.13,6.98,17.73,12.3,8.46,9.81,7.08,19.38,10.22,9.85,15.34,11.73,16.62,17.17,9.59,14.16,14.3,14.55,20.32,9.87,8.54,3.69,4.0,16.46,2.99,12.46,11.69,16.76,10.43,20.3,21.55,18.56,17.5,13.3,7.08,8.03,9.76,7.41,10.7,14.33,2.74,6.3,19.58,1.09,9.67,17.43,8.51,12.22,4.33,2.41,11.49,5.24
351,67,63,18.581,10.776716.52,2.49,5.29,14.73,18.75,9.81,14.58,10.0,2.16,15.81,5.15,2.86,19.72,3.13,6.98,17.73,12.3,8.46,9.81,7.08,18.6,10.22,9.85,15.34,11.73,10.49,16.62,17.17,9.59,14.3,1.18,18.8,9.87,8.54,9.26,3.69,4.0,16.46,2.99,12.46,11.69,16.76,20.01,21.55,18.56,11.16,5.0,13.3,7.08,8.03,9.76,15.5,14.33,2.74,6.3,19.58,1.09,9.67,10.84,8.51,14.1,12.22,4.33,2.41,11.49,5.24,16.27
351,66,61,18.581,10.851216.52,2.49,5.29,17.38,18.75,3.0,14.58,10.0,2.16,15.81,5.15,2.86,19.72,3.13,6.98,14.53,12.3,8.46,9.81,7.08,18.6,10.22,9.85,15.34,11.73,10.49,16.62,17.17,9.59,14.3,1.18,18.8,9.87,8.54,16.87,3.69,4.0,16.46,2.99,7.55,11.69,16.76,20.08,19.79,21.55,18.56,5.0,13.3,7.08,8.03,9.76,14.88,15.5,17.21,2.74,1.09,14.49,9.67,10.84,8.51,14.1,12.22,4.33,2.41,11.49,5.24
351,64,66,18.581,10.71716.52,2.49,5.29,15.36,18.75,3.0,14.58,10.0,2.16,17.89,5.15,2.86,15.77,3.13,6.98,17.23,12.3,8.46,9.81,7.08,18.6,10.22,9.85,15.34,11.73,10.49,16.62,17.17,9.59,14.3,1.18,18.8,9.87,8.54,12.35,3.69,4.0,16.69,2.99,7.55,11.69,16.76,20.08,19.79,22.58,18.56,5.0,13.3,7.08,8.03,9.76,15.5,17.21,2.74,14.37,1.09,9.67,8.51,14.1,12.22,4.33,2.41,11.49,5.24
351,64,62,18.581,11.230816.52,2.49,19.99,15.36,18.75,3.0,14.58,10.0,2.16,15.81,9.52,2.86,15.77,15.18,6.98,17.23,12.3,8.46,9.81,7.08,18.97,10.22,9.85,15.34,11.73,10.49,10.84,17.17,9.59,10.27,1.18,18.8,9.87,17.96,3.69,4.0,16.69,2.99,7.55,11.69,16.76,20.08,16.2,22.58,18.56,14.64,5.0,13.01,7.08,8.03,9.76,15.5,14.33,2.74,14.37,1.09,9.67,12.66,8.51,14.1,12.22,2.41,11.49,5.24
351,58,67,18.581,11.158316.52,2.49,14.76,15.36,18.75,3.0,14.58,10.0,2.16,15.81,9.52,2.86,15.77,3.13,6.98,19.79,12.3,9.81,8.41,18.97,10.22,9.85,15.34,11.73,10.49,16.62,17.17,9.59,10.27,1.18,18.8,9.87,3.69,4.0,14.67,2.99,14.22,11.69,16.76,19.89,17.97,22.58,20.23,9.32,5.0,7.08,8.03,15.5,17.05,14.37,1.09,9.67,9.41,8.51,12.22,2.41,11.49,5.24
351,59,68,18.581,10.773916.67,2.49,14.76,15.36,18.75,3.0,14.58,10.0,2.16,13.96,9.52,2.86,15.77,3.13,6.98,19.79,12.3,9.81,8.41,18.91,10.22,9.85,15.84,10.84,17.75,9.59,10.27,1.18,18.8,4.55,14.7,4.0,14.67,2.99,7.55,11.69,16.76,21.28,17.97,22.58,20.23,9.32,5.0,7.08,8.03,7.41,15.5,17.82,14.37,1.09,5.49,9.67,7.12,8.51,12.22,2.41,11.49,5.37,5.24
351,63,58,18.581,10.719516.67,2.49,14.76,15.36,18.75,3.0,18.05,14.58,10.0,2.16,13.96,9.52,2.86,15.77,3.13,6.98,17.23,12.3,9.81,8.41,19.11,10.22,9.85,15.84,11.73,6.35,17.75,9.59,10.27,1.18,18.8,4.55,3.69,4.0,14.67,2.99,7.55,11.69,21.24,17.97,23.66,20.23,9.32,5.0,7.08,8.03,15.85,7.41,15.5,12.56,17.82,14.37,1.09,5.49,15.06,9.67,7.12,8.51,12.22,2.41,11.49,5.37,5.24
351,63,61,18.581,10.618116.67,2.49,5.29,15.36,18.13,3.0,18.05,14.58,10.0,2.16,13.96,9.52,2.86,15.77,3.13,6.92,17.23,12.3,12.86,9.81,8.41,19.11,10.22,9.85,15.84,11.73,6.35,17.75,9.59,14.73,1.18,18.8,14.94,3.69,4.0,12.98,2.99,7.55,11.69,21.24,17.97,23.64,20.23,9.32,5.0,7.08,8.03,7.41,15.5,12.56,17.82,14.37,1.09,5.49,8.67,9.67,7.12,8.51,12.22,2.41,11.49,5.37,5.24
351,63,61,18.581,10.641316.67,2.49,5.29,15.36,18.13,3.0,18.05,14.58,10.0,2.16,13.96,9.52,2.86,15.77,3.13,6.92,17.23,12.3,18.28,9.81,8.41,19.11,10.22,9.85,15.84,11.73,6.35,17.75,9.59,18.03,1.18,18.8,14.94,3.69,4.0,12.98,2.99,7.55,11.69,21.24,17.97,22.85,18.56,9.32,5.0,7.08,8.03,7.41,10.7,12.56,17.82,14.37,1.09,5.49,8.67,9.67,7.12,8.51,12.22,2.41,11.49,5.37,5.24
351,64,59,18.581,10.469416.67,2.49,5.29,15.36,12.07,3.0,18.05,14.58,10.0,2.16,13.96,9.52,2.86,15.77,3.13,6.92,17.23,12.3,15.73,9.81,8.41,19.11,10.22,9.85,20.0,11.73,6.35,17.75,9.59,20.15,1.18,18.8,4.55,8.43,3.69,4.0,12.98,2.99,7.55,11.69,21.24,20.75,24.0,18.56,9.32,5.0,7.08,8.03,7.41,10.7,12.56,17.82,14.37,1.09,5.49,8.67,9.67,7.12,8.51,12.22,2.41,11.49,5.37,5.24
351,65,59,18.581,10.25632.49,5.29,15.36,9.04,3.0,18.05,1.26,10.0,2.16,18.54,9.52,2.86,15.77,3.13,6.92,14.53,12.3,13.42,9.81,8.41,19.11,10.22,9.85,17.37,13.97,16.04,17.75,9.59,20.15,1.18,18.8,4.55,8.43,3.69,4.0,12.98,8.32,2.99,7.55,11.69,21.24,20.75,24.0,19.62,9.32,5.0,7.08,8.03,7.41,10.7,12.56,17.82,14.37,1.09,5.49,8.67,11.39,9.67,7.12,8.51,12.22,2.41,11.49,5.37,5.24
351,66,57,18.581,10.082917.97,2.49,5.29,15.36,9.04,3.0,18.05,1.26,10.0,2.16,13.96,9.52,12.19,15.77,3.13,6.92,14.53,12.3,13.42,9.81,8.41,19.11,10.22,17.37,13.97,14.69,18.51,9.59,20.15,1.18,18.8,4.55,8.43,3.69,5.42,4.0,12.98,8.32,2.99,7.55,11.69,7.95,21.24,20.75,24.0,9.32,5.0,7.08,8.03,7.41,10.7,12.56,17.82,14.37,1.09,5.49,8.67,11.39,7.0,9.67,7.12,5.78,12.22,2.41,5.37,5.24
351,65,58,18.581,10.477515.49,2.49,5.29,15.36,9.04,3.0,18.05,1.26,10.0,2.16,13.96,9.52,12.19,15.77,3.13,6.92,14.53,12.3,13.42,9.81,8.41,19.11,10.22,17.37,11.73,14.69,19.48,9.59,20.14,21.66,18.8,4.55,8.43,3.69,5.42,12.98,8.32,2.99,7.55,14.78,11.69,7.95,20.75,22.85,9.32,5.0,7.08,8.03,7.41,10.7,12.56,17.82,14.37,1.09,5.49,8.67,11.39,7.0,9.67,7.12,5.78,12.22,2.41,15.83,5.24
351,66,55,18.581,10.366417.37,2.49,5.29,15.36,9.04,3.0,18.05,1.26,10.0,2.16,13.96,9.52,12.19,15.77,3.13,6.92,14.53,12.3,13.42,9.81,8.41,19.17,17.21,10.22,17.37,11.73,14.69,20.61,9.59,20.14,21.66,18.8,4.55,8.43,3.69,5.42,12.98,8.32,2.99,7.55,11.69,7.95,17.97,22.85,9.32,5.0,7.08,8.03,7.41,10.7,12.56,17.82,14.37,1.09,5.49,8.67,11.39,7.0,9.67,7.12,10.88,5.78,12.22,2.41,5.37,5.24
351,66,55,18.581,10.216515.49,2.49,5.29,15.36,9.04,3.0,18.05,1.26,10.0,2.16,13.96,9.52,12.19,15.77,3.13,6.92,14.53,12.3,13.42,14.04,8.41,19.17,10.22,17.37,11.73,14.69,20.61,9.59,20.14,21.66,23.92,18.8,4.55,8.43,3.69,5.42,12.98,8.32,2.99,7.55,11.69,7.95,17.97,9.32,5.0,7.08,8.03,7.41,10.7,12.56,11.97,17.82,6.3,1.09,5.49,8.67,11.39,7.0,9.67,7.12,10.88,5.78,12.22,2.41,5.37,5.24
351,67,52,18.581,10.061316.03,2.49,5.29,15.36,10.51,3.0,18.05,1.26,10.0,2.16,13.96,9.52,2.86,15.77,3.13,6.92,14.53,11.31,13.42,7.17,8.41,19.17,10.22,17.37,11.73,14.69,20.61,9.59,19.43,21.66,18.08,18.8,4.55,8.43,3.69,5.42,8.32,2.99,7.55,11.69,7.95,15.8,22.85,9.32,5.0,7.08,8.03,7.41,10.7,12.56,9.78,17.82,6.3,1.09,5.49,8.67,11.39,7.0,9.67,7.12,10.88,5.78,12.22,16.04,2.41,5.37,5.24
351,65,56,18.581,10.111716.25,2.49,5.29,15.36,10.51,15.71,18.05,1.26,10.0,2.16,13.96,9.52,2.86,15.77,3.13,6.92,14.53,11.31,13.46,7.17,8.41,19.2,10.22,17.37,11.73,14.69,20.61,9.59,19.43,21.1,15.71,18.8,4.55,8.43,3.69,5.42,8.32,2.99,7.55,11.69,7.95,15.8,22.85,9.32,5.0,7.08,8.03,7.41,10.7,12.56,9.78,17.82,6.3,1.09,5.49,8.67,11.39,7.0,9.67,7.12,5.78,12.22,2.41,5.37,5.24
351,64,54,18.581,10.333714.2,2.49,5.29,15.36,10.51,8.94,18.05,1.26,10.0,2.16,13.96,9.52,2.86,15.77,3.13,6.92,12.58,11.31,13.46,7.17,8.41,19.74,10.22,17.37,11.73,14.69,20.61,9.59,19.43,20.86,18.8,4.55,8.43,3.69,5.42,15.01,8.32,14.08,7.55,11.69,7.95,21.63,22.85,9.32,10.35,7.08,8.03,7.41,10.7,12.56,9.78,17.82,6.3,1.09,5.49,8.67,11.39,9.67,7.12,5.78,12.22,2.41,5.37,5.24
351,62,53,18.581,10.26619.17,2.49,5.29,15.36,10.51,8.94,18.05,1.26,10.0,2.16,13.96,9.52,2.86,15.77,3.13,6.92,15.8,11.31,13.46,7.17,8.41,19.15,10.22,17.37,11.73,17.66,20.84,19.43,20.86,4.55,8.43,3.69,5.42,12.98,8.32,2.99,7.55,11.69,13.37,19.23,12.6,22.85,9.32,10.35,7.08,8.03,7.41,10.7,12.56,17.82,6.3,1.09,5.49,8.67,11.39,9.67,7.12,5.78,12.22,2.41,5.37,5.24
351,61,54,18.581,10.523820.67,2.49,5.29,16.3,16.75,8.94,18.05,1.26,10.0,2.16,13.96,9.52,2.86,15.77,3.13,6.92,15.8,11.31,13.46,7.17,8.41,19.47,10.22,17.37,11.73,16.57,20.84,19.43,19.57,4.55,8.43,3.69,5.42,16.94,7.55,11.69,7.95,19.23,12.6,22.85,9.32,10.35,7.08,8.03,7.41,10.7,12.56,17.82,6.3,1.09,5.49,8.67,11.61,11.39,9.67,7.12,5.78,12.22,2.41,5.37,5.24
351,62,51,18.581,10.51420.67,2.49,5.29,14.29,10.51,16.61,18.05,1.26,10.0,2.16,13.96,9.52,2.86,15.77,3.13,6.92,14.53,11.31,13.46,7.17,8.41,20.04,10.22,14.88,11.73,16.57,20.84,19.43,19.88,10.64,4.55,12.77,3.69,5.42,16.94,2.99,7.55,11.69,7.95,15.8,12.6,22.85,9.32,5.0,7.08,8.03,13.33,7.41,10.7,12.56,17.82,6.3,1.09,5.49,11.39,14.06,9.67,7.12,15.08,2.41,5.37,5.24
351,60,54,18.581,10.480820.67,2.49,5.29,14.29,13.44,16.61,18.05,1.26,10.0,2.16,13.96,9.52,2.86,15.77,3.13,6.92,14.53,11.31,13.46,7.17,8.41,19.35,10.22,14.88,11.73,16.57,20.84,16.78,20.85,10.64,4.55,12.77,3.69,5.42,16.94,7.55,11.69,7.95,15.8,12.6,22.95,9.32,5.0,7.08,8.03,13.33,7.41,10.7,12.56,17.82,6.3,1.09,5.49,14.06,9.67,7.12,5.78,2.41,5.37,5.24
351,60,51,18.581,10.937720.67,2.49,5.29,14.29,13.44,16.61,18.05,1.26,10.0,20.21,13.96,9.52,2.86,15.77,3.13,6.92,18.28,11.31,13.46,7.17,8.41,19.4,17.51,10.22,14.88,11.73,16.57,14.36,16.78,19.37,10.64,12.77,3.69,5.42,11.9,7.55,11.69,14.95,15.8,12.6,21.55,9.32,5.0,7.08,8.03,13.33,7.41,10.7,12.56,17.82,6.3,1.09,5.49,14.06,9.67,7.12,5.78,2.41,5.37,5.24
351,62,48,18.581,11.054520.7,2.49,5.29,16.1,13.44,16.61,18.05,1.26,10.0,20.21,13.96,9.52,2.86,15.77,3.13,6.92,14.53,11.31,13.46,7.17,8.41,19.35,10.22,8.77,14.88,11.73,16.57,14.36,16.78,19.37,10.64,12.77,3.69,5.42,18.14,7.55,11.69,14.95,19.23,12.6,21.55,9.32,4.48,7.08,8.03,13.33,7.41,10.7,12.56,17.82,6.3,1.09,5.49,17.0,14.06,9.67,7.12,5.78,2.41,5.37,5.24,13.67
351,63,50,18.581,10.7520.7,2.49,5.29,14.29,13.44,8.94,18.05,1.26,10.0,20.21,13.96,9.52,2.86,15.77,3.13,6.92,14.53,14.19,13.46,7.17,8.41,19.29,10.22,8.77,14.88,11.73,16.57,14.36,14.16,16.78,19.2,10.64,12.77,3.69,5.42,18.14,2.99,7.55,11.69,14.95,19.23,12.6,21.55,9.32,4.48,7.08,8.03,13.33,7.41,10.7,12.56,17.82,6.3,1.09,5.49,14.06,9.67,7.12,5.78,12.22,2.41,5.37,5.24
351,60,52,18.581,10.708521.34,2.49,5.29,14.29,13.44,8.94,18.05,1.26,10.0,20.21,13.96,9.52,2.86,15.77,3.13,6.92,14.53,14.19,13.46,7.17,8.41,19.23,10.22,10.41,14.88,11.73,16.57,16.78,19.2,10.64,12.77,3.69,5.42,18.14,7.55,11.69,14.95,19.23,12.6,21.55,9.32,4.48,7.08,8.03,13.33,10.7,12.56,17.82,6.3,1.09,5.49,14.06,9.67,7.12,5.78,12.22,1.96,2.41,5.37,5.24
351,60,50,18.581,10.51721.34,2.49,5.29,13.07,13.44,8.94,18.05,1.26,10.0,20.21,13.96,9.52,2.86,15.77,3.13,6.92,14.53,12.13,13.46,8.41,19.23,10.22,8.77,14.88,11.73,16.57,16.78,19.2,10.64,12.77,3.69,5.42,11.15,7.55,11.69,7.95,19.23,12.6,21.55,9.32,4.48,7.08,8.03,13.33,10.7,16.45,17.82,6.3,1.09,5.49,14.06,9.67,7.12,5.78,12.22,10.7,1.96,2.41,5.37,5.24
351,59,47,18.581,11.010221.34,17.9,5.29,13.07,19.08,8.94,18.05,1.26,10.0,20.21,13.96,9.52,2.86,15.77,3.13,6.92,14.53,11.31,13.46,7.17,8.41,19.7,10.22,8.77,14.88,16.57,16.78,19.23,12.3,3.69,5.42,16.7,7.55,11.69,7.95,19.23,12.6,21.55,9.32,4.48,7.08,8.03,13.33,10.7,16.45,17.82,6.3,1.09,5.49,14.06,9.67,7.12,5.78,12.22,18.67,1.96,2.41,5.37,5.24
351,61,50,18.581,10.510221.34,2.49,5.29,4.86,17.99,8.94,18.05,1.26,10.0,20.21,13.96,9.52,2.86,15.77,3.13,6.92,14.53,11.31,13.46,7.17,8.41,19.21,10.22,17.27,14.88,16.57,16.78,20.06,12.3,3.69,5.42,16.7,7.55,10.54,11.69,7.95,15.8,12.6,21.55,9.32,4.48,7.08,8.03,13.33,10.7,16.45,17.82,6.3,1.09,5.49,9.68,14.06,9.67,7.12,5.78,12.22,9.27,1.96,2.41,5.37,5.24
351,62,50,18.581,10.66119.62,2.49,5.29,13.07,17.99,8.94,18.05,1.26,10.0,20.21,13.96,9.52,2.86,15.77,3.13,6.92,14.53,11.31,13.46,7.79,8.41,19.77,10.22,17.27,14.88,14.75,16.57,14.36,16.78,19.23,12.3,3.69,5.42,11.15,7.55,11.69,7.95,15.8,12.6,21.55,9.32,4.48,7.08,8.03,13.33,10.7,16.45,17.82,6.3,1.09,5.49,9.68,14.06,9.67,7.12,5.78,12.22,9.27,1.96,2.41,5.37,5.24
351,62,48,18.581,10.87619.62,2.49,5.29,12.47,17.99,8.94,18.05,1.26,10.0,20.21,13.96,9.52,2.86,15.77,3.13,6.92,14.53,11.31,13.46,7.79,8.41,19.77,10.22,17.27,14.88,14.75,16.57,14.36,16.78,19.18,12.3,3.69,15.97,11.15,7.55,13.11,11.69,7.95,15.8,12.6,21.55,9.32,4.48,7.08,8.03,13.33,10.7,16.45,17.82,6.3,1.09,5.49,14.06,9.67,7.12,5.78,12.22,9.27,1.96,2.41,5.37,5.24
351,59,53,18.581,10.633920.79,2.49,5.29,12.47,17.99,8.94,20.87,1.26,10.0,20.21,13.96,9.52,2.86,15.77,3.13,6.92,14.53,11.31,13.46,7.79,8.41,19.18,10.22,17.27,14.88,16.57,14.36,16.78,19.18,13.39,3.69,5.42,11.15,7.55,11.69,7.95,12.08,12.6,21.55,9.32,4.48,7.08,8.03,13.33,10.7,16.45,17.82,6.3,1.09,5.49,14.06,9.67,7.12,5.78,12.22,1.96,2.41,5.37,5.24
351,63,46,18.581,10.760620.79,2.49,5.29,12.47,9.04,8.94,20.87,1.26,10.0,20.21,13.96,9.52,2.86,15.77,3.13,6.92,14.53,11.31,13.46,7.79,8.41,19.18,10.22,17.27,14.88,12.68,16.57,14.36,16.78,18.15,13.39,3.69,5.42,11.15,15.87,12.85,11.69,7.95,12.08,12.6,21.55,9.32,4.48,7.08,8.03,13.33,10.7,16.45,17.82,6.3,1.09,5.49,14.46,14.06,9.67,7.12,5.78,12.22,1.96,12.19,2.41,5.37,5.24
351,61,53,18.581,10.569520.79,2.49,5.29,12.47,9.04,8.94,20.75,1.26,10.0,20.21,13.96,14.27,2.86,15.77,3.13,6.92,14.53,11.31,13.46,7.79,8.41,19.18,10.22,17.27,14.88,12.68,16.57,14.36,16.78,18.15,13.39,3.69,5.42,11.15,7.55,11.69,7.95,12.08,12.6,21.55,9.32,4.48,7.08,8.03,13.33,10.7,16.45,17.82,6.3,1.09,5.49,14.46,9.61,9.67,7.12,5.78,12.22,1.96,2.41,5.37,5.24
351,61,53,18.581,10.575720.79,2.49,5.29,12.47,13.19,8.94,20.75,1.26,10.0,20.21,13.96,14.27,2.86,15.77,3.13,6.92,14.53,11.31,13.46,7.79,8.41,18.86,10.22,17.27,14.88,12.68,16.57,14.36,16.78,18.15,3.69,5.42,11.15,7.55,11.69,7.95,12.08,12.6,21.45,9.32,4.48,7.08,8.03,13.33,10.7,16.45,17.82,6.3,1.09,5.49,14.46,9.61,9.67,7.12,10.04,5.78,12.22,1.96,2.41,5.37,5.24
351,61,53,18.581,10.597220.96,2.49,5.29,12.47,13.19,8.94,20.75,1.26,10.0,20.21,13.96,14.27,2.86,15.77,3.13,6.92,14.53,11.31,13.46,7.79,13.65,18.86,10.22,8.77,12.68,13.68,17.95,16.78,18.15,10.86,3.69,5.42,11.15,7.55,11.69,7.95,12.08,12.6,21.45,9.32,4.48,7.08,15.75,13.33,10.7,16.45,17.82,6.3,1.09,5.49,14.46,9.61,9.67,7.12,10.04,5.78,12.22,1.96,2.41,5.37,5.24
351,59,51,18.581,10.839820.96,2.49,5.29,12.47,16.08,8.94,20.75,1.26,10.0,20.21,13.96,14.27,2.86,15.77,3.13,6.92,14.53,11.31,13.46,7.79,12.6,18.86,10.22,8.77,14.88,12.68,9.43,17.95,16.78,18.15,3.69,5.42,11.15,7.55,17.88,7.95,12.08,17.07,21.45,9.8,4.48,7.08,8.03,10.7,16.45,17.82,6.3,1.09,5.49,9.61,9.67,7.12,12.14,10.04,12.22,11.48,2.41,5.37,5.24
351,60,51,18.581,10.871220.96,2.49,5.29,12.47,16.08,8.94,20.75,11.23,10.0,20.21,17.57,14.27,2.86,15.77,3.13,6.92,14.53,11.31,13.46,7.79,12.6,18.86,10.22,8.77,12.68,9.43,17.95,16.78,18.15,13.5,10.86,3.69,5.42,11.15,7.55,11.69,7.95,12.08,21.45,9.8,4.48,10.53,7.08,8.03,10.7,16.45,17.82,6.3,1.09,5.49,9.61,9.67,7.12,10.04,12.22,11.48,2.41,14.53,5.37,5.24
351,60,49,18.581,11.02320.81,2.49,5.29,12.47,16.08,8.94,21.6,11.23,10.0,20.21,17.57,14.27,2.86,15.77,3.13,6.92,14.53,11.31,13.46,7.79,12.6,18.86,10.22,18.1,12.68,9.43,14.36,16.78,18.15,16.08,9.23,3.69,10.56,11.15,7.55,11.69,7.95,16.96,21.45,9.8,4.48,10.53,7.08,8.03,10.7,16.45,17.82,6.3,1.09,5.49,9.61,9.67,7.12,6.23,10.04,12.22,11.48,2.41,5.37,5.24
351,59,49,18.581,11.006420.64,2.49,5.29,12.47,16.08,8.94,19.57,11.23,10.0,20.21,13.96,14.27,2.86,15.77,3.13,6.92,14.53,11.31,13.46,7.79,12.6,18.86,19.96,8.77,12.68,9.43,14.36,16.78,18.15,11.25,9.23,3.69,5.42,11.15,7.55,11.69,7.95,16.96,19.87,4.48,15.42,7.08,17.37,10.7,16.45,17.82,6.3,1.09,5.49,4.63,9.67,7.12,11.73,10.04,12.22,11.48,2.41,5.37,5.24
351,59,46,18.581,11.262520.64,2.49,5.29,14.69,16.08,8.94,19.57,11.23,16.58,20.21,13.96,14.27,2.86,15.77,3.13,6.92,14.53,11.31,13.46,7.79,12.6,18.78,15.26,8.77,12.68,9.43,14.36,16.78,17.9,11.25,9.23,3.69,5.42,11.15,7.55,11.69,7.95,16.96,21.53,15.5,15.42,7.08,8.03,10.7,16.45,17.82,6.3,19.73,1.09,5.49,4.63,9.67,7.12,10.04,12.22,11.48,2.41,5.37,5.24
351,60,45,18.581,10.798320.64,2.49,5.29,14.69,16.08,8.94,19.57,11.23,17.66,2.16,16.35,9.52,2.86,15.77,3.13,6.92,14.53,11.31,13.46,7.79,8.41,18.77,15.26,8.77,12.68,9.43,19.89,14.36,16.78,19.12,11.25,9.23,3.69,5.42,11.15,7.55,11.69,7.95,16.96,22.99,4.48,10.53,7.08,8.03,10.7,16.45,20.8,6.3,1.09,5.49,4.63,9.67,7.12,11.73,10.04,12.22,16.78,2.41,5.37,5.24
351,62,46,18.581,10.673720.64,2.49,5.29,14.27,16.08,8.94,19.57,11.23,18.4,2.16,16.35,9.52,2.86,15.77,3.13,6.92,14.53,11.31,13.46,7.79,8.41,15.26,8.77,12.68,9.43,19.89,14.36,16.78,17.9,11.25,9.23,3.69,5.42,11.15,7.5,11.69,7.95,16.96,21.53,4.48,10.53,7.08,8.03,10.7,17.82,17.05,6.3,1.09,5.49,14.75,4.63,9.67,7.12,9.07,11.73,10.04,13.61,12.22,16.78,2.41,5.37,5.24
351,60,45,18.581,10.974520.64,2.49,5.29,14.27,16.08,8.94,19.57,11.23,18.4,15.42,16.35,9.52,2.86,15.77,3.13,6.92,14.53,11.31,13.46,7.79,8.41,15.26,8.77,16.78,9.43,19.89,14.36,12.82,16.78,17.9,11.25,9.23,3.69,5.42,11.15,7.5,11.69,7.95,16.96,20.18,4.48,10.53,7.08,8.03,10.7,15.05,17.05,6.3,1.09,5.49,4.63,9.67,7.12,9.07,11.73,12.22,16.78,2.41,5.37,14.28
351,60,44,18.581,10.727518.2,2.49,5.29,14.27,16.08,8.94,23.06,16.78,18.4,2.16,16.35,9.52,2.86,15.77,3.13,6.92,14.53,11.31,13.46,7.79,14.57,15.26,8.77,12.68,9.43,19.98,14.36,12.82,16.78,19.35,11.25,9.23,3.69,5.42,11.15,7.5,11.69,7.95,16.96,20.18,4.48,10.53,7.08,8.03,10.7,15.05,14.33,6.3,1.09,5.49,4.63,9.67,7.12,9.07,11.73,12.22,16.78,2.41,5.37,5.24
351,58,43,18.581,10.855918.2,2.49,5.29,14.27,17.82,8.94,21.99,11.23,18.4,2.16,16.35,9.52,2.86,15.77,11.69,14.53,11.31,13.46,7.79,14.57,15.26,8.77,12.68,9.43,19.98,14.36,12.64,16.78,19.35,11.25,9.23,3.69,5.42,11.15,1.32,11.69,6.52,7.95,16.96,20.18,4.48,10.53,7.08,8.03,10.7,15.05,16.01,6.3,1.09,4.63,9.67,9.07,11.73,12.22,16.78,2.41,5.37,5.24
351,59,47,18.581,10.708618.2,2.49,5.29,14.27,16.08,8.94,19.57,11.23,18.4,2.16,16.35,9.52,2.86,15.77,11.69,14.53,11.31,13.46,7.79,14.57,19.36,8.77,12.68,9.43,19.98,14.36,12.64,16.78,17.9,11.25,9.23,3.69,5.42,11.15,1.32,11.69,3.98,7.95,16.96,20.18,4.48,10.53,7.08,8.03,10.7,15.05,9.51,6.3,1.09,6.04,4.63,9.67,15.75,11.73,12.22,16.78,2.41,5.37,5.24
351,59,46,18.581,10.664618.2,2.49,5.29,14.27,16.08,8.94,18.05,11.23,18.95,2.16,18.11,9.52,2.86,15.77,11.69,14.53,11.31,16.46,7.79,14.57,19.36,8.77,12.68,9.43,19.98,14.36,17.2,16.78,19.35,11.25,9.23,3.69,5.42,1.32,11.69,6.52,7.95,16.96,20.18,4.48,10.53,7.08,8.03,10.7,15.05,9.51,6.3,1.09,6.04,4.63,9.67,9.07,11.73,8.19,12.22,11.48,2.41,5.37,5.24
351,58,45,18.581,11.081618.2,14.56,5.29,14.78,16.08,8.94,18.05,11.23,18.95,2.16,18.11,9.52,2.86,20.23,11.69,14.53,11.31,13.46,7.79,14.57,19.36,8.77,15.62,9.43,19.98,14.36,17.2,14.57,19.35,9.79,9.23,3.69,5.42,11.15,1.32,11.69,6.52,16.96,20.18,4.48,10.53,7.08,8.03,10.7,13.37,16.39,6.3,1.09,6.04,4.63,9.67,9.07,11.73,12.22,11.48,2.41,5.37,5.24
351,60,41,18.581,11.102318.2,14.56,5.29,14.78,16.08,8.94,18.05,11.23,18.95,2.16,18.11,9.52,2.86,15.77,11.69,14.53,14.8,13.46,7.79,8.41,19.36,8.77,15.62,9.43,21.0,14.36,17.2,14.57,19.35,9.79,9.23,13.02,3.69,5.42,11.15,1.32,11.69,6.52,12.08,20.18,4.48,10.53,15.58,8.03,13.67,10.7,13.37,7.58,6.3,1.09,4.63,9.67,9.07,14.06,11.73,12.22,11.48,2.41,5.37,5.24
351,60,39,18.581,10.89518.2,14.56,5.29,14.78,16.08,8.94,18.05,11.23,18.95,2.16,16.35,9.52,2.86,15.77,11.69,14.53,1.28,13.46,7.79,8.41,19.36,8.77,15.62,9.43,21.0,14.36,17.2,14.57,7.69,14.7,9.23,19.02,4.31,3.69,5.42,11.15,1.32,15.33,6.52,12.08,20.18,10.53,7.08,8.03,10.7,13.37,9.51,6.3,1.09,4.63,9.67,9.07,14.06,11.73,15.06,12.22,16.78,2.41,5.37,5.24
351,62,39,18.581,10.733416.36,14.56,5.29,4.86,16.08,8.94,18.05,11.23,18.95,2.16,16.35,9.52,2.86,15.77,11.69,14.53,1.28,13.46,7.79,8.41,19.36,17.16,15.62,9.43,21.0,14.36,17.2,14.57,7.69,9.79,9.23,19.02,4.31,3.69,5.42,11.15,1.32,11.51,11.69,3.98,12.08,20.18,10.19,10.53,7.08,8.03,10.7,13.37,9.51,15.06,1.09,4.63,9.67,9.07,14.06,11.73,12.22,10.83,16.78,2.41,5.37,5.24
351,63,37,18.581,10.362216.36,14.56,5.29,4.86,16.08,8.94,18.05,1.26,18.95,2.16,16.35,9.52,2.86,15.77,11.69,14.53,1.28,13.46,7.79,8.41,19.36,8.77,15.62,9.43,21.0,14.36,17.2,14.57,7.69,9.79,9.23,20.01,4.31,3.69,5.42,11.15,1.32,12.76,11.69,3.98,18.28,20.18,10.19,10.53,7.08,8.03,10.7,13.37,9.51,6.3,1.09,4.63,4.66,9.67,9.07,11.07,11.73,12.22,15.19,16.78,2.41,5.37,5.24
351,63,33,18.581,10.537815.14,14.56,11.59,4.86,15.73,8.94,22.27,1.26,19.02,2.16,16.35,9.52,2.86,15.77,11.69,14.53,1.28,7.79,8.41,15.26,8.77,15.62,9.43,21.0,14.36,17.2,14.57,7.41,9.79,14.03,19.02,4.31,3.69,5.42,12.94,11.15,1.32,12.76,11.69,3.98,18.28,20.18,10.53,7.08,8.03,10.7,13.37,9.51,6.3,1.09,13.32,4.63,4.66,9.67,9.07,11.07,11.73,12.22,15.19,16.78,2.41,5.37,5.24
351,62,34,18.581,10.743215.14,14.56,11.59,4.86,15.73,8.94,20.09,1.26,19.02,2.16,19.88,9.52,2.86,15.77,11.69,14.53,1.28,7.79,8.41,15.26,8.77,15.62,9.43,21.0,14.36,17.2,14.57,7.41,14.53,14.03,17.71,4.31,3.69,5.42,11.15,1.32,15.18,11.69,13.27,9.5,18.28,20.18,10.53,7.08,8.03,10.7,13.37,6.3,1.09,13.32,4.63,4.66,9.67,9.07,11.07,11.73,15.58,10.83,16.44,2.41,5.37,5.24
351,59,36,18.581,10.398115.14,11.5,11.59,4.86,15.73,8.94,20.09,1.26,19.02,21.81,18.11,9.52,2.86,19.24,15.59,14.53,1.28,7.79,8.41,15.26,8.77,15.62,14.36,17.2,10.27,7.41,4.78,19.55,14.03,19.02,4.31,3.69,5.42,11.15,1.32,15.18,11.69,3.98,7.95,18.28,20.18,10.53,7.08,8.03,10.7,3.89,6.3,1.09,13.32,4.66,9.67,9.07,11.07,15.58,10.83,1.96,2.41,5.37,5.24
351,62,34,18.581,10.42915.14,11.5,5.29,7.44,15.73,8.94,20.09,1.26,19.02,21.04,18.11,9.52,2.86,19.24,11.69,14.53,1.28,10.82,7.79,8.41,15.26,8.77,15.62,14.36,17.2,10.27,7.41,4.78,14.29,14.03,19.02,4.31,3.69,5.42,19.37,1.32,13.52,14.38,11.69,3.98,7.95,18.28,20.18,10.53,7.08,8.03,10.7,3.89,6.3,1.09,13.32,15.0,4.66,9.67,9.07,11.07,15.58,10.83,1.96,2.41,5.37,5.24
351,61,36,18.581,10.479215.14,11.5,5.29,4.86,15.73,8.94,22.85,1.26,19.02,21.04,18.11,9.52,2.86,19.24,11.69,14.53,1.28,10.82,7.79,8.41,15.26,8.77,15.62,14.36,12.64,10.27,7.41,4.78,14.29,14.03,19.02,8.36,4.31,3.69,5.42,16.44,13.52,11.69,3.98,7.95,17.97,20.18,10.53,7.08,8.03,10.7,3.89,11.25,6.3,16.84,1.09,13.32,15.0,4.66,9.07,11.07,15.58,1.96,2.41,5.37,5.24
351,61,35,18.581,10.918515.14,11.5,5.29,4.86,15.73,8.94,22.85,1.26,18.4,21.04,18.11,9.52,16.0,19.24,11.69,14.53,1.28,10.82,7.79,8.41,15.26,8.77,15.62,14.36,16.12,10.27,7.41,4.78,9.79,14.03,19.02,14.56,4.31,3.69,5.42,16.15,13.52,11.69,3.98,7.95,17.97,20.18,10.53,17.29,8.03,10.7,3.89,11.25,6.3,1.09,13.32,15.0,4.66,9.07,11.07,15.58,1.96,2.41,5.37,16.02,5.24
351,61,36,18.581,10.617715.14,19.31,5.29,4.86,15.73,8.94,22.85,1.26,18.4,21.04,18.11,9.52,2.86,22.11,6.92,14.53,1.28,10.82,7.79,8.41,15.26,8.77,18.59,14.36,12.64,10.27,7.41,4.78,9.79,14.03,19.02,14.56,4.31,3.69,5.42,13.5,13.52,11.69,3.98,7.95,17.97,20.18,10.53,7.08,8.03,18.14,3.89,11.25,6.3,1.09,13.32,15.0,4.66,9.07,11.07,15.58,10.83,1.96,2.41,5.37,5.24
351,62,36,18.581,10.671515.14,18.62,5.29,4.86,15.73,8.94,22.85,1.26,18.22,21.04,18.11,9.52,2.86,19.24,6.92,20.2,1.28,10.29,7.79,8.41,15.26,8.77,12.68,14.36,12.64,10.27,7.41,4.78,9.79,14.03,17.3,14.56,4.31,3.69,5.42,17.31,13.52,14.38,11.69,3.98,11.12,16.97,20.18,4.48,10.53,7.08,8.03,18.14,3.89,11.25,6.3,1.09,13.32,15.0,9.07,11.07,15.58,10.83,1.96,2.41,5.37,5.24
351,60,37,18.581,10.735515.14,11.5,5.29,4.86,15.73,8.94,22.44,1.26,18.97,21.04,18.11,9.52,2.86,19.24,6.92,20.2,1.28,10.29,8.14,8.41,15.26,8.77,12.68,14.36,12.64,10.27,4.78,9.79,14.03,14.56,4.31,3.69,5.42,17.31,11.97,11.69,3.98,11.12,16.97,17.25,20.18,4.48,10.53,7.08,8.03,10.7,17.97,11.25,6.3,1.09,13.32,15.0,9.07,16.75,15.58,10.83,1.96,2.41,5.37,5.24
351,62,33,18.581,10.539515.14,2.49,5.29,4.86,15.73,8.94,21.8,1.26,10.0,21.04,16.45,9.52,2.86,19.24,6.92,22.05,1.28,10.29,8.14,8.41,18.73,15.26,8.77,11.77,12.68,14.36,12.64,10.27,4.78,9.79,14.03,14.56,4.31,3.69,5.42,17.31,11.97,11.69,3.98,11.12,16.97,17.25,20.18,4.48,10.53,7.08,8.03,10.7,3.89,11.25,6.3,12.42,13.32,15.0,9.07,16.75,15.58,10.83,1.96,2.41,5.37,5.24
351,61,36,18.581,10.530715.14,2.49,5.29,4.86,15.73,8.94,21.8,1.26,10.0,21.04,16.45,9.52,2.86,19.24,6.92,20.2,1.28,10.29,8.14,8.41,18.52,15.26,8.77,12.68,14.36,12.64,10.27,4.78,9.79,14.03,14.56,4.31,3.69,5.42,17.31,11.97,11.69,3.98,11.12,16.97,17.25,20.18,4.48,10.53,7.08,8.03,10.7,17.97,11.25,6.3,1.09,13.32,15.0,9.07,16.75,15.58,10.83,1.96,2.41,5.37,5.24
351,60,34,18.581,10.711315.14,2.49,5.29,4.86,15.73,8.94,21.8,1.26,10.0,21.04,16.45,16.95,2.86,19.24,6.92,20.2,1.28,10.29,8.14,8.41,19.3,15.26,8.77,12.68,14.36,12.64,10.27,4.78,9.79,14.03,14.56,4.31,3.69,5.42,17.31,11.97,11.69,3.98,11.12,16.97,17.25,20.18,4.48,10.53,7.08,8.03,10.7,11.25,6.3,1.09,13.32,15.0,9.07,16.75,15.58,10.83,1.96,15.31,2.41,5.37
351,62,33,18.581,10.26415.14,2.49,5.29,4.86,15.73,8.94,21.8,1.26,10.0,21.76,16.45,9.52,2.86,19.24,6.92,20.2,1.28,10.29,8.14,8.41,18.52,15.26,8.77,11.77,12.68,14.77,12.64,10.27,4.78,9.79,14.03,14.56,4.31,3.69,5.42,17.31,11.97,11.69,3.98,11.12,16.97,19.1,20.18,4.48,10.53,7.08,1.36,10.7,3.89,11.25,6.3,1.09,13.32,15.0,9.07,16.75,15.58,10.83,1.96,2.41,5.37,5.24
351,61,34,18.581,10.322315.14,2.49,5.29,4.86,15.73,8.94,22.83,1.26,10.0,21.9,16.45,9.52,2.86,19.24,6.92,20.2,1.28,10.29,8.14,8.41,18.52,15.26,8.77,12.68,14.77,12.64,16.01,4.78,9.79,14.03,14.56,4.31,3.69,5.42,17.31,11.97,11.69,3.98,11.12,16.97,17.25,20.18,4.48,10.53,7.08,1.36,10.7,3.89,11.25,6.3,1.09,13.32,15.0,9.07,16.75,15.58,10.83,1.96,2.41,5.37,5.24
351,61,33,18.581,10.313115.14,2.49,5.29,4.86,15.73,8.94,21.8,1.26,10.0,20.23,16.45,9.52,2.86,15.77,6.92,20.2,1.28,11.07,14.79,8.41,19.66,15.26,8.77,12.68,14.77,12.64,16.01,4.78,9.79,14.03,14.56,4.31,3.69,5.42,11.97,11.69,3.98,11.12,16.97,17.25,20.18,4.48,10.53,7.08,1.36,10.7,3.89,11.25,6.3,1.09,20.03,13.32,15.0,9.07,11.07,15.58,10.83,1.96,2.41,5.37,5.24
351,60,34,18.581,10.556715.14,15.69,5.29,13.18,17.65,8.94,21.8,1.26,10.0,20.26,16.45,12.53,2.86,15.77,6.92,20.2,1.28,11.07,8.66,8.41,19.66,15.26,8.77,12.68,14.77,12.64,10.27,9.79,14.03,14.56,4.31,3.69,5.42,17.31,10.43,11.69,3.98,11.12,16.97,17.25,18.91,4.48,10.53,7.08,1.36,10.7,3.89,11.25,6.3,1.09,13.32,15.0,9.07,11.07,15.58,10.83,1.96,2.41,5.37,5.24
351,61,33,18.581,10.526615.14,2.49,5.29,4.86,17.65,8.94,21.8,1.26,10.0,21.02,16.45,12.53,2.86,15.77,6.92,20.2,1.28,11.07,8.66,8.41,19.66,15.26,8.77,12.68,14.77,12.64,10.27,9.79,14.03,14.56,4.31,3.69,5.42,17.31,10.43,11.69,3.98,11.12,16.97,17.25,18.91,4.48,10.53,7.08,1.36,10.7,3.89,11.25,6.3,15.37,1.09,13.32,15.0,9.07,11.07,15.58,10.83,1.96,5.37,5.24,16.52
351,58,36,18.581,10.522115.14,2.49,5.29,4.86,15.73,8.94,21.8,1.26,10.0,20.07,16.45,12.53,2.86,15.77,6.92,22.07,1.28,11.07,8.66,8.41,19.66,15.26,8.77,12.68,14.77,12.64,10.27,9.79,14.03,14.56,4.31,3.69,5.42,17.31,10.43,13.69,3.98,11.12,16.97,16.58,18.91,10.53,7.08,1.36,10.7,3.89,11.25,6.3,1.09,13.32,15.0,15.03,9.07,11.07,15.58,1.96,5.37,5.24
351,58,34,18.581,10.567815.14,2.49,5.29,4.86,15.73,8.94,21.8,1.26,10.0,20.47,16.45,12.53,2.86,15.77,6.92,22.07,1.28,9.32,8.66,8.41,19.66,15.26,8.77,12.68,14.77,12.64,17.36,9.79,14.03,14.56,4.31,3.69,5.42,17.31,10.43,16.77,3.98,11.12,16.97,16.58,20.76,10.53,7.08,1.36,10.7,3.89,11.25,6.3,1.09,13.32,15.0,9.07,11.07,7.01,15.58,1.96,5.37,5.24
351,59,37,18.581,10.372515.14,2.49,5.29,4.86,15.73,8.94,21.01,1.26,10.0,19.77,16.45,12.53,2.86,15.77,6.92,22.07,1.28,14.01,8.66,8.41,19.66,15.26,8.77,15.38,12.68,14.77,12.64,10.27,9.79,14.03,14.56,4.31,3.69,5.42,17.31,10.43,13.69,3.98,11.12,16.97,16.58,18.91,10.53,7.08,1.36,10.7,3.89,3.74,6.3,1.09,13.32,15.0,9.07,11.07,7.01,15.58,1.96,5.37,5.24
351,56,36,18.581,10.639515.14,2.49,5.29,4.86,15.73,8.94,22.43,1.26,10.0,20.7,16.45,17.07,2.86,15.77,6.92,22.07,1.28,11.07,8.66,8.41,19.66,15.26,8.77,12.68,14.77,12.64,10.27,9.79,14.03,14.56,4.31,3.69,5.42,17.31,10.43,13.69,3.98,11.12,16.97,16.58,18.91,10.53,13.09,1.36,10.7,3.89,6.3,1.09,13.32,15.0,9.07,11.07,15.58,1.96,5.37,5.24
351,56,38,18.581,10.512715.14,2.49,5.29,4.86,15.73,8.94,22.25,1.26,10.0,19.77,19.66,9.52,2.86,15.77,6.92,22.07,1.28,11.07,8.66,8.41,19.47,10.22,8.77,12.68,14.77,12.64,10.27,9.79,14.03,14.56,4.31,3.69,5.42,17.31,10.43,13.69,3.98,11.12,16.97,16.58,18.91,10.53,13.09,1.36,10.7,3.89,6.3,1.09,13.32,18.58,9.07,11.07,15.58,1.96,5.37,5.24
351,55,37,18.581,10.649615.14,2.49,5.29,14.0,15.73,8.94,21.6,1.26,10.0,19.77,16.45,9.52,2.86,15.77,6.92,20.2,1.28,11.07,8.66,8.41,19.47,10.22,8.77,12.68,14.77,12.64,16.01,9.79,14.03,14.56,4.31,3.69,5.42,17.31,10.43,13.69,3.98,11.12,16.97,18.28,20.66,10.53,13.09,1.36,10.7,3.89,6.3,1.09,13.32,18.58,9.07,11.07,1.96,5.37,5.24
351,57,39,18.581,10.407215.25,2.49,5.29,4.86,15.73,8.94,21.6,1.26,10.0,19.77,16.45,9.52,2.86,15.77,6.92,18.49,1.28,11.07,8.66,8.41,19.47,10.22,8.77,12.68,14.77,12.64,10.27,9.79,14.03,18.96,4.31,3.69,5.42,17.4,15.0,8.5,13.69,3.98,11.12,16.97,20.66,10.53,13.09,1.36,10.7,3.89,6.3,1.09,13.32,15.0,12.68,9.07,11.07,15.58,1.96,5.37,5.24
351,57,36,18.581,10.481115.25,2.49,5.29,4.86,15.73,8.94,21.6,1.26,10.0,20.47,16.45,9.52,2.86,15.77,6.92,20.55,1.28,11.07,8.66,8.41,19.47,10.22,8.77,12.68,14.77,12.64,10.27,9.79,14.03,18.96,4.31,3.69,5.42,18.85,15.0,8.5,13.69,3.98,11.12,16.97,20.66,10.53,13.09,1.36,10.7,3.89,6.3,1.09,13.32,15.0,12.68,9.07,11.07,15.58,1.96,5.37,5.24
351,55,39,18.581,10.766917.56,2.49,5.29,4.86,16.08,8.94,20.73,15.8,10.0,19.77,16.45,9.52,2.86,15.77,6.92,18.49,1.28,11.07,8.66,8.41,18.7,10.22,8.77,12.68,14.77,12.64,16.01,9.79,14.03,18.96,4.31,3.69,5.42,19.4,15.0,8.5,13.69,3.98,11.12,16.97,22.33,10.53,13.09,1.36,10.7,3.89,6.3,1.09,15.0,9.07,11.07,15.58,1.96,5.37,5.24
351,55,42,18.581,10.436715.74,2.49,5.29,4.86,16.08,8.94,20.73,1.26,10.0,19.77,16.45,9.52,2.86,15.77,6.92,18.49,1.28,11.07,8.44,8.41,18.47,10.22,8.77,12.68,14.77,12.64,16.01,9.79,14.03,19.28,4.31,3.69,5.42,19.4,15.0,8.5,13.69,3.98,11.12,16.97,20.66,10.53,13.09,1.36,10.7,3.89,6.3,1.09,15.0,9.07,11.07,15.58,1.96,5.37,5.24
351,53,41,18.581,10.641915.74,2.49,5.29,4.86,16.08,8.94,20.73,1.26,10.0,20.47,16.45,9.52,2.86,15.77,6.92,18.49,11.07,8.44,8.41,18.47,10.22,8.77,12.68,14.77,12.64,16.01,13.62,14.03,14.56,4.31,3.69,5.42,20.43,15.0,8.5,13.69,3.98,11.12,16.97,20.66,16.55,13.09,1.36,10.7,3.89,6.3,1.09,15.0,9.07,11.07,1.96,5.37,5.24
351,53,43,18.581,10.47415.74,2.49,5.29,4.86,16.08,8.94,20.73,1.26,10.0,20.47,16.45,9.52,2.86,15.77,6.92,18.49,3.33,11.07,8.44,8.41,18.47,10.22,8.77,12.68,14.77,12.64,16.01,13.62,14.03,14.56,4.31,3.69,5.42,19.59,15.0,8.5,13.69,3.98,11.12,16.97,20.66,10.53,13.09,1.36,10.7,3.89,6.3,1.09,15.0,9.07,11.07,1.96,5.24
351,56,38,18.581,10.404515.74,2.49,5.29,4.86,19.89,8.94,20.73,1.26,10.0,20.47,16.45,9.52,2.86,15.77,6.92,16.71,3.33,11.07,8.44,8.41,18.02,10.22,8.77,12.68,14.77,12.64,16.01,17.62,14.03,8.36,4.31,3.69,5.42,19.59,16.9,8.5,13.69,3.98,11.12,12.08,18.91,9.25,10.53,13.09,1.36,10.7,3.89,6.3,13.66,4.63,9.71,9.07,11.07,11.73,1.96,5.24
351,54,43,18.581,10.445915.74,2.49,5.29,4.86,19.89,8.94,20.73,1.26,10.0,20.47,16.45,9.52,2.86,15.77,6.92,16.71,3.33,11.07,8.44,8.41,17.87,10.22,8.77,12.68,14.77,3.25,16.01,15.67,14.03,8.36,16.78,3.69,5.42,19.59,15.0,8.5,13.69,3.98,11.12,12.08,18.91,15.06,10.53,13.09,1.36,18.59,3.89,6.3,1.09,4.63,11.07,11.73,1.96,5.24
351,55,41,18.581,10.555615.74,2.49,5.29,4.86,19.89,8.94,20.73,12.87,10.0,20.47,16.45,9.52,2.86,15.77,6.92,16.71,3.33,11.07,8.44,8.41,17.87,10.22,8.77,12.68,14.77,3.25,10.27,15.67,14.03,8.36,4.31,3.69,5.42,20.12,15.0,8.5,16.77,3.98,15.01,12.08,18.91,15.06,10.53,13.09,1.36,18.59,3.89,6.3,1.09,4.63,11.07,11.73,15.58,1.96,5.24
351,55,42,18.581,10.669315.74,2.49,5.29,4.86,19.89,8.94,20.73,12.87,10.0,20.47,16.45,9.52,2.86,15.77,6.92,16.71,3.33,11.07,8.44,8.41,17.87,10.22,8.77,12.68,14.77,3.25,10.27,15.67,14.03,8.36,14.5,3.69,5.42,19.26,15.0,8.5,13.69,3.98,15.01,12.08,18.91,15.06,10.53,13.09,1.36,18.59,3.89,6.3,1.09,4.63,11.07,11.73,15.58,1.96,5.24
351,54,41,18.581,10.484316.95,2.49,5.29,4.86,19.89,8.94,12.87,10.0,20.47,16.45,19.43,2.86,15.77,6.92,16.71,3.33,11.07,8.44,8.41,18.2,10.22,8.77,12.68,14.77,3.25,10.27,11.07,21.26,14.03,8.36,4.31,3.69,5.42,19.26,15.0,8.5,13.69,3.98,15.01,11.37,12.08,15.28,13.09,1.36,18.59,3.89,6.3,1.09,4.63,11.07,11.73,15.58,1.96,5.24
351,52,42,18.581,10.483716.95,2.49,5.29,4.86,18.62,8.94,12.87,10.0,20.47,16.45,9.52,2.86,15.77,6.92,16.71,3.33,11.07,11.47,8.41,18.2,10.22,8.77,16.72,14.77,3.25,10.27,11.07,18.95,19.05,8.36,4.31,3.69,5.42,19.26,17.17,8.5,3.98,20.73,11.37,12.08,18.91,10.53,13.09,1.36,3.89,6.3,13.43,1.09,4.63,15.58,1.96,5.24
351,55,41,18.581,10.466716.95,2.49,5.29,4.86,18.62,8.94,12.87,10.0,2.16,16.45,9.52,2.86,15.77,6.92,16.71,3.33,11.07,11.47,8.41,18.94,10.22,8.77,21.91,16.72,18.75,14.77,3.25,14.57,11.07,18.95,14.03,8.63,4.31,3.69,5.42,19.26,18.31,1.32,8.5,3.98,20.76,11.37,12.08,10.53,13.09,1.36,3.89,6.3,13.43,13.66,4.63,11.73,15.58,1.96,5.24
351,54,41,18.581,10.203716.95,2.49,5.29,4.86,17.34,8.94,12.87,10.0,2.16,18.96,9.52,2.86,18.43,6.92,16.71,3.33,11.47,8.41,18.94,10.22,8.77,21.91,16.72,14.77,3.25,14.57,11.07,9.79,14.03,8.63,14.5,3.69,5.42,20.31,15.0,1.32,8.5,3.98,20.76,11.37,12.08,15.06,10.53,13.09,1.36,3.89,6.3,13.43,1.09,4.63,11.73,15.58,1.96,5.24
351,58,39,18.581,10.067616.95,2.49,10.74,4.86,18.06,8.94,12.87,10.0,2.16,18.96,9.52,2.86,15.77,6.92,16.71,3.33,9.32,13.74,8.41,18.94,10.22,8.77,21.91,8.88,19.75,14.77,3.25,14.57,11.07,9.79,9.23,8.63,4.31,3.69,5.42,20.31,11.67,18.31,1.32,8.5,3.98,20.76,11.37,18.33,10.53,13.09,1.36,3.89,6.3,10.98,1.09,11.53,7.01,6.23,15.58,1.96,8.77,5.24
351,58,41,18.581,10.383116.95,16.43,5.29,4.86,13.19,8.94,18.4,10.0,2.16,18.96,9.52,2.86,15.77,6.92,19.9,3.33,9.32,12.56,8.41,8.94,18.94,10.22,8.77,20.06,8.88,19.75,14.77,3.25,16.88,11.07,9.79,13.3,8.63,4.31,3.69,5.42,20.09,19.11,14.21,1.32,8.5,3.98,19.26,11.37,16.61,10.53,13.09,1.36,3.89,6.3,10.98,1.09,11.53,7.01,15.58,1.96,8.77,5.24
351,59,39,18.581,10.065316.95,2.49,5.29,4.86,13.19,8.94,18.4,10.0,2.16,20.28,9.52,2.86,15.77,6.92,16.71,3.33,9.32,14.34,8.41,8.94,18.94,10.22,8.77,20.06,8.88,19.61,14.77,3.25,16.88,11.07,9.79,13.3,8.63,4.31,3.69,5.42,20.09,19.11,14.21,1.32,8.5,3.98,19.26,11.37,16.61,10.53,13.09,1.36,3.89,6.3,1.09,11.53,9.76,7.01,15.58,1.96,8.77,7.02,5.24
351,57,41,18.581,9.945616.95,2.49,5.29,4.86,13.19,8.94,18.4,10.0,2.16,18.4,9.52,2.86,15.77,6.92,16.71,3.33,9.32,13.48,8.41,8.94,18.54,10.22,8.77,20.06,8.88,19.61,14.77,3.25,16.88,11.07,9.79,13.3,8.63,4.31,3.69,5.42,20.39,19.11,14.21,1.32,8.5,3.98,19.26,11.37,10.5,13.91,13.09,1.36,3.89,6.3,10.98,1.09,11.53,7.01,1.96,8.77,5.24
351,57,41,18.581,10.18616.95,15.94,5.29,4.86,13.19,8.94,18.4,17.65,2.16,18.4,9.52,2.86,15.77,6.92,16.71,3.33,9.32,13.48,8.41,8.94,18.78,10.22,8.77,20.06,8.88,19.96,14.77,3.25,16.88,11.07,9.79,13.3,8.63,4.31,3.69,5.42,20.39,19.11,14.21,1.32,8.5,3.98,19.26,11.37,10.5,9.88,13.09,1.36,3.89,6.3,1.09,11.53,7.01,1.96,8.77,7.02,5.24
351,57,39,18.581,10.425616.24,2.49,5.29,4.86,13.19,8.94,18.4,10.0,2.16,17.7,9.52,2.86,15.77,6.92,16.71,3.33,9.32,14.34,8.41,8.94,18.35,20.06,8.88,19.96,14.77,14.56,16.88,11.07,13.94,13.3,8.63,4.31,3.69,5.42,20.39,19.11,14.21,1.32,8.5,3.98,14.08,15.41,10.5,9.88,13.09,1.36,20.5,3.89,6.3,19.91,1.09,11.53,7.01,1.96,8.77,7.02,5.24
351,58,37,18.581,10.382216.24,2.49,5.29,4.86,13.19,8.94,18.4,10.0,2.16,17.7,9.52,2.86,15.77,6.92,16.71,3.33,9.32,14.03,8.41,15.78,18.35,20.06,8.88,19.96,14.77,3.25,16.88,11.07,20.28,9.79,13.3,8.63,4.31,3.69,5.42,19.11,14.21,1.32,8.5,3.98,11.12,15.41,15.92,10.5,9.88,13.09,1.36,20.5,3.89,6.3,19.91,1.09,15.52,7.01,1.96,8.77,7.02,5.24
351,56,40,18.581,10.297716.24,2.49,12.82,4.86,13.19,8.94,18.4,10.0,2.16,19.25,9.52,2.86,15.77,6.92,16.71,3.33,9.32,13.21,8.41,8.94,18.35,20.06,8.88,19.96,14.77,3.25,16.88,11.07,20.28,9.79,13.3,8.63,4.31,3.69,5.42,19.11,14.21,1.32,8.5,3.98,11.12,15.41,10.5,9.88,13.09,1.36,20.5,3.89,6.3,19.91,1.09,11.53,1.96,8.77,7.02,5.24
351,58,39,18.581,10.117616.24,2.49,5.29,4.99,13.19,8.94,19.07,18.4,10.0,2.16,17.7,9.52,2.86,15.77,6.92,16.71,3.33,9.32,13.21,8.41,8.94,18.35,20.06,8.88,19.96,14.77,3.25,16.88,11.07,20.28,9.79,13.3,8.63,4.31,3.69,5.42,19.11,14.21,1.32,10.56,3.98,11.12,10.5,9.88,13.09,1.36,15.76,3.89,6.3,19.91,1.09,11.53,11.11,7.01,1.96,8.77,7.02,5.24
351,57,40,18.581,10.168117.92,2.49,5.29,4.99,13.19,8.94,18.55,18.4,10.0,2.16,17.7,9.52,2.86,15.77,6.92,16.71,3.33,9.32,13.21,8.41,8.94,18.54,20.06,8.88,19.96,14.77,3.25,16.88,11.07,20.28,9.79,13.3,8.63,4.31,3.69,5.42,19.11,14.21,1.32,10.56,3.98,11.12,10.5,12.4,13.09,1.36,15.76,3.89,6.3,19.91,1.09,11.53,7.01,1.96,8.77,7.02,5.24
351,57,39,18.581,10.239117.92,2.49,5.29,4.99,13.19,8.94,18.55,18.4,10.0,2.16,16.1,9.52,2.86,15.77,6.92,16.71,3.33,9.32,13.21,8.41,8.94,18.34,20.06,8.88,19.96,14.77,3.25,16.88,11.07,20.28,9.79,13.3,8.63,4.31,3.69,5.42,19.11,14.21,1.32,10.56,3.98,11.12,13.78,14.97,13.09,1.36,15.76,3.89,6.3,19.91,1.09,11.53,7.01,1.96,8.77,7.02,5.24
351,59,36,18.581,10.066917.92,2.49,5.29,4.99,13.19,8.94,18.55,18.4,10.0,2.16,16.45,9.52,2.86,15.77,6.92,16.71,3.33,9.32,13.21,8.41,8.94,18.83,21.0,8.88,19.14,14.77,3.25,10.27,11.07,20.28,9.79,15.98,8.63,4.31,3.69,5.42,19.11,14.21,1.32,10.56,3.98,11.12,18.5,10.5,12.4,1.36,15.76,3.89,6.3,1.09,4.63,9.21,14.29,1.96,8.77,7.02,14.3,9.75,5.24
351,59,35,18.581,10.482413.22,2.49,5.29,4.99,13.19,8.94,18.55,14.13,10.0,2.16,16.35,9.52,2.86,15.77,6.92,16.71,17.8,9.32,13.21,8.41,8.94,17.81,17.57,22.45,8.88,19.14,14.77,3.25,10.27,11.07,20.28,9.79,15.98,8.63,4.31,3.69,5.42,17.04,18.11,1.32,10.56,3.98,11.12,10.5,12.68,13.09,15.76,3.89,6.3,19.91,1.09,4.63,12.68,9.21,7.01,1.96,8.77,7.02,9.75
351,60,37,18.581,10.24582.49,5.29,4.99,13.19,8.94,18.55,12.87,10.0,2.16,16.35,9.52,2.86,15.77,6.92,16.71,3.33,9.32,13.21,8.41,8.94,17.81,17.57,22.45,8.88,19.14,14.77,3.25,10.27,16.02,19.21,9.79,15.98,8.63,4.31,3.69,5.42,17.04,14.21,1.32,10.56,3.98,11.12,10.5,12.68,13.09,15.76,3.89,6.3,19.91,1.09,4.63,12.68,9.21,7.01,20.02,1.96,8.77,7.02,9.75,5.24
351,59,36,18.581,10.050319.88,2.49,5.29,4.99,8.94,1.26,14.68,2.16,16.35,9.52,2.86,15.77,6.92,3.33,13.42,13.21,8.41,8.94,17.81,17.57,22.45,8.88,19.14,14.77,3.25,10.27,15.38,19.21,9.79,15.98,8.63,4.31,3.69,5.42,17.04,14.21,1.32,10.56,3.98,11.12,15.32,10.5,12.68,13.09,10.7,3.89,6.3,19.91,1.09,4.63,12.68,9.21,7.01,20.02,1.96,8.77,7.02,9.75,5.24
351,61,32,18.581,9.831513.56,2.49,5.29,4.99,8.94,1.26,14.68,2.16,16.35,9.52,2.86,15.77,6.92,16.71,3.33,9.32,13.21,8.41,8.94,17.48,17.57,22.45,8.88,19.96,4.87,14.77,3.25,10.27,15.38,20.2,9.79,15.98,8.63,4.31,3.69,5.42,17.04,14.21,1.32,10.56,14.13,3.98,11.12,15.32,10.5,12.68,13.09,10.7,3.89,6.3,19.91,1.09,4.63,12.68,9.21,7.01,1.96,8.77,7.02,9.75,5.24
351,59,33,18.581,9.781516.11,2.49,5.29,4.99,8.94,1.26,14.68,2.16,16.35,9.52,2.86,15.77,6.92,14.53,3.33,9.32,13.21,8.41,8.94,18.59,17.57,22.45,8.88,19.96,14.77,3.25,10.27,15.38,20.72,9.79,15.98,8.63,4.31,3.69,5.42,17.04,14.21,1.32,10.56,3.98,11.12,15.32,10.5,12.68,13.09,10.7,3.89,6.3,1.09,4.63,12.68,9.21,7.01,1.96,8.77,7.02,14.3,9.75,5.24
351,60,33,18.581,10.330216.11,2.49,5.29,15.13,8.94,1.26,14.68,2.16,16.35,9.52,2.86,15.77,6.92,14.53,3.33,9.32,13.21,8.41,8.94,18.09,17.57,22.45,8.88,19.96,14.77,14.46,17.36,15.38,19.9,9.79,15.98,8.63,4.31,3.69,5.42,17.04,14.21,1.32,10.56,3.98,11.12,15.32,10.5,12.68,13.09,10.7,3.89,6.3,1.09,4.63,12.68,9.21,7.01,15.58,1.96,8.77,7.02,14.3,9.75,5.24
351,61,31,18.581,10.195116.11,2.49,5.29,4.99,8.94,1.26,14.68,2.16,15.91,9.52,2.86,15.77,6.92,14.53,3.33,9.32,14.93,8.41,8.94,18.09,18.78,17.57,21.0,8.88,19.96,14.77,3.25,10.27,15.38,19.9,9.79,15.98,8.63,4.31,3.69,5.42,17.04,14.21,1.32,10.56,3.98,11.12,15.32,10.5,15.83,13.09,10.7,3.89,6.3,1.09,4.63,12.68,17.98,7.01,15.58,1.96,8.77,7.02,14.3,9.75,5.24
351,60,32,18.581,10.184716.11,2.49,5.29,4.99,8.94,1.26,14.68,2.16,15.91,9.52,2.86,15.77,6.92,14.53,3.33,9.32,14.93,8.41,8.94,18.09,18.78,19.15,21.0,8.88,19.96,14.77,3.25,16.29,15.38,19.9,9.79,15.98,8.63,4.31,3.69,5.42,17.04,14.21,1.32,10.56,3.98,11.12,15.32,10.5,15.39,13.09,10.7,3.89,6.3,1.09,4.63,12.68,7.01,15.58,1.96,8.77,7.02,14.3,9.75,5.24
351,61,31,18.581,10.245616.11,2.49,5.29,4.99,8.94,1.26,14.68,2.16,15.91,9.52,2.86,15.77,6.92,14.53,3.33,9.32,14.93,8.41,8.94,18.09,17.57,21.0,8.88,19.96,14.77,3.25,16.29,15.38,19.9,9.79,15.98,8.63,4.31,3.69,5.42,17.04,14.21,1.32,10.56,17.76,3.98,11.12,15.32,10.5,15.39,13.09,10.7,3.89,6.3,1.09,4.63,12.68,16.5,7.01,15.58,1.96,8.77,7.02,14.3,9.75,5.24
351,59,31,18.581,10.1217.88,2.49,5.29,4.99,8.94,18.98,1.26,14.68,2.16,15.91,9.52,2.86,15.77,6.92,14.53,3.33,9.32,14.93,8.41,8.94,18.09,17.57,21.0,8.88,19.96,14.77,3.25,16.29,20.89,9.79,15.98,8.63,4.31,3.69,5.42,17.04,14.21,1.32,10.56,3.98,11.12,15.32,10.5,15.39,13.09,10.7,3.89,6.3,1.09,4.63,12.68,7.01,15.58,1.96,8.77,7.02,14.3,9.75,5.24
351,57,33,18.581,10.113219.53,2.49,5.29,4.99,8.94,19.27,1.26,14.68,2.16,15.91,13.94,2.86,15.77,6.92,14.53,3.33,9.32,14.93,8.41,8.94,18.07,18.25,21.0,15.07,19.96,14.77,3.25,10.27,11.07,19.12,9.79,15.98,8.63,4.31,3.69,5.42,17.04,14.21,1.32,10.56,3.98,7.95,10.5,15.39,13.09,10.7,7.69,6.3,1.09,4.63,7.01,15.58,1.96,8.77,7.02,14.3,5.24
351,57,35,18.581,10.021419.35,2.49,5.29,4.99,8.94,19.27,1.26,14.68,2.16,15.91,13.94,2.86,15.77,6.98,14.53,3.33,9.32,14.93,8.41,8.94,18.07,18.25,21.0,8.88,19.96,14.77,3.25,10.27,11.07,19.12,9.79,15.98,8.63,4.31,3.69,5.42,14.21,1.32,10.56,3.98,13.39,10.5,15.39,13.09,10.7,7.69,6.3,1.09,4.63,12.68,7.01,15.58,1.96,8.77,7.02,14.3,5.24
351,55,36,18.581,10.21219.35,15.53,5.29,4.99,8.94,19.27,1.26,14.68,2.16,15.91,13.94,2.86,15.77,6.92,14.53,3.33,9.32,14.93,8.41,8.94,18.07,18.25,21.0,8.88,19.96,14.77,3.25,10.27,11.07,19.12,9.79,15.98,15.75,4.31,3.69,5.42,1.32,8.5,3.98,10.5,15.39,13.09,10.7,7.69,6.3,1.09,4.63,12.68,7.01,15.58,1.96,8.77,7.02,14.3,5.24
351,54,42,18.581,9.874419.35,2.49,5.29,4.99,8.94,1.26,14.68,2.16,15.91,13.94,2.86,15.77,6.92,14.53,3.33,9.32,14.93,8.41,8.94,18.07,19.28,21.0,8.88,19.96,3.25,10.27,11.07,19.12,9.79,15.98,16.26,4.31,3.69,5.42,1.32,8.5,3.98,13.39,15.32,12.68,13.09,10.7,7.69,14.28,6.3,1.09,4.63,7.01,15.58,1.96,8.77,7.02,14.3,5.24
351,54,40,18.581,10.0819.35,2.49,5.29,4.99,8.94,1.26,14.68,2.16,15.91,13.94,2.86,15.77,6.92,14.53,3.33,9.32,14.93,8.41,8.94,18.07,19.28,8.88,19.96,3.25,10.27,11.07,19.12,9.79,15.98,16.26,4.31,3.69,5.42,1.32,8.5,11.99,13.39,15.32,21.38,15.39,13.09,10.7,7.69,14.28,6.3,1.09,4.63,7.01,15.58,1.96,8.77,7.02,14.3,5.24
351,54,38,18.581,10.109819.35,2.49,5.29,4.99,8.94,1.26,14.68,2.16,15.91,9.52,2.86,15.77,6.92,14.53,3.33,9.32,14.93,8.41,8.94,18.07,20.22,22.86,8.88,19.96,3.25,10.27,11.07,19.12,9.79,15.98,16.26,4.31,3.69,5.42,1.32,8.5,11.99,13.39,15.32,12.68,13.09,10.7,14.28,6.3,1.09,4.63,7.01,14.01,15.58,1.96,8.77,7.02,14.3,5.24
351,54,38,18.581,10.262619.15,2.49,5.29,4.99,8.94,1.26,14.68,2.16,15.91,9.52,2.86,15.77,6.92,14.53,3.33,9.32,14.93,8.41,8.94,18.07,19.28,22.86,8.88,20.98,3.25,10.27,15.38,19.12,9.79,15.98,18.81,4.31,3.69,5.42,1.32,7.53,11.24,13.39,15.32,12.68,13.09,17.24,10.7,14.28,6.3,1.09,4.63,7.01,15.58,1.96,8.77,7.02,14.3,5.24
351,52,41,18.581,10.088319.15,2.49,5.29,4.99,8.94,1.26,14.68,2.16,15.91,9.52,2.86,15.77,6.92,14.53,3.33,9.32,14.11,8.41,8.94,18.07,19.28,22.86,8.88,20.98,3.25,10.27,11.07,18.2,9.79,15.98,18.81,4.31,3.69,5.42,1.32,7.53,11.24,13.39,15.32,12.68,13.09,10.7,14.28,1.09,4.63,7.01,15.58,1.96,8.77,7.02,14.3,5.24
351,50,40,18.581,9.927820.18,2.49,5.29,4.99,18.84,1.26,14.68,2.16,15.91,9.52,2.86,15.77,6.92,14.53,3.33,9.32,14.11,8.41,8.94,17.95,19.28,22.86,8.88,20.98,3.25,10.27,11.07,9.79,15.98,20.17,4.31,3.69,5.42,1.32,7.53,11.24,13.39,15.32,12.68,6.5,10.7,14.28,1.09,4.63,7.01,1.96,8.77,7.02,14.3,5.24
351,52,39,18.581,10.548115.63,2.49,5.29,4.99,18.28,1.26,14.68,2.16,15.91,9.52,2.86,15.77,6.92,14.53,9.32,14.11,8.41,8.94,18.52,19.28,22.86,8.88,20.84,13.26,10.27,11.07,9.84,15.98,18.47,4.31,3.69,5.42,17.41,19.07,1.32,7.53,11.24,13.39,15.32,9.64,13.09,6.5,10.7,14.28,19.53,1.09,4.63,7.01,1.96,8.77,7.02,5.24
351,52,44,18.581,10.20516.11,2.49,5.29,4.99,8.94,1.26,14.68,2.16,15.91,9.52,2.86,15.77,6.92,14.53,9.32,14.11,8.41,8.94,18.52,19.28,22.24,8.88,20.84,10.27,11.07,9.84,15.98,18.47,4.31,3.69,5.42,18.57,19.07,1.32,7.53,11.24,13.39,15.32,9.64,13.09,6.5,10.7,7.69,14.28,1.09,4.63,7.01,15.58,1.96,8.77,7.02,5.24
351,53,41,18.581,10.22716.11,2.49,5.29,4.99,8.94,1.26,14.68,2.16,15.91,9.52,2.86,15.77,6.92,14.53,9.32,14.11,8.41,8.94,18.52,19.28,21.0,8.88,20.84,17.24,10.27,11.07,9.84,15.98,18.47,4.31,3.69,5.42,19.07,1.32,7.53,11.24,13.39,15.32,9.64,15.78,6.5,10.7,7.69,14.28,1.09,4.63,11.25,7.01,15.58,1.96,8.77,7.02,5.24
351,53,42,18.581,10.304716.11,2.49,5.29,4.99,11.96,1.26,14.68,2.16,15.91,9.52,2.86,15.77,6.92,12.58,9.32,17.71,8.41,8.94,19.28,21.0,8.88,20.84,18.13,10.27,11.07,15.16,16.74,9.84,15.98,18.47,4.31,3.69,5.42,19.07,1.32,7.53,11.24,13.39,15.32,9.64,13.09,6.5,10.7,7.69,14.28,1.09,4.63,11.25,7.01,12.22,1.96,7.02,5.24
351,52,39,18.581,10.689216.11,2.49,5.29,4.99,8.94,11.31,14.68,2.16,15.91,9.52,2.86,15.77,6.92,14.53,9.32,17.71,8.41,21.92,19.28,8.88,20.84,17.82,10.27,11.07,15.16,16.74,9.84,15.98,18.47,16.15,3.69,5.42,20.23,1.32,7.53,11.24,13.39,15.32,9.64,4.48,15.9,6.5,10.7,7.69,14.28,1.09,4.63,7.01,12.22,1.96,7.02,5.24
351,51,41,18.581,10.364316.11,2.49,9.01,4.99,8.94,1.26,14.68,2.16,15.91,9.52,2.86,15.77,6.92,14.53,9.32,17.71,8.41,21.92,19.28,8.88,20.69,17.82,10.27,11.07,15.16,16.74,9.84,15.98,19.35,4.31,3.69,5.42,20.23,1.32,7.53,11.24,13.39,15.32,9.64,4.48,13.09,6.5,10.7,7.69,14.28,1.09,4.63,12.22,1.96,7.02,5.24
351,52,39,18.581,10.273716.11,2.49,9.01,4.99,8.94,15.94,1.26,10.0,2.16,13.96,9.52,2.86,15.77,6.92,14.53,9.32,18.14,8.41,23.63,19.28,8.88,20.69,17.82,10.27,15.16,16.74,9.84,15.98,19.35,4.31,3.69,5.42,18.84,1.32,13.94,11.24,7.95,15.32,9.64,4.48,6.5,10.7,7.69,14.28,1.09,5.84,4.63,12.94,12.22,1.96,7.02,5.24
351,54,37,18.581,10.570416.11,2.49,9.01,4.99,8.94,15.94,1.26,10.0,2.16,16.35,9.52,2.86,15.77,6.92,14.53,9.32,18.14,8.41,8.94,19.28,22.1,8.88,20.69,19.15,10.27,15.16,16.74,9.84,9.23,19.35,4.31,3.69,5.42,18.84,1.32,13.94,11.24,14.97,15.32,9.64,4.48,6.5,10.7,7.69,14.28,1.09,5.84,4.63,15.22,11.73,12.22,1.96,7.02,16.4
351,53,34,18.581,10.814216.11,2.49,9.01,4.99,8.94,15.94,14.77,9.91,2.16,16.35,9.52,2.86,15.77,3.13,6.92,14.53,9.32,18.14,8.41,8.94,19.28,22.1,8.88,21.22,19.15,10.27,15.16,16.74,20.68,9.23,19.35,4.31,3.69,5.42,18.84,12.83,13.94,11.24,7.95,15.32,9.64,4.48,6.5,18.75,7.69,14.28,1.09,5.84,4.63,12.22,1.96,7.02,5.24
351,53,38,18.581,10.361116.11,2.49,9.01,4.99,8.94,15.94,1.26,9.91,2.16,16.35,9.52,2.86,15.77,3.13,6.92,14.53,9.32,18.35,8.41,8.94,19.28,23.33,20.47,18.97,10.27,15.16,16.74,9.84,16.36,19.35,14.93,8.43,3.69,5.42,18.84,1.32,13.94,11.24,7.95,15.32,4.48,6.5,10.7,7.69,14.28,1.09,5.84,4.63,11.73,12.22,1.96,7.02,5.24
351,54,38,18.581,10.164616.11,2.49,9.01,4.99,8.94,15.94,1.26,9.91,2.16,16.35,9.52,2.86,15.77,3.13,6.92,14.53,9.32,18.65,8.41,8.94,19.28,23.33,11.46,19.84,18.97,15.16,14.63,9.84,9.23,19.35,4.31,8.43,3.69,5.42,18.84,1.32,13.94,11.24,7.95,15.32,13.09,4.48,6.5,10.7,7.69,14.28,1.09,5.84,4.63,11.73,12.22,1.96,12.68,5.24
351,54,37,18.581,10.455716.11,2.49,9.01,4.99,8.94,1.26,9.91,9.02,16.35,9.52,2.86,15.77,3.13,6.92,14.53,9.32,18.73,8.41,8.94,20.33,23.33,11.46,19.04,18.18,11.07,15.16,14.63,9.84,9.23,19.35,4.31,8.43,3.69,5.42,20.23,1.32,13.94,11.24,7.95,15.32,13.09,4.48,14.82,15.5,7.69,14.28,1.09,11.18,4.63,11.73,12.22,1.96,7.02,5.24
351,54,38,18.581,10.27592.49,9.01,4.99,18.74,8.94,1.26,9.91,9.02,16.35,9.52,2.86,15.77,3.13,6.92,14.53,9.32,18.47,8.41,8.94,20.33,23.33,11.46,19.04,18.18,11.07,15.16,14.63,9.84,9.23,18.84,4.31,8.43,3.69,5.42,1.32,13.94,11.24,7.95,15.32,13.09,4.48,14.82,15.5,7.69,14.28,1.09,5.84,14.0,4.63,11.73,12.22,1.96,7.02,5.24
351,55,39,18.581,10.196516.11,2.49,9.01,4.99,8.94,1.26,9.91,9.02,16.35,9.52,2.86,15.77,3.13,6.92,14.53,9.32,18.47,8.41,8.94,20.33,23.33,11.46,19.04,18.18,11.07,15.16,14.63,9.84,9.23,18.84,4.31,8.43,3.69,5.42,16.86,1.32,13.94,11.24,7.95,15.32,13.09,4.48,6.5,15.5,7.69,14.28,1.09,5.84,14.0,4.63,11.73,12.22,1.96,7.02,5.24
351,56,35,18.581,10.379316.11,2.49,9.01,4.99,8.94,1.26,9.91,9.02,16.35,9.52,2.86,15.77,3.13,6.92,14.53,9.32,18.47,8.41,8.94,20.33,23.33,11.46,19.04,19.54,11.07,15.16,14.63,9.84,9.23,18.84,4.31,15.23,3.69,5.42,16.86,1.32,13.94,11.24,7.95,15.32,13.09,4.48,6.5,15.5,7.69,14.28,1.09,5.84,14.0,4.63,11.73,12.22,1.96,7.02,12.27,5.24
351,55,39,18.581,10.290516.11,2.49,9.01,4.99,8.94,1.26,9.91,9.02,16.35,9.52,2.86,15.77,3.13,6.92,14.53,9.32,18.47,8.41,8.94,20.33,21.92,16.26,19.04,19.54,11.07,15.16,14.63,9.84,9.23,18.84,4.31,8.43,3.69,5.42,16.86,1.32,13.94,11.24,7.95,15.32,13.09,4.48,6.5,15.5,7.69,14.28,1.09,5.84,4.63,11.73,12.22,1.96,7.02,14.42,5.24
351,55,39,18.581,10.540216.11,2.49,9.01,4.99,8.94,1.26,9.91,9.02,16.35,9.52,2.86,15.77,3.13,6.92,14.53,9.32,18.47,8.41,16.2,20.33,21.92,16.26,19.04,19.54,11.07,15.16,13.33,9.84,9.23,18.84,4.31,8.43,3.69,5.42,16.86,1.32,13.94,11.24,7.95,15.32,13.09,4.48,6.5,10.7,7.69,14.28,13.66,5.84,4.63,11.73,12.22,1.96,7.02,14.42,5.24
351,54,38,18.581,10.468116.11,2.49,9.01,4.99,8.94,1.26,9.91,2.16,19.21,9.52,2.86,15.77,3.13,6.92,14.53,9.32,18.95,8.41,22.07,20.33,22.6,15.27,19.19,19.54,11.07,15.16,13.33,9.84,9.23,18.84,4.31,8.43,3.69,5.42,16.86,1.32,13.94,11.24,7.95,15.32,4.48,6.5,10.7,7.69,14.28,1.09,5.84,4.63,11.0,11.73,12.22,7.02,14.42,5.24
351,54,39,18.581,10.428316.11,2.49,9.01,4.99,8.94,1.26,9.91,2.16,16.35,9.52,2.86,15.77,3.13,6.92,14.53,9.32,18.95,8.41,16.2,20.33,22.6,15.27,19.19,19.54,11.07,15.16,13.33,9.84,9.23,18.84,4.31,8.43,3.69,5.42,16.86,1.32,13.94,11.24,7.95,15.32,4.48,6.5,10.7,7.69,14.28,1.09,5.84,4.63,11.0,11.73,12.22,13.6,14.42,5.24
351,54,39,18.581,10.315216.11,2.49,9.01,4.99,8.94,1.26,9.91,2.16,16.35,9.52,2.86,15.77,3.13,6.92,14.53,9.32,19.42,8.41,16.2,20.33,22.6,15.27,19.19,19.54,11.07,15.16,13.33,9.84,9.23,18.84,4.31,8.43,3.69,5.42,16.86,1.32,13.94,11.24,7.95,15.32,4.48,6.5,10.7,7.69,14.28,1.09,5.84,4.63,11.0,11.73,12.22,7.02,14.42,5.24
351,54,40,18.581,10.295716.11,2.49,9.01,4.99,8.94,1.26,9.91,2.16,16.35,9.52,2.86,15.77,3.13,6.92,14.53,9.32,18.62,8.41,16.2,20.08,22.6,15.27,19.19,19.54,11.07,15.16,13.33,9.84,9.23,18.84,4.31,8.43,3.69,5.42,16.86,1.32,13.94,11.24,7.95,15.32,4.48,6.5,10.7,7.69,14.28,1.09,5.84,4.63,11.0,11.73,12.22,7.02,14.42,5.24
351,55,37,18.581,10.478416.11,2.49,9.01,4.99,8.94,1.26,9.91,2.16,16.35,9.52,2.86,15.77,3.13,6.92,14.53,9.32,18.62,8.41,16.2,20.08,22.6,15.27,19.19,19.54,11.07,15.16,13.33,9.84,9.23,18.84,4.31,8.43,3.69,5.42,16.86,1.32,16.36,11.24,7.95,15.32,4.48,6.5,10.7,7.69,14.28,1.09,5.84,4.63,11.0,11.73,17.92,12.22,7.02,14.42,5.24
351,54,38,18.581,10.349116.11,2.49,9.01,4.99,8.94,1.26,9.91,2.16,16.35,9.52,2.86,15.77,3.13,6.92,14.53,9.32,19.08,8.41,16.2,20.08,22.6,15.27,19.19,19.54,11.07,15.16,13.33,9.84,9.23,18.84,4.31,8.43,3.69,5.42,16.86,1.32,16.36,11.24,7.95,15.32,4.48,6.5,10.7,7.69,14.28,1.09,5.84,4.63,11.0,11.73,12.22,7.02,14.42,5.24
351,54,39,18.581,10.379616.11,2.49,9.01,4.99,8.94,1.26,9.91,2.16,16.35,9.52,2.86,15.77,3.13,6.92,14.53,9.32,18.7,8.41,16.2,20.33,22.6,15.27,19.19,19.54,11.07,15.16,13.33,9.84,9.23,18.84,4.31,8.43,3.69,5.42,16.86,1.32,13.94,11.24,7.95,19.52,4.48,6.5,10.7,7.69,14.28,1.09,5.84,4.63,11.0,11.73,12.22,7.02,14.42,5.24
351,53,39,18.581,10.419416.11,2.49,9.01,4.99,8.94,1.26,9.91,2.16,16.76,9.52,2.86,15.77,3.13,6.92,14.53,9.32,18.7,16.2,20.33,22.6,15.27,19.19,17.82,11.07,15.16,13.33,9.84,9.23,18.84,4.31,8.43,3.69,5.42,16.86,1.32,13.94,11.24,7.95,15.32,4.48,6.5,10.7,7.69,14.28,1.09,5.84,4.63,11.0,11.73,17.87,7.02,14.42,5.24
351,54,37,18.581,10.415416.11,2.49,9.01,4.99,8.94,1.26,9.91,2.16,16.35,9.52,2.86,15.77,3.13,6.92,14.53,9.32,19.87,8.41,16.2,20.33,22.6,15.27,20.22,17.82,11.07,15.16,13.33,9.84,9.23,18.84,4.31,8.43,3.69,5.42,16.86,1.32,13.94,11.24,7.95,15.32,4.48,6.5,10.7,7.69,14.28,1.09,5.84,4.63,11.0,11.73,17.87,7.02,14.42,5.24
351,55,35,18.581,10.826216.11,15.09,9.01,4.99,8.94,1.26,9.91,2.16,16.35,9.52,2.86,15.77,3.13,6.92,14.53,9.32,18.96,8.41,8.94,20.33,22.6,15.27,20.22,18.64,11.07,15.16,13.33,9.84,9.23,18.84,4.31,8.43,3.69,5.42,16.86,1.32,13.94,11.24,7.95,15.32,4.48,6.5,10.7,7.69,14.28,1.09,5.84,4.63,11.0,11.73,17.87,19.19,14.42,15.59,5.24
351,55,36,18.581,10.356716.11,2.49,9.01,4.99,8.94,1.26,9.91,2.16,16.35,9.52,2.86,15.77,3.13,6.92,19.16,9.32,18.96,8.41,8.94,20.28,22.6,11.46,21.11,17.82,11.07,15.16,13.33,9.84,9.23,18.84,4.31,8.43,3.69,5.42,16.86,1.32,13.94,11.24,7.95,15.32,4.48,6.5,10.7,7.69,18.12,1.09,5.84,4.63,15.51,11.0,11.73,12.22,7.02,14.42,5.24
351,52,37,18.581,10.204416.11,2.49,9.01,4.99,8.94,1.26,9.91,2.16,10.22,9.52,2.86,15.77,3.13,6.92,19.16,9.32,18.96,8.41,8.94,21.03,22.6,11.46,21.11,18.82,11.07,15.16,13.33,9.84,9.23,18.84,4.31,8.43,3.69,18.68,16.86,1.32,11.24,15.16,7.95,4.48,6.5,10.7,7.69,14.28,1.09,5.84,4.63,11.0,11.73,12.22,7.02,5.24
351,53,38,18.581,10.333817.54,2.49,9.01,4.99,8.94,1.26,9.91,2.16,10.22,9.52,2.86,15.77,3.13,6.92,19.16,15.84,9.32,18.96,8.41,8.94,20.14,22.6,11.46,21.11,17.82,11.07,15.16,13.33,9.84,9.23,18.84,4.31,8.43,3.69,16.28,16.86,1.32,11.24,15.16,7.95,4.48,6.5,10.7,7.69,18.36,1.09,5.84,4.63,11.0,11.73,12.22,7.02,5.24
351,51,38,18.581,10.207316.11,2.49,9.01,4.99,8.94,1.26,9.91,2.16,10.22,9.52,2.86,15.77,3.13,6.92,19.16,9.32,18.96,15.74,8.94,21.32,22.6,11.46,21.11,17.82,11.07,15.16,13.33,9.84,9.23,18.84,4.31,8.43,3.69,16.28,16.86,1.32,11.24,15.16,7.95,4.48,6.5,10.7,7.69,1.09,5.84,4.63,11.0,11.73,12.22,7.02,5.24
351,52,37,18.581,10.136516.11,2.49,9.01,4.99,8.94,1.26,9.91,2.16,10.22,9.52,2.86,15.77,3.13,6.92,19.16,9.32,19.43,8.41,8.94,21.11,22.6,11.46,20.7,18.75,11.07,15.16,13.33,14.45,9.23,18.84,4.31,8.43,3.69,18.02,19.4,1.32,6.65,15.16,7.95,4.48,6.5,10.7,7.69,14.28,1.09,5.84,4.63,11.0,6.23,12.22,7.02,5.24
351,52,38,18.581,10.397513.56,2.49,9.01,4.99,8.94,1.26,9.91,2.16,10.22,9.52,2.86,15.77,3.13,14.05,19.16,9.32,19.43,8.41,8.94,20.35,22.6,11.46,20.7,18.41,11.84,15.16,13.33,14.45,9.23,18.84,4.31,8.43,3.69,18.02,16.86,1.32,6.65,15.16,7.95,4.48,11.42,17.64,7.69,14.28,1.09,5.84,4.63,11.0,6.23,12.22,7.02,5.24
351,52,39,18.581,10.473813.56,2.49,9.01,4.99,8.94,1.26,9.91,2.16,10.22,9.52,4.14,15.77,3.13,14.05,19.16,9.32,19.43,8.41,8.94,20.35,22.6,11.46,20.7,18.41,11.84,15.16,13.62,14.45,9.23,18.84,4.31,8.43,3.69,17.3,14.68,1.32,6.65,15.16,7.95,4.48,11.42,10.7,7.69,14.28,1.09,5.84,4.63,11.0,18.47,12.22,7.02,5.24
351,49,39,18.581,10.576113.56,2.49,9.01,4.99,8.94,1.26,2.16,16.87,9.52,4.14,20.5,3.13,14.05,19.16,9.32,19.43,8.41,8.94,20.35,22.6,11.46,20.7,18.41,11.84,15.16,13.62,14.45,14.41,17.58,4.31,8.43,3.69,14.68,1.32,6.65,15.16,16.26,4.48,11.42,7.69,14.28,1.09,5.97,4.63,11.0,6.23,12.22,7.02,5.24
351,49,40,18.581,10.499613.56,2.49,9.01,4.99,8.94,1.26,19.83,2.16,16.87,9.52,4.14,15.77,3.13,14.05,19.16,9.32,8.41,8.94,20.35,22.6,11.46,20.7,18.41,11.84,15.16,12.98,14.45,15.24,17.58,4.31,8.43,3.69,14.68,1.32,6.65,15.16,16.65,4.48,11.42,7.69,14.28,1.09,5.97,4.63,11.0,6.23,12.22,7.02,5.24
351,49,39,18.581,10.763913.56,12.72,9.01,4.99,8.94,1.26,19.83,2.16,16.87,9.52,13.4,15.77,3.13,14.05,19.16,10.84,8.41,22.5,20.35,11.46,20.7,18.41,11.84,15.16,11.97,9.84,15.24,17.58,4.31,8.43,3.69,14.68,1.32,6.65,15.16,4.48,11.42,10.7,7.69,14.28,6.3,1.09,5.97,4.63,17.25,6.23,12.22,7.02,5.24
351,48,38,18.581,10.463813.56,12.72,9.01,4.99,8.94,1.26,19.83,2.16,17.61,9.52,4.14,14.03,3.13,6.92,19.16,8.41,22.5,20.35,11.46,20.7,18.41,11.84,15.16,11.97,14.45,15.24,17.58,4.31,8.43,3.69,14.68,1.32,13.71,15.16,4.48,9.06,10.7,7.69,14.28,6.3,1.09,5.97,4.63,11.0,6.23,12.22,7.02,5.24
351,49,38,18.581,10.309413.56,12.72,9.01,4.99,8.94,1.26,19.83,2.16,18.1,9.52,4.14,16.41,3.13,6.92,19.16,8.41,22.5,20.91,11.46,20.7,18.41,11.84,15.16,11.97,9.84,15.24,17.58,4.31,8.43,3.69,14.68,1.32,13.71,14.23,4.48,9.06,10.7,7.69,11.63,6.3,1.09,5.97,4.63,6.23,12.22,1.96,7.02,5.24,16.7
351,48,41,18.581,10.1213.56,12.72,9.01,4.99,8.94,1.26,19.49,2.16,18.12,9.52,4.14,14.03,3.13,6.92,19.16,8.41,22.5,20.91,11.46,20.7,18.41,11.84,15.16,11.97,9.84,15.24,17.58,4.31,8.43,3.69,14.68,1.32,13.71,14.23,4.48,9.06,10.7,7.69,11.63,6.3,1.09,5.97,4.63,6.23,12.22,1.96,7.02,5.24
351,47,38,18.581,10.287413.56,12.72,14.58,4.99,8.94,1.26,19.93,2.16,18.54,9.52,4.14,14.03,3.13,6.92,19.16,8.41,22.5,20.96,11.46,20.7,17.7,15.16,11.97,9.84,15.24,17.58,4.31,8.43,3.69,14.68,1.32,13.71,18.05,4.48,9.06,10.7,7.69,11.63,6.3,1.09,5.97,4.63,6.23,12.22,1.96,7.02,5.24
351,47,38,18.581,10.135513.56,12.72,9.01,4.99,8.94,1.26,19.93,2.16,18.54,9.52,4.14,15.9,3.13,6.92,19.16,8.41,23.27,20.68,11.46,20.59,17.7,15.16,11.97,9.84,15.24,17.58,4.31,8.43,3.69,14.68,1.32,13.71,14.23,4.48,9.06,10.7,7.69,11.63,6.3,1.09,5.97,4.63,6.23,12.22,1.96,7.02,5.24
351,47,36,18.581,10.455313.56,15.25,9.01,4.99,8.94,1.26,19.93,9.02,18.54,9.52,4.14,14.03,3.13,6.92,19.16,8.41,22.5,20.1,11.46,21.51,17.49,15.16,11.97,14.45,15.24,17.58,4.31,8.43,3.69,14.68,1.32,13.71,14.23,4.48,9.06,7.69,16.59,6.3,1.09,5.97,4.63,8.36,6.23,6.16,12.22,1.96,7.02
351,45,37,18.581,10.451613.56,14.16,9.01,4.99,8.94,17.99,1.26,19.93,9.02,17.4,9.52,4.14,14.03,3.13,6.92,19.16,5.56,7.08,22.36,20.1,11.46,20.13,17.49,15.16,11.97,14.45,15.24,17.58,8.43,3.69,14.68,1.32,13.71,4.48,9.06,11.63,6.3,1.09,5.97,4.63,6.23,6.16,12.22,1.96,7.02
351,45,38,18.581,10.442913.56,14.16,9.01,4.99,8.94,1.26,19.93,9.02,16.68,9.52,4.14,14.03,3.13,6.92,19.16,5.56,7.08,22.36,20.1,11.46,20.13,17.11,15.16,11.97,14.45,15.24,17.58,8.43,3.69,14.68,1.32,13.71,14.23,4.48,9.06,16.1,6.3,1.09,5.97,4.63,6.23,6.16,12.22,1.96,7.02
351,44,38,18.581,10.535513.56,14.16,9.01,4.99,8.94,1.26,19.93,9.02,16.68,9.52,4.14,14.03,6.92,19.16,5.56,7.08,22.36,20.65,11.46,20.13,17.79,15.16,11.97,14.45,15.24,17.58,8.43,3.69,14.68,1.32,13.71,14.23,4.48,9.06,11.63,6.3,1.09,5.97,4.63,6.23,6.16,12.22,1.96,7.02
351,44,38,18.581,10.43513.56,14.16,9.01,4.99,8.94,1.26,19.93,2.16,16.68,9.52,4.14,14.03,6.92,19.16,5.56,7.08,22.36,20.65,11.46,21.0,16.45,15.16,11.97,14.45,15.24,17.58,8.43,3.69,14.68,1.32,13.71,17.14,4.48,9.06,11.63,6.3,1.09,5.97,4.63,6.23,6.16,12.22,1.96,7.02
351,44,39,18.581,10.368913.56,14.16,9.01,4.99,8.94,1.26,19.93,2.16,16.68,9.52,4.14,14.03,6.92,19.16,5.56,7.08,22.36,20.65,11.46,21.0,16.45,15.16,11.97,14.45,15.24,17.58,8.43,3.69,14.68,1.32,13.71,14.23,4.48,9.06,11.63,6.3,1.09,5.97,4.63,6.23,6.16,12.22,1.96,7.02
351,44,36,18.581,10.399113.56,14.16,9.01,4.99,8.94,1.26,20.68,2.16,16.68,9.52,4.14,14.03,6.92,19.16,5.56,7.08,22.36,21.26,11.46,20.97,16.45,15.16,11.97,14.45,15.24,17.58,8.43,3.69,14.68,1.32,13.71,14.23,4.48,9.06,11.63,6.3,1.09,5.97,4.63,6.23,6.16,12.22,1.96,7.02
351,43,37,18.581,10.512813.56,14.16,9.01,4.99,8.94,17.72,1.26,20.68,2.16,16.68,9.52,4.14,14.03,6.92,19.16,5.56,7.08,22.36,20.09,11.46,20.97,16.45,15.16,11.97,14.45,15.24,19.56,8.43,3.69,14.68,1.32,6.65,4.48,9.06,10.84,6.3,1.09,5.97,4.63,6.23,6.16,12.22,7.02
351,43,34,18.581,10.779313.56,14.16,9.01,8.53,8.94,17.72,1.26,20.68,2.16,16.68,9.52,4.14,14.03,6.92,19.16,5.56,7.08,22.36,19.46,11.46,20.97,16.45,15.16,11.97,14.45,15.24,21.43,8.43,3.69,14.68,1.32,6.65,4.48,9.06,10.98,6.3,1.09,4.63,3.55,6.23,12.22,15.12,7.02
351,43,31,18.581,10.968113.56,14.16,9.01,5.33,8.94,17.72,1.26,20.68,2.16,18.78,9.52,4.14,14.03,14.05,19.16,5.56,7.08,22.36,19.46,17.36,20.97,16.45,15.16,11.97,9.84,15.24,16.08,8.43,3.69,14.68,1.32,13.71,4.48,9.06,10.98,6.3,1.09,4.63,2.64,6.23,12.22,15.12,7.02
351,41,35,18.581,10.659317.85,14.16,9.01,5.33,8.94,17.72,1.26,20.68,2.16,18.04,9.52,4.14,13.2,13.61,18.93,11.25,7.08,22.36,19.46,11.46,21.93,17.46,15.16,11.97,9.84,14.96,8.43,3.69,1.32,6.65,4.48,9.06,10.98,6.3,1.09,4.63,14.81,2.64,6.23,12.22,7.02
351,41,34,18.581,10.339319.53,14.16,9.01,5.33,8.94,17.72,1.26,20.68,2.16,18.04,9.52,4.14,13.2,13.61,11.25,7.08,22.36,19.46,11.46,21.93,17.45,15.16,11.97,9.84,14.96,8.43,3.69,1.32,6.65,4.48,9.06,10.98,6.3,1.09,4.63,2.64,2.86,6.23,16.09,12.22,7.02
351,40,35,18.581,10.125819.5,14.16,9.01,5.33,8.94,17.72,1.26,20.3,2.16,17.24,9.52,4.14,13.2,13.61,11.25,7.08,22.36,19.46,11.46,21.93,17.46,11.97,14.64,14.96,8.43,3.69,1.32,6.65,4.48,9.06,10.98,6.3,1.09,4.63,2.64,2.86,6.23,12.22,8.77,7.02
351,40,38,18.581,10.147320.15,14.29,9.01,5.33,8.94,17.72,1.26,20.5,2.16,18.04,9.52,7.93,13.2,13.61,11.25,7.08,22.53,19.46,11.46,21.93,17.35,11.97,14.79,14.96,8.43,3.69,1.32,6.65,4.48,9.06,10.98,6.3,1.09,1.31,4.63,2.64,2.86,12.22,8.77,7.02
351,41,37,18.581,10.41817.16,14.29,9.01,5.33,8.94,1.26,20.5,2.16,18.04,11.4,7.93,13.2,13.61,19.86,11.25,7.08,22.67,19.49,14.59,11.46,21.93,17.35,11.97,14.79,14.96,8.43,3.69,1.32,6.65,14.23,4.48,9.06,10.98,6.3,1.09,1.31,4.63,2.64,2.86,12.22,7.02
351,42,39,18.581,10.373617.16,14.29,9.01,5.33,8.94,1.26,20.8,2.16,18.04,11.4,7.93,13.2,13.61,16.71,11.25,7.08,22.05,17.91,14.59,11.46,21.93,17.35,13.6,11.97,14.79,14.96,8.43,3.69,1.32,6.65,14.23,4.48,9.06,10.98,6.3,1.09,1.31,4.63,2.64,2.86,12.22,7.02
351,43,38,18.581,10.479817.16,14.29,9.01,5.33,8.94,1.26,20.8,2.16,18.04,11.4,7.93,13.2,13.61,16.71,11.25,7.08,22.05,17.91,14.59,11.46,21.2,17.35,13.6,11.97,14.79,14.96,8.43,3.69,1.32,6.65,14.23,4.48,9.06,10.98,6.3,1.09,1.31,4.63,2.64,2.86,15.67,12.22,7.02
351,43,39,18.581,10.457217.16,14.29,9.01,5.33,8.94,1.26,20.62,2.16,18.04,11.4,7.93,13.2,13.61,16.71,11.25,7.08,22.88,17.91,14.59,11.46,20.15,17.35,13.6,10.9,9.84,14.96,8.43,3.69,1.32,6.65,14.23,4.48,9.06,10.98,6.3,1.09,1.31,12.26,2.64,2.86,13.49,12.22,7.02
351,43,39,18.581,10.454217.16,14.29,9.01,5.33,8.94,1.26,20.62,2.16,18.04,11.4,7.93,13.2,13.61,16.71,11.25,7.08,22.76,17.91,14.59,11.46,20.15,17.35,13.6,10.89,9.84,14.96,8.43,3.69,1.32,6.65,14.23,4.48,9.06,10.98,6.3,1.09,1.31,12.26,2.64,2.86,13.49,12.22,7.02
351,43,38,18.581,10.895117.16,14.29,9.01,5.33,8.94,1.26,20.61,2.16,17.15,11.4,7.93,13.2,13.61,16.71,11.25,16.19,22.76,17.91,14.59,11.46,20.86,17.35,13.6,15.04,9.84,14.96,8.43,3.69,1.32,6.65,14.23,4.48,9.06,10.98,6.3,12.91,1.09,1.31,12.26,2.64,2.86,13.49,12.22
351,41,41,18.581,10.777317.16,14.29,9.01,5.33,8.94,1.26,20.86,2.16,17.44,11.4,7.93,13.2,13.61,16.71,11.25,16.19,22.76,17.91,14.59,11.46,20.1,17.35,13.6,15.04,9.84,14.96,8.43,3.69,1.32,6.65,14.23,4.48,9.06,10.98,6.3,1.09,1.31,12.26,2.64,2.86,12.22
351,43,37,18.581,10.65717.16,14.29,9.01,5.33,8.94,1.26,20.86,2.16,18.51,11.4,7.93,13.2,13.61,16.71,10.98,7.08,22.76,17.91,14.59,11.46,20.93,17.35,13.6,15.04,9.84,14.96,8.43,3.69,1.32,6.65,14.23,4.48,9.06,10.98,6.3,13.41,1.09,1.31,12.26,10.45,2.64,2.86,12.22
351,43,38,18.581,10.514217.16,14.29,9.01,5.33,8.94,1.26,21.16,2.16,15.81,11.4,7.93,13.2,13.61,16.71,14.38,7.08,22.76,17.91,14.59,11.46,20.1,17.35,13.6,10.84,19.54,9.23,14.96,8.43,3.69,1.32,6.65,14.23,4.48,9.06,10.98,6.3,1.09,1.31,4.63,10.45,2.64,2.86,12.22
351,43,36,18.581,10.492817.16,14.29,9.01,4.99,8.94,1.26,21.16,2.16,17.0,11.4,7.93,13.2,13.61,16.71,10.98,7.08,22.76,17.91,14.59,11.46,20.93,11.78,17.35,13.6,10.84,19.54,9.23,14.96,8.43,3.69,1.32,6.65,14.23,4.48,9.06,6.3,1.09,1.31,4.63,10.45,2.64,2.86,12.22
351,43,39,18.581,10.426717.16,17.61,9.01,4.99,8.94,1.26,21.16,2.16,17.0,11.4,7.93,13.2,13.61,16.71,10.98,7.08,22.05,17.91,14.59,11.46,20.93,17.35,13.6,10.84,14.89,9.23,14.96,8.43,3.69,1.32,6.65,14.23,4.48,9.06,10.98,6.3,1.09,1.31,4.63,10.45,2.64,2.86,12.22
351,44,40,18.581,10.232717.16,17.61,9.01,5.33,8.94,1.26,21.16,2.16,17.0,16.86,7.93,13.2,13.61,16.71,10.98,7.08,21.42,17.91,11.46,20.93,17.35,13.6,10.84,14.89,9.23,14.74,8.43,3.69,1.32,6.65,14.23,4.48,9.06,10.98,6.3,1.09,1.31,4.63,10.45,2.64,2.86,2.76,12.22,8.77
351,45,37,18.581,10.316717.69,17.61,9.01,5.33,8.94,1.26,21.16,2.16,17.7,16.6,7.93,13.2,13.61,16.71,10.98,7.08,8.94,17.91,17.42,11.46,21.43,20.93,16.66,10.84,9.84,15.24,14.74,8.43,3.69,1.32,6.65,14.23,4.48,9.06,10.98,6.3,1.09,1.31,4.63,10.45,2.64,2.86,2.76,12.22,8.77
351,46,37,18.581,10.319617.69,17.61,9.01,5.33,8.94,1.26,21.16,2.16,16.57,14.66,7.93,13.2,13.61,16.71,10.98,2.7,8.94,19.48,17.91,11.46,21.43,20.93,15.23,10.84,9.84,15.24,14.74,8.43,3.69,1.32,6.65,14.23,17.27,4.48,9.06,10.98,6.3,1.09,1.31,4.63,10.45,2.64,2.86,2.76,12.22,8.77
351,44,38,18.581,10.430917.76,17.61,9.01,5.33,8.94,1.26,20.95,2.16,16.57,14.66,7.93,13.2,13.61,16.25,10.98,2.7,8.94,17.91,17.91,11.46,20.93,20.93,15.23,10.84,9.84,15.24,14.74,13.94,3.69,1.32,6.65,14.23,4.48,9.06,10.98,6.3,1.09,4.63,10.45,2.64,2.86,2.76,12.22,8.77
351,45,39,18.581,10.092917.89,17.61,9.01,5.33,8.94,1.26,21.07,2.16,16.57,14.66,7.93,13.2,13.61,16.25,10.98,2.7,8.94,17.91,17.91,11.46,20.93,20.1,15.23,10.84,9.84,15.24,14.74,8.43,3.69,1.32,6.65,14.23,4.48,9.06,10.98,6.3,1.09,1.31,4.63,10.45,2.64,2.86,2.76,12.22,8.77
351,45,39,18.581,10.092917.89,17.61,9.01,5.33,8.94,1.26,21.07,2.16,16.57,14.66,7.93,13.2,13.61,16.25,10.98,2.7,8.94,17.91,17.91,11.46,20.93,20.1,15.23,10.84,9.84,15.24,14.74,8.43,3.69,1.32,6.65,14.23,4.48,9.06,10.98,6.3,1.09,1.31,4.63,10.45,2.64,2.86,2.76,12.22,8.77
351,45,37,18.581,10.219317.89,17.61,9.01,5.33,8.94,1.26,21.07,2.16,16.57,14.66,7.93,13.2,8.01,16.25,10.98,2.7,8.94,18.85,17.91,11.46,20.93,20.1,15.23,10.84,9.84,15.24,14.74,8.43,3.69,1.32,17.0,14.23,4.48,9.06,10.98,6.3,1.09,1.31,4.63,10.45,2.64,2.86,2.76,12.22,8.77
351,45,35,18.581,10.33417.65,17.61,9.01,5.33,8.94,1.26,21.07,2.16,16.57,14.66,7.93,13.2,8.01,16.25,10.98,2.7,8.94,18.85,17.91,11.46,20.93,20.1,15.23,15.82,9.84,15.24,16.32,8.43,3.69,1.32,12.05,14.23,4.48,9.06,14.77,6.3,1.09,1.31,4.63,10.45,2.64,2.86,2.76,12.22,8.77
351,45,35,18.581,10.353317.89,17.61,9.01,5.33,8.94,1.26,21.07,2.16,16.57,14.66,7.93,16.04,8.01,16.25,10.98,2.7,8.94,18.85,17.91,11.46,20.93,20.1,15.23,10.84,9.84,17.08,14.74,8.43,3.69,13.02,6.65,14.23,4.48,9.06,10.98,6.3,1.09,1.31,4.63,10.45,2.64,2.86,2.76,12.22,8.77
351,45,35,18.581,10.074417.89,17.61,9.01,5.33,8.94,1.26,21.07,2.16,17.6,14.66,7.93,13.2,8.01,16.25,10.98,2.7,8.94,18.85,17.91,11.46,20.93,21.06,15.23,10.84,9.84,17.08,14.74,8.43,3.69,1.32,6.65,14.23,4.48,9.06,10.98,6.3,1.09,1.31,4.63,10.45,2.64,2.86,2.76,12.22,8.77
351,46,32,18.581,10.123317.89,14.29,9.01,5.33,8.94,1.26,21.07,2.16,17.16,14.66,7.93,13.2,8.01,16.25,10.98,2.7,8.94,18.85,17.91,11.46,20.93,20.84,15.23,10.84,9.84,13.92,14.74,8.43,3.69,1.32,6.65,14.23,12.32,4.48,9.06,10.98,6.3,11.77,1.09,1.31,10.45,2.64,2.86,2.76,12.22,8.77
351,44,36,18.581,10.266817.89,14.29,9.01,5.33,8.94,1.26,21.07,2.16,18.38,14.66,7.93,13.2,8.01,16.25,10.98,8.94,18.85,17.91,11.46,20.93,20.84,15.23,10.84,9.84,13.92,14.74,15.44,3.69,1.32,6.65,14.23,4.48,9.06,10.98,6.3,1.09,1.31,4.63,10.45,2.64,2.86,2.76,12.22,8.77
351,45,31,18.581,10.289817.89,14.29,9.01,5.33,15.84,1.26,20.53,2.16,18.38,17.32,7.93,13.2,8.01,14.53,10.98,8.94,18.85,17.91,16.63,20.35,20.84,15.23,10.84,9.84,17.08,14.74,8.43,3.69,2.24,1.32,6.65,14.23,4.48,9.06,10.98,6.3,1.09,1.31,4.63,10.45,2.64,2.86,2.76,8.77,13.24
351,45,34,18.581,10.135318.35,14.29,9.01,5.33,8.94,1.26,20.53,2.16,18.3,14.66,7.93,13.2,14.42,14.53,10.98,8.94,18.85,17.91,16.63,20.35,20.84,15.23,10.84,9.84,13.92,14.74,8.43,3.69,2.24,1.32,6.65,14.23,4.48,9.06,10.98,6.3,1.09,1.31,4.63,10.45,2.64,2.86,2.76,12.22,8.77
351,45,35,18.581,10.087618.35,14.29,9.01,3.88,8.94,1.26,20.53,2.16,17.03,14.66,7.93,13.2,8.01,14.53,14.55,8.94,18.85,17.91,16.63,20.35,20.84,15.23,10.84,9.84,13.92,14.74,8.43,3.69,2.24,1.32,6.65,14.23,4.48,9.06,14.39,6.3,1.09,1.31,4.63,10.45,2.64,2.86,2.76,12.22,8.77
351,46,32,18.581,10.301318.35,14.29,9.01,3.88,8.94,1.26,20.53,2.16,16.25,14.66,7.93,13.2,8.01,17.44,14.55,8.94,18.85,17.91,16.63,20.35,20.84,15.23,10.84,9.84,13.92,18.05,8.43,3.69,2.24,1.32,6.65,14.23,4.48,9.06,14.39,6.3,1.09,1.31,4.63,10.45,2.64,2.86,2.76,12.22,8.77,14.48
351,45,33,18.581,10.4118.35,14.29,9.01,3.88,8.94,1.26,20.92,2.16,16.25,14.66,7.93,13.2,8.01,14.53,14.55,8.94,18.85,18.78,16.63,20.35,20.84,15.23,10.84,9.84,13.92,14.74,8.43,3.69,2.24,1.32,6.65,14.23,4.48,9.06,14.39,6.3,1.09,15.34,4.63,10.45,2.64,2.86,2.76,12.22,8.77
351,45,35,18.581,10.394218.35,14.29,9.01,3.88,8.94,1.26,20.53,2.16,16.87,14.66,13.92,13.2,8.01,14.53,14.55,8.94,18.85,17.91,16.63,20.35,20.84,15.23,10.84,9.84,9.23,14.74,8.43,3.69,2.24,1.32,6.65,14.23,20.55,9.06,10.98,6.3,1.09,1.31,4.63,10.45,2.64,2.86,2.76,12.22,8.77
351,46,34,18.581,10.224618.35,14.29,9.01,3.88,8.94,1.26,20.53,2.16,16.87,14.66,13.92,13.2,8.01,14.53,14.55,8.94,18.85,17.91,16.63,20.35,20.84,18.1,10.84,9.84,9.23,14.74,8.43,3.69,2.24,1.32,6.65,14.23,4.48,9.06,10.98,6.3,15.79,1.09,1.31,4.63,10.45,2.64,2.86,2.76,12.22,8.77
351,45,35,18.581,10.327318.35,14.29,9.01,3.88,8.94,1.26,20.53,2.16,17.44,14.66,13.92,13.2,8.01,14.53,14.55,8.94,18.93,17.91,16.63,20.35,20.84,18.65,10.84,9.84,9.23,14.74,8.43,3.69,11.23,1.32,6.65,14.23,4.48,9.06,10.98,6.3,1.09,1.31,4.63,10.45,2.64,2.86,2.76,12.22,8.77
351,46,34,18.581,10.284818.35,14.29,9.01,3.88,8.94,1.26,20.53,2.16,17.44,14.66,7.93,13.2,14.42,14.53,14.55,8.94,13.74,18.47,18.27,16.63,20.35,20.84,15.23,10.84,9.84,9.23,14.74,8.43,3.69,2.24,1.32,6.65,14.23,4.48,9.06,10.98,6.3,1.09,1.31,11.35,10.45,2.64,2.86,2.76,12.22,8.77
351,44,34,18.581,10.195919.72,14.29,9.01,3.88,8.94,1.26,20.53,2.16,17.44,20.62,7.93,13.2,8.01,14.53,14.55,8.94,18.47,18.27,16.63,20.84,15.23,10.84,15.63,9.23,14.74,8.43,3.69,2.24,1.32,6.65,14.23,4.48,9.06,10.98,15.92,1.09,1.31,4.63,10.45,2.64,2.86,2.76,12.22,8.77
351,44,36,18.581,9.9818.35,14.29,9.01,3.88,8.94,1.26,20.53,2.16,17.44,20.62,7.93,13.2,8.01,14.53,14.55,8.94,18.47,18.27,16.63,20.84,15.23,10.84,9.84,9.23,14.74,8.43,3.69,2.24,1.32,13.93,14.23,4.48,9.06,10.98,6.3,1.09,1.31,4.63,10.45,2.64,2.86,2.76,12.22,8.77
