210,36,118,7.9991,4.621.18,3.23,4.41,3.75,3.73,9.58,6.47,4.7,1.9,6.84,4.05,5.77,6.8,3.26,7.18,8.53,6.83,9.18,4.3,1.69,6.03,4.82,2.54,3.61,4.09,2.83,4.48,5.31,4.08,6.2,4.02,1.02,6.77,3.12,1.01,3.01
210,38,101,7.9991,4.18711.23,8.88,8.29,3.23,3.75,3.42,3.73,8.8,5.84,4.7,1.9,6.84,4.23,2.61,5.77,3.26,7.18,8.53,1.68,4.3,3.72,1.69,1.71,7.39,4.82,2.54,4.09,2.83,8.26,4.48,3.91,4.02,1.59,1.02,3.12,1.01,2.63,2.11
210,43,88,7.9991,3.84721.29,3.14,8.88,8.39,3.23,6.56,3.75,3.42,3.73,4.2,5.84,4.7,1.9,6.84,4.23,9.6,1.74,4.2,5.77,3.26,7.18,7.53,1.68,7.27,1.32,1.69,1.71,2.49,2.54,4.09,2.83,4.48,4.05,1.85,3.91,1.59,1.02,3.12,2.5,1.01,2.63,2.16,2.11
210,45,78,7.9991,3.8241.29,2.76,8.88,3.23,6.71,7.12,3.7,3.42,4.19,4.2,5.84,4.7,1.9,6.84,4.23,1.07,9.6,1.74,4.2,5.77,4.67,0.33,3.26,7.18,8.84,7.27,1.32,1.71,2.34,3.54,4.09,3.55,2.83,1.62,4.48,2.36,4.05,1.85,3.91,1.59,1.02,3.12,2.5,1.15,2.11
210,49,71,7.9991,3.01021.29,2.76,3.23,6.71,6.83,3.7,4.19,4.2,5.84,4.7,2.04,6.84,4.23,1.07,1.74,4.2,5.77,4.59,0.33,3.26,5.03,1.37,1.68,5.18,1.91,2.45,1.71,1.34,2.34,4.09,3.55,2.83,1.62,4.48,1.19,2.36,0.38,1.29,1.85,2.94,3.08,0.69,6.68,1.02,3.12,1.45,0.7,2.5,1.15
210,48,64,7.9991,3.12632.76,5.29,3.23,6.71,10.38,3.7,4.02,4.19,4.2,3.52,4.7,2.04,6.84,4.23,1.07,4.2,5.77,4.59,0.33,3.26,5.03,6.54,1.06,3.97,2.03,2.27,1.71,2.34,3.98,4.09,3.55,4.48,1.19,2.36,1.27,0.38,1.29,1.85,2.94,3.08,0.69,0.62,1.02,1.51,1.45,0.7,2.5,1.13
210,46,62,7.9991,2.98112.76,5.29,5.58,3.23,4.68,3.3,4.02,4.19,4.2,3.52,4.7,2.04,4.86,4.23,1.07,4.2,5.77,0.33,3.2,5.03,6.54,1.06,3.97,2.03,2.92,1.71,2.34,4.17,1.27,2.21,6.67,1.19,2.36,1.27,0.38,1.29,1.85,2.94,5.36,1.98,0.62,1.02,1.45,0.7,2.5,1.13
210,47,54,7.9991,3.05264.45,5.29,6.68,3.23,3.3,1.41,4.37,4.02,4.19,5.27,3.52,4.7,2.06,4.86,4.07,1.07,4.2,5.77,0.33,5.03,6.54,1.06,2.3,3.97,2.03,2.92,1.71,2.34,4.17,4.67,2.52,6.67,1.19,2.36,1.27,0.38,1.29,1.85,5.36,1.98,1.65,0.62,1.02,1.45,0.7,2.5,1.13
210,48,53,7.9991,2.9553.23,5.29,3.23,4.68,3.3,2.48,4.37,4.02,4.19,3.42,3.52,4.7,3.4,0.65,1.98,4.2,7.54,2.93,0.33,0.97,7.13,1.06,3.26,5.12,1.94,2.03,2.92,7.02,3.45,4.17,1.27,2.44,6.67,1.19,2.36,1.27,1.17,1.29,1.85,5.36,1.98,0.62,1.71,1.02,1.45,0.7,1.13,1.83
210,50,45,7.9991,2.76943.23,5.29,2.93,3.23,4.68,3.47,2.48,3.28,3.75,4.19,1.99,0.49,3.52,4.7,3.4,0.65,1.98,4.2,5.77,2.93,0.33,0.97,8.53,1.68,3.26,5.12,1.94,2.03,2.31,3.45,4.17,1.27,2.44,2.06,3.05,2.4,1.17,1.29,1.85,5.36,1.98,4.95,1.43,0.62,1.71,1.02,1.51,1.45,1.13,1.83
210,51,41,7.9991,2.75693.2,5.29,2.36,3.23,4.68,3.47,2.48,3.28,3.75,3.73,1.99,0.49,3.52,3.41,3.4,0.65,1.98,4.2,5.77,2.93,0.33,1.13,0.97,7.5,1.68,3.26,6.91,1.94,2.03,2.31,3.29,3.45,4.17,2.44,1.21,2.4,1.17,2.03,1.85,3.08,1.98,4.95,1.43,0.62,1.71,1.02,1.51,6.01,1.45,1.13,1.83
210,54,36,7.9991,2.56432.78,5.29,2.36,3.07,3.47,4.22,3.75,3.67,1.99,0.49,3.52,2.53,3.4,1.6,1.98,4.2,5.96,2.93,0.33,1.13,0.97,0.96,1.68,3.26,6.91,1.94,2.03,7.57,3.29,3.45,4.17,1.27,2.44,1.21,2.4,1.17,2.03,1.85,2.74,3.08,4.39,1.98,4.42,1.43,0.62,1.71,1.02,0.38,1.51,2.31,1.45,1.2,1.13,1.83
210,56,32,7.9991,2.66341.06,2.78,5.29,2.36,3.07,3.47,4.22,3.75,3.67,2.22,0.49,3.52,2.53,3.4,1.6,1.98,4.2,2.78,0.33,1.13,0.97,1.49,1.58,7.8,7.82,6.91,1.94,2.03,7.57,3.29,3.45,4.17,1.27,2.44,1.62,1.21,2.4,2.03,1.85,2.26,2.74,3.08,4.39,1.98,4.42,1.43,0.62,1.71,1.02,0.38,1.51,2.31,1.45,1.2,1.13,1.83
210,54,33,7.9991,2.79831.06,2.78,5.29,2.36,3.07,5.41,4.22,3.75,3.67,2.22,0.49,3.52,2.53,3.4,1.6,4.02,1.98,1.72,3.72,4.46,2.78,0.33,1.13,0.97,1.49,1.58,8.22,5.39,1.94,2.03,7.74,3.29,3.29,4.17,9.04,2.44,1.21,2.4,2.03,1.85,2.26,2.74,3.08,1.98,4.42,1.43,0.62,1.71,1.02,2.31,1.45,1.13,0.54,1.83
210,54,30,7.9991,2.70631.06,2.78,5.29,2.36,3.07,5.41,4.58,3.75,3.67,2.22,0.49,3.52,2.53,3.4,1.6,4.27,1.98,1.72,2.99,4.46,2.78,0.33,1.13,0.97,1.49,0.79,3.21,8.22,5.39,1.94,2.03,7.74,3.29,4.17,1.27,3.74,1.62,1.21,2.4,2.04,1.85,2.26,2.74,1.98,4.42,1.43,0.62,1.71,1.02,1.14,2.31,1.45,4.47,1.83
210,51,29,7.9991,3.0212.74,1.78,5.29,6.87,3.07,5.59,4.65,3.75,3.67,2.22,5.28,2.9,2.53,3.4,1.6,4.27,1.98,1.72,2.99,4.46,2.78,0.33,1.13,1.72,0.97,2.47,0.79,4.99,8.22,5.39,7.43,1.94,2.03,7.74,3.29,1.27,3.55,1.62,1.21,2.04,1.85,2.26,2.74,1.98,4.42,1.43,1.43,1.02,2.31,1.13,1.83
210,51,28,7.9991,3.03182.74,1.78,5.29,2.36,3.07,3.91,4.65,3.75,3.67,2.22,5.28,2.9,2.53,3.54,1.6,4.27,1.98,1.72,3.81,4.46,2.78,0.33,1.13,1.72,0.97,2.47,1.5,1.05,7.92,5.39,1.94,6.93,7.74,5.35,3.29,1.27,3.55,1.35,1.21,2.24,2.04,1.85,2.26,1.61,1.98,4.42,1.43,8.1,2.31,1.13,1.83
210,50,30,7.9991,2.8612.74,1.78,5.29,2.36,3.07,3.91,4.17,3.75,3.67,2.91,5.28,2.9,2.53,3.54,1.6,4.27,1.98,1.72,3.81,4.46,2.93,0.33,1.13,1.72,3.69,2.47,2.68,3.73,5.39,5.49,1.94,6.93,7.74,3.29,3.55,1.62,1.21,2.24,2.04,1.85,2.26,1.57,1.98,1.43,1.43,1.02,0.38,2.31,1.13,1.83
210,49,30,7.9991,2.85842.74,1.78,5.29,3.03,3.07,3.91,4.17,3.75,9.07,2.91,5.28,2.9,2.53,3.48,1.6,1.98,1.72,3.81,2.93,0.33,1.13,1.72,3.69,4.46,2.68,3.73,5.39,2.36,1.94,6.93,7.99,3.29,3.55,1.62,1.21,2.24,2.04,1.85,2.26,1.57,1.98,1.43,0.62,1.02,0.38,0.92,2.31,1.13,2.34
210,48,29,7.9991,2.9662.74,1.78,7.22,2.6,3.07,2.4,5.81,5.92,3.67,2.91,5.28,2.9,2.53,3.48,1.6,7.69,1.98,1.72,3.81,7.48,0.33,1.13,1.72,3.69,4.94,2.68,3.73,5.54,2.36,1.94,7.11,3.29,3.55,1.62,1.21,2.24,1.51,1.85,2.26,1.57,1.98,1.43,1.02,0.38,0.92,2.31,1.13,2.34
210,47,36,7.9991,2.71912.74,1.78,5.36,2.36,3.07,3.04,4.59,5.92,5.03,2.91,5.28,2.07,2.08,1.6,1.98,1.72,2.99,7.48,0.33,1.13,1.72,3.69,4.94,2.68,3.55,2.36,1.94,7.11,3.35,3.3,3.29,0.66,3.55,1.62,1.21,3.98,2.24,1.51,2.26,1.57,1.43,0.62,1.02,0.38,0.92,2.31,1.13
210,47,31,7.9991,2.96232.74,1.32,5.36,2.36,3.07,3.04,4.59,6.32,5.03,5.28,2.07,2.08,0.92,1.6,1.98,5.34,8.29,2.99,0.33,1.13,1.72,3.69,4.94,2.68,3.55,2.36,1.94,7.11,5.47,3.35,3.3,3.29,0.66,3.55,1.62,3.98,2.24,1.51,2.26,1.57,2.3,1.43,3.49,1.02,0.92,2.31,1.13
210,48,30,7.9991,2.91962.74,1.32,5.49,2.36,3.07,4.59,7.63,4.85,2.91,5.28,2.07,1.21,0.92,1.6,1.98,5.34,8.29,2.99,0.33,1.13,1.72,3.69,5.24,2.68,3.55,1.94,7.11,1.82,5.47,3.35,3.3,3.29,0.66,3.55,1.62,1.21,3.98,2.24,1.51,2.26,1.57,1.98,1.43,3.49,1.02,0.92,2.31,1.13
210,45,31,7.9991,2.9142.74,1.32,7.95,2.36,3.07,5.52,4.59,5.62,4.85,5.28,2.07,1.21,0.92,1.6,1.98,5.34,8.29,2.99,0.33,1.13,1.72,3.69,5.24,2.68,3.55,4.6,2.47,1.94,0.86,1.82,3.35,3.3,3.55,2.06,3.98,2.24,1.51,1.57,2.46,1.98,1.43,3.49,1.02,0.92,0.54
210,46,27,7.9991,2.97353.63,1.32,6.93,2.36,3.07,4.39,4.59,3.68,4.85,2.91,5.28,2.07,1.21,1.54,0.92,1.98,5.34,8.29,2.99,0.33,1.13,1.72,5.0,5.24,2.68,3.55,4.26,1.94,0.86,1.82,3.35,3.3,3.55,2.06,3.98,3.04,1.51,6.7,1.57,2.46,1.98,1.43,3.49,1.02,0.92,0.54
210,48,23,7.9991,2.86794.04,6.93,2.36,3.94,4.39,4.37,1.38,4.59,7.86,2.91,5.28,2.07,1.21,3.03,0.92,2.57,5.34,3.41,2.99,0.33,1.13,1.72,3.52,4.67,2.68,3.49,4.26,1.94,0.86,2.27,3.35,3.55,2.06,3.98,4.82,1.51,1.15,1.57,2.59,1.98,1.65,1.43,2.49,3.49,1.02,0.92,3.1,0.54
210,48,21,7.9991,2.93623.39,6.93,2.36,3.94,4.39,4.37,3.82,4.59,7.86,2.91,5.28,2.07,1.21,3.03,0.92,2.57,5.34,3.41,3.66,2.23,0.33,1.13,1.72,3.52,2.68,3.49,6.15,1.94,0.86,4.3,2.27,3.35,3.55,2.06,3.98,2.91,1.51,1.15,1.57,2.59,1.98,1.65,1.43,2.49,3.49,0.92,3.1,0.54
210,47,21,7.9991,3.0134.78,3.88,6.93,2.36,3.94,4.39,4.37,3.82,4.7,4.85,2.91,5.28,1.05,3.03,0.92,4.07,2.57,3.41,2.99,5.6,0.33,1.13,1.72,3.52,1.37,2.68,3.49,6.15,1.94,0.86,4.3,3.35,1.69,3.55,2.06,3.98,2.91,1.51,1.57,2.59,1.98,1.65,1.43,2.49,3.49,0.92,3.1
210,44,20,7.9991,3.125.02,3.88,6.93,2.36,3.94,4.59,4.37,3.82,4.7,3.67,2.91,5.28,1.05,6.42,3.92,3.03,0.92,1.6,1.24,6.05,3.88,0.33,1.13,1.72,3.52,4.14,5.05,3.49,0.86,4.12,3.08,1.69,3.55,2.12,2.06,2.91,2.59,1.98,1.65,1.43,3.49,0.92,2.77,3.1
210,47,19,7.9991,3.01475.02,3.88,3.73,8.39,2.36,3.94,4.79,4.37,3.82,4.7,3.67,2.91,5.28,1.05,6.42,3.03,0.92,0.65,1.24,2.57,5.79,2.99,0.33,1.13,1.72,3.52,4.14,1.37,2.68,3.55,0.86,4.12,3.08,3.55,2.06,2.91,1.51,2.59,1.98,1.65,1.43,3.49,0.92,2.77,3.1,5.17,0.54
210,46,17,7.9991,3.12415.02,3.39,3.83,6.93,2.54,3.07,4.79,4.37,3.82,4.7,3.67,2.91,5.28,1.05,5.12,3.46,3.03,8.92,0.65,1.23,1.24,2.84,2.99,0.33,1.13,1.72,8.04,1.37,2.68,5.9,6.92,1.4,3.55,0.87,2.06,2.91,1.51,2.59,1.98,1.65,1.43,3.49,0.92,2.77,3.1,0.54
210,45,17,7.9991,2.98275.02,5.25,3.83,6.93,2.54,2.44,6.18,8.19,4.7,6.43,3.67,2.91,5.28,1.05,5.12,3.46,3.03,0.92,0.65,1.23,1.24,2.84,2.99,0.33,1.13,0.88,1.37,2.68,5.9,4.3,1.4,2.88,3.55,0.87,2.91,0.65,1.51,2.59,1.98,1.65,4.02,3.49,0.92,2.77,0.54
210,45,17,7.9991,2.90645.02,6.01,6.93,2.45,2.44,6.18,4.7,3.67,6.59,5.28,1.05,5.43,3.46,3.03,0.92,2.13,1.23,1.24,2.84,2.99,3.32,0.33,1.13,2.66,0.88,4.4,1.37,2.68,5.9,4.3,1.4,2.81,3.55,0.87,2.06,2.91,0.65,1.51,2.59,1.98,1.65,4.02,0.92,2.77,0.54
210,45,18,7.9991,2.70894.87,6.01,4.34,2.45,2.44,6.09,5.39,3.67,2.91,5.28,1.05,5.27,3.46,3.03,2.13,1.23,0.94,2.76,2.99,3.32,0.33,1.13,2.66,0.88,2.83,2.68,6.12,2.49,4.3,0.83,1.4,2.81,3.55,0.87,2.06,2.91,0.65,1.51,1.98,1.65,4.02,0.38,0.92,2.77,0.54
210,44,16,7.9991,2.88364.87,6.01,6.44,4.34,2.45,2.44,6.09,5.74,3.67,2.91,5.12,1.05,5.27,3.46,3.03,0.52,2.13,1.23,0.51,2.76,2.94,6.8,0.33,1.13,2.66,0.88,2.83,2.68,2.49,4.12,1.4,2.81,6.16,0.87,2.06,2.91,1.51,1.98,1.65,4.02,0.38,0.92,2.77,0.54
210,43,18,7.9991,2.67844.87,6.01,2.5,2.3,2.45,2.44,6.09,5.74,3.67,2.91,5.12,5.27,3.46,3.03,0.52,2.13,1.23,0.51,2.76,2.94,4.09,0.33,1.13,2.66,0.88,2.68,2.77,4.12,1.4,2.81,6.09,0.87,2.06,2.91,0.65,1.51,1.98,1.65,4.02,0.38,0.92,2.77,0.54
210,44,19,7.9991,2.5355.03,5.39,1.44,2.3,2.45,2.44,6.09,6.29,5.74,3.67,5.12,5.27,3.46,3.03,0.52,2.13,1.23,0.51,2.76,2.94,4.09,0.33,1.13,2.66,0.88,2.68,0.86,4.12,1.4,2.81,0.87,2.06,2.91,0.65,1.51,1.98,1.66,1.65,4.02,0.38,0.92,0.85,2.77,0.54
210,45,15,7.9991,2.82515.03,5.59,1.44,2.3,2.45,1.55,6.09,1.38,5.74,3.67,4.87,5.12,5.27,3.03,1.41,2.13,1.23,7.9,2.65,2.94,3.32,0.33,1.13,2.66,0.88,2.68,3.09,4.12,3.12,2.81,1.96,6.09,2.06,2.91,2.04,1.98,1.66,1.65,4.02,1.37,0.38,0.92,0.85,2.77,0.54
210,42,15,7.9991,2.84435.03,5.59,1.44,2.3,2.03,5.84,5.97,1.38,6.63,1.39,4.87,5.12,3.53,5.48,2.05,1.41,2.13,2.65,2.94,2.61,3.32,0.33,2.66,0.88,2.68,3.12,1.4,1.96,6.09,2.06,2.91,2.04,1.98,1.66,1.65,4.02,1.37,0.92,0.85,3.86,2.77,0.54
210,39,16,7.9991,2.93745.03,5.59,1.44,2.3,2.03,1.53,5.97,1.38,6.74,1.8,4.87,5.12,4.03,5.48,1.74,2.23,2.65,8.65,2.61,3.32,0.33,0.88,1.58,2.68,1.4,1.96,6.45,2.06,2.91,2.04,1.98,1.66,1.65,4.02,1.37,0.92,0.85,3.86,1.45
210,38,15,7.9991,3.04585.23,5.59,5.06,2.3,1.89,1.53,5.97,1.38,6.74,1.8,5.12,4.03,5.48,1.74,2.23,2.65,7.78,2.61,3.32,0.33,0.88,1.58,2.68,7.68,1.4,1.96,0.87,6.45,2.06,2.91,2.04,1.98,1.66,1.65,4.02,1.37,0.92,0.85
210,39,15,7.9991,2.8995.23,5.59,2.84,2.3,1.89,1.53,5.97,1.38,6.74,1.8,5.11,4.02,5.8,1.74,2.23,2.65,7.6,2.61,3.32,0.33,0.88,1.58,2.68,3.09,1.96,1.55,0.87,6.45,2.06,2.91,2.04,1.98,1.66,1.65,4.02,1.37,0.92,0.85,3.86
210,38,14,7.9991,2.97825.23,5.59,6.21,2.3,1.89,1.53,5.84,1.38,6.74,1.8,5.11,4.02,5.8,1.74,2.23,1.96,7.6,2.45,3.32,0.33,0.88,1.58,2.68,3.09,1.96,0.87,6.45,2.06,2.91,2.04,1.98,2.99,1.65,4.02,1.37,0.92,0.85,1.8
210,38,12,7.9991,3.13454.71,5.59,6.21,7.81,1.89,1.53,5.88,1.38,1.12,6.74,1.8,5.11,4.02,5.8,1.74,1.74,1.96,2.45,3.32,0.33,0.88,1.58,2.68,3.09,8.64,1.96,2.7,2.06,2.91,1.68,2.04,4.5,2.18,3.25,1.65,3.96,1.37,0.85
210,37,14,7.9991,3.13224.71,5.46,6.21,8.08,1.89,1.53,5.88,1.38,1.12,6.81,1.8,5.11,4.44,5.8,1.74,1.74,3.8,2.45,3.32,0.33,0.88,1.58,2.68,3.09,1.96,2.06,2.91,1.68,2.04,4.5,1.98,3.25,1.65,3.96,5.85,1.37,0.85
210,37,12,7.9991,3.19814.71,4.9,6.21,8.08,1.89,1.53,5.88,3.8,1.12,6.81,1.8,5.71,4.44,5.8,1.74,1.74,4.79,2.45,3.42,0.33,0.88,1.58,1.5,1.4,1.96,2.06,3.94,2.41,2.04,4.5,1.98,3.25,1.65,3.96,5.85,1.37,0.85
210,37,13,7.9991,3.1174.71,5.64,6.21,8.08,1.89,1.53,5.88,3.8,1.12,6.81,1.8,5.71,4.44,5.48,1.74,1.74,1.96,1.66,3.42,0.33,0.88,1.58,1.5,1.4,1.96,2.25,3.95,2.41,2.04,4.5,1.98,3.25,1.65,3.96,5.85,1.37,0.85
210,36,12,7.9991,3.40174.71,5.46,6.21,7.77,1.39,7.01,5.68,1.38,1.12,6.31,1.8,7.5,4.44,5.59,1.74,1.74,2.2,1.66,5.55,0.33,3.91,1.5,1.96,2.25,4.11,2.38,2.04,4.5,1.98,3.25,1.65,1.31,3.96,5.85,1.37,0.85
210,34,11,7.9991,3.66944.71,5.64,6.55,7.77,1.39,7.01,5.68,3.98,1.12,6.81,6.9,5.58,4.44,5.29,1.74,2.83,2.2,1.66,3.42,0.33,3.91,1.5,6.29,1.96,4.11,2.38,2.04,1.98,2.62,1.65,1.31,6.22,2.89,0.85
210,35,10,7.9991,3.20864.71,7.72,2.97,7.77,1.39,1.53,6.3,3.98,1.12,6.81,6.9,5.58,4.44,5.29,1.74,3.38,0.94,1.66,3.42,0.33,0.88,3.91,1.5,1.96,5.92,2.25,4.11,2.38,2.03,1.98,2.62,1.65,1.31,0.85,0.97
210,35,11,7.9991,2.97264.71,7.61,3.02,2.07,5.54,5.18,6.3,3.98,1.12,6.81,6.9,4.44,5.29,2.83,3.38,0.94,1.66,3.42,0.78,0.88,1.58,1.5,1.34,1.96,1.44,2.25,4.11,2.38,2.03,1.98,2.62,1.31,0.86,0.85,0.97
210,34,12,7.9991,2.90883.94,7.61,3.13,2.07,5.16,1.53,5.82,3.98,6.81,8.11,4.02,5.29,3.31,3.38,0.94,1.78,3.42,0.78,0.88,1.58,1.5,1.34,1.96,1.44,2.38,2.25,4.11,2.38,2.03,1.98,1.31,0.86,0.85,0.97
210,32,17,7.9991,2.95443.94,6.66,3.13,2.07,5.16,1.53,5.82,3.98,6.81,8.11,4.02,5.43,3.31,3.38,0.94,1.78,3.42,0.78,0.88,2.31,1.58,1.5,1.34,2.38,2.25,3.68,2.38,1.98,1.31,0.86,0.85,0.97
210,34,14,7.9991,3.12913.45,6.99,3.17,1.13,5.12,1.69,3.98,1.53,6.78,5.91,8.11,4.02,5.43,3.31,3.38,1.37,1.78,3.42,0.78,0.88,1.58,1.5,1.34,2.01,1.16,3.9,2.25,3.68,2.38,7.34,1.98,1.31,2.88,0.85
210,34,16,7.9991,3.05153.45,6.99,3.17,1.13,5.16,1.69,3.98,1.53,6.78,5.91,8.11,4.02,5.43,3.31,3.38,1.37,1.78,3.54,0.78,0.88,1.58,1.5,1.34,2.01,1.16,3.9,2.25,3.68,2.38,4.54,1.98,1.31,2.87,0.86
210,32,17,7.9991,3.08533.12,6.99,5.99,0.75,5.96,1.69,3.98,1.53,7.1,5.91,8.11,4.02,5.85,3.31,3.38,1.37,1.78,3.54,0.56,0.88,1.58,1.5,1.34,2.01,1.16,2.25,3.68,2.38,1.98,1.31,2.87,0.85
210,32,15,7.9991,3.12223.12,6.99,5.99,0.75,5.52,1.69,3.59,1.53,7.44,5.91,8.11,4.02,5.87,3.31,5.69,1.37,1.78,3.42,0.56,0.88,1.58,0.96,1.34,2.01,1.16,2.25,3.68,2.38,1.98,1.31,2.87,0.85
210,32,14,7.9991,2.98033.12,6.99,5.77,0.75,5.52,1.69,3.96,1.53,7.44,5.91,5.9,3.81,6.05,3.17,3.38,1.37,1.78,3.42,0.56,0.88,1.58,0.96,1.34,2.01,1.16,2.25,3.68,2.38,1.98,1.31,2.87,0.85
210,33,13,7.9991,3.0433.12,6.66,5.77,0.75,5.52,1.69,6.3,1.53,7.34,5.91,5.9,4.55,3.81,6.05,3.17,3.38,1.37,1.78,3.42,0.56,0.88,1.58,0.96,1.34,2.01,1.16,2.25,3.68,2.38,0.57,1.31,2.87,0.85
210,33,14,7.9991,3.06973.12,6.34,5.77,0.75,5.52,1.69,3.96,1.53,7.02,5.91,5.9,3.81,6.05,3.17,3.38,1.37,1.78,3.42,0.56,0.88,1.58,0.96,1.34,2.01,1.16,8.45,2.25,3.68,2.34,0.57,1.31,2.87,0.85
210,32,15,7.9991,2.94563.12,6.34,4.4,0.75,6.21,1.69,3.59,1.53,7.21,5.91,5.9,3.81,6.05,3.17,3.38,1.37,3.42,3.42,0.56,0.88,1.58,0.96,1.34,2.01,1.16,1.94,2.25,3.68,2.34,0.57,2.87,0.85
210,32,13,7.9991,2.96383.12,6.34,5.96,0.75,4.95,1.69,3.59,1.53,7.49,5.91,5.9,3.81,6.05,3.17,3.38,1.37,3.42,3.42,0.56,0.88,1.58,0.96,1.34,2.01,1.16,1.94,2.25,3.68,2.34,0.57,2.87,0.85
210,32,12,7.9991,3.07813.12,6.34,6.19,0.75,4.95,1.69,6.88,3.59,1.53,7.36,5.91,5.9,3.81,6.05,3.1,3.38,1.37,3.42,3.42,0.56,0.88,1.58,0.96,1.34,1.16,1.94,2.25,3.68,2.34,0.57,0.85,1.63
210,34,7,7.9991,3.06743.12,5.93,6.19,0.75,4.95,1.69,4.9,3.59,1.53,7.48,5.91,2.4,4.27,5.79,3.1,3.38,1.37,2.35,3.42,3.42,0.59,0.88,1.58,0.96,1.34,1.16,1.94,2.25,8.98,3.68,2.34,0.57,0.85,1.63
210,31,13,7.9991,3.06813.44,5.8,6.19,0.72,6.26,1.69,4.9,3.59,1.53,7.48,5.91,2.4,6.21,3.1,3.38,1.37,3.42,3.42,0.33,0.88,1.58,0.96,5.73,1.16,1.94,2.25,3.68,2.34,0.85,0.97,1.63
210,31,13,7.9991,3.34524.05,5.9,7.08,0.72,6.26,1.69,7.51,3.59,1.53,7.48,5.91,2.4,4.07,3.1,1.37,7.46,3.42,3.42,0.33,3.08,0.88,1.58,0.96,5.73,1.94,2.25,3.68,2.34,1.03,0.85,2.09
210,29,13,7.9991,3.40724.05,5.9,7.08,0.72,6.26,6.14,4.97,3.59,1.53,7.48,3.63,2.4,3.84,2.73,6.86,3.42,3.42,0.33,1.23,1.58,0.96,5.73,1.94,2.25,3.68,2.34,2.87,1.03,0.85
210,28,17,7.9991,3.30364.05,6.03,7.08,0.72,6.09,4.18,5.13,3.19,1.53,7.48,3.63,2.4,3.84,5.3,2.73,6.86,3.42,3.42,0.33,1.23,1.58,0.96,1.94,2.25,2.91,2.34,1.03,0.85
210,29,14,7.9991,3.28144.05,5.74,7.08,0.72,7.43,4.18,5.13,3.19,1.53,7.49,3.63,2.72,3.84,4.81,2.73,6.86,3.42,3.42,0.33,1.23,1.58,0.96,1.77,1.94,2.25,2.91,2.34,1.03,0.85
210,28,14,7.9991,3.33144.05,5.74,7.08,0.72,7.29,4.18,5.13,3.19,1.53,7.52,3.63,2.72,3.84,4.81,2.73,6.86,3.42,3.42,0.33,1.23,1.58,0.96,1.94,2.25,2.91,2.34,1.03,0.85
210,28,14,7.9991,3.32614.05,5.74,7.08,0.72,7.29,4.18,5.13,3.19,1.53,7.38,3.62,2.72,3.84,4.81,2.73,6.86,3.42,3.42,0.33,1.23,1.58,0.96,1.94,2.25,2.91,2.34,1.03,0.85
210,29,13,7.9991,3.33794.05,5.74,6.21,0.72,7.29,5.85,5.13,3.19,1.53,7.28,3.34,2.72,3.84,4.81,1.77,3.48,3.42,3.42,0.33,1.23,1.58,0.96,7.59,1.94,2.25,2.91,2.34,1.03,0.85
210,28,13,7.9991,3.23394.05,5.74,7.06,2.5,7.29,4.18,5.13,3.19,1.53,7.38,3.34,2.72,3.84,4.81,1.77,2.9,3.42,3.42,1.19,1.23,1.58,0.96,1.94,2.25,2.91,2.34,1.03,0.85
210,29,11,7.9991,3.39934.05,5.74,7.06,2.5,6.09,4.18,5.13,3.21,1.53,7.3,5.21,2.72,3.84,4.81,1.77,2.9,1.78,3.42,1.19,1.23,3.05,1.58,0.96,1.94,7.82,3.35,2.34,1.03,0.85
210,28,12,7.9991,3.29614.05,6.64,7.06,2.5,6.09,4.22,5.13,3.21,1.53,7.37,5.21,2.72,3.35,4.81,1.45,2.9,1.78,3.42,1.19,1.23,3.05,0.96,1.94,3.35,2.91,2.34,1.03,0.85
210,26,15,7.9991,3.38544.05,6.11,7.43,2.5,6.09,5.89,5.35,3.21,1.53,7.37,2.72,3.35,4.81,1.77,2.9,1.78,3.54,1.19,3.05,0.96,1.94,3.35,2.91,2.34,1.03,0.85
210,26,13,7.9991,3.35544.05,6.41,7.02,2.49,6.09,5.89,5.35,3.21,7.37,2.72,3.35,4.81,1.77,2.9,2.16,1.78,1.89,1.19,3.05,0.96,1.94,3.35,2.91,2.34,1.39,0.85
210,25,15,7.9991,3.54724.05,6.53,7.02,2.49,6.09,4.46,5.35,3.21,7.37,2.72,3.35,4.81,1.77,2.9,1.78,1.89,1.19,3.05,0.96,1.94,7.82,3.35,2.34,1.39,0.85
210,25,16,7.9991,3.4044.05,6.69,6.18,2.49,6.09,4.46,5.35,3.21,7.37,2.72,3.62,4.62,1.5,1.77,2.9,3.42,1.89,3.05,0.96,1.45,1.94,2.91,2.34,1.39,2.73
210,25,15,7.9991,3.45643.44,6.69,7.42,2.49,6.09,4.46,5.35,3.7,7.37,2.72,3.62,4.81,1.5,1.77,2.9,3.42,1.89,3.05,0.96,1.45,1.94,2.91,2.34,1.39,2.73
210,24,15,7.9991,3.62793.44,6.69,6.18,2.49,6.09,4.46,5.35,3.7,7.37,3.34,2.72,3.62,4.81,1.5,2.76,2.81,3.42,2.95,2.55,1.45,2.91,2.34,1.39,2.73
210,24,15,7.9991,3.54213.44,6.69,6.18,2.49,6.09,4.06,5.35,3.7,7.16,3.34,2.72,2.36,3.62,4.81,1.5,2.69,2.95,2.55,2.49,1.45,2.91,2.34,1.39,2.73
210,24,12,7.9991,3.683.44,6.69,6.18,2.49,6.09,4.34,5.35,3.7,7.06,3.34,2.72,2.36,3.62,4.81,1.5,2.69,6.08,2.55,2.49,1.45,2.91,2.34,1.39,2.73
210,24,10,7.9991,3.78966.5,6.69,6.18,2.49,6.54,4.34,5.35,3.7,6.98,5.54,2.72,2.36,3.62,4.81,1.5,2.69,2.95,2.68,2.49,1.45,2.91,2.34,1.39,2.73
210,24,13,7.9991,3.49213.79,6.69,6.18,2.49,5.22,4.34,5.35,3.7,6.98,2.72,2.19,3.62,4.81,1.5,2.69,2.95,2.6,2.68,2.49,1.45,2.91,2.34,1.39,2.73
210,25,9,7.9991,3.47323.79,6.22,5.28,2.49,6.78,4.59,5.35,3.7,6.98,2.72,3.62,4.81,1.5,2.57,1.98,2.69,2.95,2.82,2.68,2.49,1.45,2.91,2.34,1.39,2.73
210,26,12,7.9991,3.33653.79,7.14,5.28,2.07,5.22,4.22,3.7,5.33,6.98,2.54,4.55,1.5,3.42,1.37,1.98,2.69,2.95,2.82,2.68,2.49,1.45,2.91,2.34,1.39,3.21,2.73
210,25,10,7.9991,3.47323.79,6.66,5.28,2.07,5.22,4.22,6.69,7.07,3.7,2.54,4.55,1.5,3.42,1.98,2.69,2.95,2.82,2.68,2.49,1.45,2.91,2.34,1.39,3.69,2.73
210,26,7,7.9991,3.45083.79,6.04,5.28,2.07,5.24,4.22,5.99,7.21,3.7,2.54,4.55,1.5,3.42,1.85,2.69,6.08,2.82,1.32,2.49,1.45,2.41,2.91,2.34,1.39,3.69,2.73
210,25,10,7.9991,3.42083.79,5.79,5.28,2.07,5.24,4.22,5.99,3.7,7.16,1.86,6.66,4.11,1.5,3.42,1.85,2.69,2.74,2.82,1.32,2.49,1.45,2.91,2.34,1.39,2.73
210,26,8,7.9991,3.36773.79,5.79,5.28,2.07,5.24,4.22,5.99,7.45,3.7,2.46,6.63,4.11,1.5,3.42,1.85,2.69,3.4,2.82,1.32,2.49,1.45,2.91,2.34,1.39,0.52,2.73
210,26,10,7.9991,3.40383.78,5.79,4.59,2.07,5.24,4.22,5.99,7.45,3.7,2.23,6.63,4.32,1.5,3.42,1.85,2.69,3.4,1.81,2.82,1.32,1.76,2.49,1.45,2.91,2.34,2.73
210,27,7,7.9991,3.30333.78,5.79,4.59,2.07,5.24,4.58,5.99,7.45,3.7,2.23,6.63,4.32,1.5,3.42,1.85,2.69,3.4,1.62,2.82,1.32,1.76,2.49,1.45,2.91,2.34,0.52,2.73
210,26,7,7.9991,3.38653.78,6.2,4.59,2.07,5.24,4.22,5.99,7.52,3.7,1.25,6.63,4.32,1.5,3.42,2.69,3.4,1.62,2.82,2.09,1.32,1.76,2.49,1.45,2.91,2.34,2.73
210,26,7,7.9991,3.30583.78,6.2,4.59,2.07,4.49,4.7,7.26,7.55,3.7,1.25,6.63,4.32,1.5,1.77,2.69,3.4,1.62,2.71,2.09,1.32,1.76,1.12,1.45,2.91,2.34,2.73
210,26,8,7.9991,3.27153.78,6.2,4.59,2.07,5.14,4.7,5.99,3.7,7.28,1.25,6.63,4.32,1.5,1.77,2.69,3.4,1.62,2.71,2.09,1.32,1.76,1.12,1.45,2.91,2.34,2.73
210,26,7,7.9991,3.28353.78,6.2,4.94,2.07,4.49,5.59,5.99,3.7,7.0,1.25,6.63,4.32,1.5,1.77,2.69,3.4,1.62,2.71,2.09,1.32,1.76,1.12,1.45,2.91,2.34,2.73
210,26,11,7.9991,3.1752.78,6.2,4.93,2.07,4.47,4.7,5.99,3.7,7.2,1.25,6.63,4.32,1.5,1.77,2.69,3.4,2.71,2.09,0.83,1.32,1.76,1.45,2.91,2.34,0.81,2.73
210,26,11,7.9991,3.1752.78,6.2,5.53,2.07,4.47,4.7,5.99,3.7,7.2,1.25,6.63,4.32,1.5,1.77,2.69,3.4,2.71,2.09,0.83,1.32,1.76,2.91,2.34,0.81,0.85,2.73
210,27,10,7.9991,3.22632.78,5.79,5.53,2.07,4.47,4.63,5.99,3.7,7.2,8.61,3.8,4.32,1.5,1.77,1.74,2.69,3.4,2.36,2.09,0.83,1.32,0.88,2.91,2.34,0.81,0.85,2.73
210,25,10,7.9991,3.46882.74,6.31,5.53,2.07,2.89,4.37,5.99,3.7,7.2,9.77,3.8,4.32,1.5,1.9,4.59,3.4,2.71,2.09,1.32,0.88,2.91,2.34,0.81,0.85,2.73
210,27,8,7.9991,3.3872.74,6.31,5.53,1.68,2.89,4.45,6.38,3.7,7.2,9.77,5.01,3.8,4.32,1.5,1.9,0.68,2.69,3.4,2.09,1.32,0.88,2.34,1.9,0.81,4.58,0.85,2.73
210,27,9,7.9991,3.27782.74,6.31,5.53,1.68,2.89,6.58,6.38,3.7,7.2,9.77,3.8,4.32,1.5,1.9,0.68,2.69,3.28,1.63,2.09,1.32,0.88,3.0,2.34,1.9,0.81,0.85,2.73
210,26,9,7.9991,3.39962.74,6.31,5.53,1.68,2.89,6.58,6.38,3.7,7.2,9.77,3.8,4.32,1.5,1.9,0.68,3.47,3.66,2.74,1.63,2.09,1.12,0.88,2.34,1.9,0.85,2.73
210,27,11,7.9991,3.16152.74,6.31,5.53,1.68,2.89,3.97,6.38,3.7,7.2,9.18,3.8,4.32,1.5,1.9,0.68,3.47,3.66,1.63,2.41,2.09,0.88,2.34,1.9,0.81,0.85,2.73,0.81
210,27,10,7.9991,3.15892.74,6.23,5.3,1.68,2.89,4.12,6.38,3.7,7.2,9.18,3.62,3.98,1.5,1.63,0.68,3.47,3.66,1.67,2.02,2.71,2.09,0.99,2.34,1.12,0.85,2.73,0.81
210,27,8,7.9991,3.20932.74,6.23,5.5,1.68,2.89,4.19,6.38,3.7,7.2,9.18,3.62,3.98,1.5,2.1,0.68,3.47,3.66,1.67,2.02,2.71,2.09,0.99,2.34,1.12,0.85,2.73,1.43
210,28,7,7.9991,3.36112.74,6.23,5.11,1.68,2.35,4.19,6.38,3.5,7.2,9.18,3.62,3.19,1.5,2.1,0.68,3.47,3.66,1.67,2.02,2.71,2.09,0.99,7.82,1.02,1.12,4.31,0.85,2.73
210,27,8,7.9991,3.46636.38,6.23,5.11,1.68,5.91,4.19,5.89,3.7,7.2,9.18,3.62,3.19,1.5,2.1,0.68,3.82,3.66,1.67,2.02,2.71,2.09,0.99,1.61,1.12,3.76,0.85,2.73
210,27,7,7.9991,3.38746.38,6.33,5.11,1.68,2.35,4.02,6.14,3.7,7.23,7.84,6.53,3.19,1.5,2.1,0.68,3.47,3.66,1.67,2.02,2.71,2.09,0.99,1.61,1.12,3.76,0.85,2.73
210,27,7,7.9991,3.3476.38,6.29,5.11,1.68,2.35,5.37,3.7,6.47,7.23,7.84,3.8,3.19,1.5,2.1,0.68,3.47,3.66,1.67,2.02,2.71,2.09,0.99,1.61,1.12,3.76,0.85,2.73
210,26,9,7.9991,3.41696.38,6.25,5.11,1.68,4.71,4.71,3.7,5.77,7.23,7.84,3.33,3.19,1.5,2.1,0.68,3.47,3.66,1.67,2.71,2.09,0.99,1.61,1.12,3.76,0.85,2.73
210,25,6,7.9991,3.64966.38,6.25,5.11,5.11,4.71,4.71,3.7,5.77,7.3,6.56,3.33,4.36,1.5,2.1,0.68,3.47,3.66,1.67,2.71,2.09,1.61,1.12,3.76,0.85,2.73
210,26,5,7.9991,3.87546.38,6.25,5.11,5.75,4.71,4.71,7.53,3.7,5.77,5.68,3.33,4.36,1.5,2.1,0.68,3.47,6.27,1.67,2.71,6.92,2.09,1.61,1.12,3.76,0.85,2.73
210,26,9,7.9991,3.52356.38,6.25,5.11,5.75,4.71,4.71,3.7,5.77,7.1,8.45,3.33,2.87,2.68,1.5,2.1,0.68,3.47,3.28,1.67,2.71,2.09,0.99,1.61,1.12,0.85,2.73
210,26,11,7.9991,3.46886.38,6.25,5.11,5.75,4.71,4.02,3.7,5.9,7.1,5.68,3.33,2.87,2.68,1.5,2.1,3.47,3.28,1.67,2.02,3.28,2.09,0.99,1.61,1.12,0.85,2.73
210,26,11,7.9991,3.38086.38,6.05,5.11,5.75,4.71,4.02,3.7,7.06,5.68,3.33,2.87,2.68,1.5,2.1,4.32,3.47,3.28,1.67,2.27,2.71,1.94,0.99,1.61,1.12,0.85,2.73
210,26,10,7.9991,3.71856.38,5.89,5.11,5.75,4.71,4.03,7.31,3.7,5.68,3.33,5.75,2.68,1.5,3.13,4.32,3.47,1.67,2.27,2.71,7.75,3.03,1.94,0.99,1.61,1.12,0.85
210,27,9,7.9991,3.42196.38,6.03,5.11,5.75,4.71,4.03,3.7,7.14,5.68,3.33,5.75,2.68,1.5,2.1,4.32,3.47,1.67,2.27,2.71,1.79,3.03,1.94,0.99,1.61,1.12,0.85,2.73
210,26,9,7.9991,3.72046.38,5.92,5.11,5.75,4.71,4.03,3.7,7.14,5.68,3.33,2.68,1.5,2.1,4.32,6.03,3.35,1.67,2.27,2.71,8.53,3.03,1.94,0.99,1.61,0.85,1.4
210,27,7,7.9991,3.62966.38,5.89,5.11,5.75,4.71,4.03,3.7,7.14,6.1,5.68,3.33,2.68,6.33,2.1,5.02,3.35,1.67,2.27,2.71,3.11,3.03,1.94,0.99,1.61,1.12,0.85,1.4
210,26,10,7.9991,3.48736.38,6.03,5.11,5.75,4.71,4.94,3.7,7.14,5.68,3.33,2.68,1.5,2.1,5.02,3.35,1.67,2.26,2.36,3.11,3.03,4.03,1.94,0.99,1.61,0.85,1.4
210,26,7,7.9991,3.70966.38,7.12,5.11,5.75,4.71,4.03,6.45,3.7,7.14,5.68,2.68,2.1,5.02,3.35,1.67,2.26,2.71,3.11,3.74,4.03,1.94,0.99,1.61,2.92,0.85,1.4
210,26,8,7.9991,3.60156.38,7.12,5.11,5.71,4.71,4.04,3.7,7.09,5.68,5.75,2.68,2.23,2.1,5.02,1.67,2.26,2.71,3.11,3.74,4.03,1.94,0.99,1.02,2.6,0.85,1.4
210,27,8,7.9991,3.35676.38,7.12,5.11,5.71,4.71,4.04,3.21,7.09,5.68,2.58,2.68,2.23,2.1,5.02,3.35,1.67,2.29,1.79,3.74,4.03,1.94,0.99,1.02,0.3,2.6,0.85,2.4
210,27,7,7.9991,3.35486.38,7.12,5.11,5.71,5.24,4.46,3.21,7.09,5.68,2.58,2.68,2.23,2.1,5.02,3.35,1.67,2.29,1.79,3.74,4.03,1.94,0.99,1.02,0.3,2.6,0.85,1.4
210,25,11,7.9991,3.26726.38,7.12,5.11,1.5,3.2,4.86,3.21,7.09,5.68,2.58,2.68,2.23,2.1,5.02,3.35,1.67,3.03,4.03,1.94,0.99,2.76,0.3,2.6,0.85,1.4
210,25,11,7.9991,3.25766.38,6.88,5.11,1.5,3.2,4.86,3.21,7.09,5.68,2.58,2.68,2.23,2.1,5.02,3.35,1.67,3.03,4.03,1.94,0.99,2.76,0.3,2.6,0.85,1.4
210,25,10,7.9991,3.28886.38,6.88,5.11,1.5,3.2,4.84,3.21,7.09,5.55,2.58,1.23,2.23,2.1,3.75,5.02,3.35,1.67,1.53,3.03,4.03,1.94,0.99,2.76,0.85,1.4
210,25,9,7.9991,3.26166.38,6.88,5.11,1.5,3.2,4.71,3.21,7.09,2.13,3.49,1.23,2.23,2.1,3.75,5.02,5.0,1.67,1.53,3.34,4.03,1.94,0.99,2.76,0.85,1.4
210,25,10,7.9991,3.1926.38,6.88,5.11,1.5,5.3,4.86,3.21,7.09,2.13,2.21,1.23,2.23,2.1,3.75,5.19,3.35,1.67,3.34,4.03,1.94,0.99,2.76,0.3,0.85,1.4
210,25,11,7.9991,3.2846.38,6.88,5.11,1.5,3.2,5.09,3.21,7.09,1.25,2.21,1.23,2.23,2.1,3.75,5.19,3.35,1.67,3.34,4.03,6.99,0.99,2.76,0.3,0.85,1.4
210,25,10,7.9991,3.29726.38,6.88,5.11,1.5,3.2,5.18,3.21,7.3,1.25,2.21,1.23,2.23,2.13,3.75,5.19,3.35,1.67,3.34,4.03,6.99,0.99,2.76,0.3,0.85,1.4
210,25,9,7.9991,3.05043.22,6.88,5.11,1.5,3.2,5.28,3.21,7.05,1.25,2.21,1.23,5.69,2.13,3.75,5.19,3.18,1.67,4.03,2.12,2.06,0.99,2.76,0.3,0.85,1.4
210,25,8,7.9991,3.04566.39,6.88,5.11,1.5,3.2,5.45,3.21,7.05,1.25,2.21,1.23,2.23,2.13,3.75,5.19,3.18,1.67,4.03,2.12,2.06,0.99,2.76,0.3,0.85,1.4
210,25,8,7.9991,2.95163.22,6.88,5.11,2.57,3.2,6.01,3.21,7.05,1.25,1.84,1.23,2.23,1.69,3.75,5.19,3.18,1.67,4.03,2.12,2.06,0.99,2.76,0.3,0.85,1.4
210,25,11,7.9991,2.89762.53,6.88,5.11,2.57,3.2,5.35,3.21,7.05,1.25,1.84,1.23,2.23,1.69,3.75,5.19,3.18,1.67,4.03,2.12,2.06,0.99,2.76,0.3,0.85,1.4
210,25,10,7.9991,2.93122.53,6.88,5.11,2.57,2.18,8.12,3.21,7.05,1.25,1.23,2.23,1.69,3.75,5.19,3.18,1.67,3.68,2.12,2.06,0.99,2.76,0.3,0.85,1.28,1.4
210,24,10,7.9991,3.03212.53,6.49,5.11,2.57,2.18,6.27,3.11,7.08,1.59,3.11,1.84,3.72,2.23,1.69,5.19,3.18,1.67,3.68,2.12,2.22,2.76,0.3,0.85,1.28
210,24,11,7.9991,2.94332.53,6.49,5.11,2.57,2.18,6.75,3.11,7.1,1.59,2.56,1.84,2.32,2.23,1.69,5.19,3.18,1.67,3.68,2.12,2.76,0.3,1.54,0.85,1.28
210,25,9,7.9991,3.06482.53,6.49,5.11,1.5,2.18,6.82,3.11,6.97,1.59,2.56,3.63,2.32,2.73,1.69,5.19,3.18,1.67,3.68,2.12,4.82,2.76,0.3,1.54,0.85,1.28
210,24,11,7.9991,3.17751.41,6.34,5.11,1.5,2.18,5.94,7.22,3.11,6.97,1.59,3.23,3.63,2.54,1.69,5.19,3.18,1.67,3.68,2.12,2.76,0.3,1.54,2.08,1.28
210,24,10,7.9991,3.061.41,6.34,5.11,3.36,2.18,5.94,3.11,6.97,1.59,3.23,3.63,2.54,1.69,5.19,3.18,1.67,3.68,2.12,2.76,0.3,2.54,1.54,2.08,1.28
210,23,11,7.9991,3.08871.41,6.34,5.11,1.5,7.97,3.11,7.17,1.59,3.23,2.54,2.43,5.19,3.18,1.67,3.68,2.12,2.3,2.76,0.3,2.54,1.54,2.08,1.28
210,23,11,7.9991,3.14431.41,6.19,5.11,1.5,8.02,3.11,7.32,1.59,3.23,2.54,2.43,5.19,3.18,1.67,3.68,2.12,2.3,2.76,0.3,3.77,1.54,2.08,1.28
210,24,11,7.9991,3.31791.41,5.47,5.5,1.5,3.63,8.14,6.23,3.11,7.32,1.32,5.01,3.23,2.43,5.19,3.18,2.12,2.3,2.76,0.3,0.81,3.77,1.54,2.08,1.28
210,25,11,7.9991,2.85921.41,5.47,5.5,1.5,3.63,4.9,3.11,7.32,1.32,1.59,3.23,2.05,2.54,2.58,5.19,3.18,2.12,2.3,2.76,0.3,0.81,3.77,1.54,2.08,1.28
210,24,10,7.9991,3.07922.38,5.47,5.7,1.5,3.63,4.78,3.11,7.32,1.32,3.96,2.99,2.05,2.54,2.91,5.19,3.18,2.12,2.3,2.76,0.3,3.49,1.54,2.08,1.28
210,25,11,7.9991,3.26082.38,5.47,6.6,1.5,3.5,4.62,6.23,3.11,7.32,1.32,1.59,2.05,2.54,2.91,5.19,3.18,2.12,2.3,2.76,0.3,7.37,3.49,1.54,0.85,1.28
210,23,13,7.9991,3.32522.38,5.47,6.6,1.5,3.63,5.81,6.23,3.11,7.32,1.59,1.77,2.54,2.91,5.19,3.18,2.12,4.91,2.76,0.3,3.49,1.54,0.85,1.28
210,23,12,7.9991,3.30222.38,5.47,5.72,1.5,3.63,4.78,6.23,3.11,7.32,1.59,2.16,2.54,2.91,5.19,3.18,2.12,5.9,2.76,0.3,3.49,1.54,0.85,1.28
210,24,12,7.9991,3.03792.38,5.47,5.54,1.5,3.63,4.78,6.23,3.11,7.32,1.59,2.16,2.54,2.58,5.19,3.18,1.07,2.12,2.3,2.76,0.3,3.49,1.54,0.85,1.28
210,24,8,7.9991,3.47712.38,5.47,6.34,1.5,3.63,4.78,6.23,3.11,7.32,1.97,2.16,2.54,2.58,7.16,5.19,3.18,2.12,2.3,4.55,2.76,0.3,3.49,1.54,0.85
210,23,12,7.9991,3.11521.37,5.47,5.48,2.45,3.63,4.78,3.11,7.32,1.97,5.99,2.16,2.54,2.58,5.19,3.18,1.07,2.12,2.3,2.76,0.3,3.49,1.54,0.85
210,23,9,7.9991,3.28786.59,5.47,5.33,3.63,4.78,3.11,7.32,1.97,5.99,2.16,2.54,2.58,5.19,3.18,1.07,2.12,1.35,2.3,2.76,0.3,3.49,1.54,0.85
210,23,13,7.9991,3.01836.61,5.47,2.45,3.63,4.78,3.11,7.32,1.97,3.6,2.16,2.54,2.58,5.19,3.18,1.07,2.12,1.35,2.3,2.76,0.3,2.54,1.54,0.85
210,23,11,7.9991,3.09176.61,5.34,2.45,3.63,4.78,3.56,7.32,1.97,3.05,2.16,2.54,2.58,5.19,3.18,1.07,2.12,3.75,2.3,2.76,0.3,2.06,1.54,0.85
210,24,9,7.9991,3.17586.61,5.34,2.45,3.54,4.78,7.6,3.56,7.32,1.97,3.05,2.16,2.54,2.58,5.19,3.18,1.07,2.12,1.35,2.3,2.76,0.3,2.06,1.54,0.85
210,23,10,7.9991,2.9576.59,5.57,2.45,3.54,4.78,3.56,7.32,1.97,3.05,2.16,2.54,2.58,4.37,3.18,1.07,2.12,1.35,2.3,2.76,0.3,2.06,1.54,0.85
210,23,9,7.9991,2.98786.62,5.62,2.45,3.54,4.78,3.56,7.49,1.97,3.05,2.16,2.54,2.22,5.19,3.18,1.07,2.12,1.35,2.3,2.76,0.3,2.06,1.54,0.85
210,23,11,7.9991,2.99966.67,5.62,2.45,3.54,4.78,4.09,7.54,1.97,3.05,2.16,2.54,2.22,4.83,3.18,1.07,2.12,1.35,2.3,2.76,0.3,2.06,1.54,0.85
210,23,9,7.9991,3.11486.67,5.62,2.45,3.54,5.71,3.58,7.54,1.97,3.05,2.05,2.54,2.22,4.83,3.18,1.07,2.12,1.35,2.3,2.76,2.64,2.06,1.54,0.85
210,23,9,7.9991,3.08226.66,5.62,2.45,3.54,5.43,3.58,7.53,1.97,3.05,1.97,2.54,2.22,4.83,3.18,2.12,2.12,1.35,3.22,2.76,0.3,2.06,1.54,0.85
210,23,10,7.9991,3.03485.48,5.77,2.45,5.22,5.43,3.58,7.53,1.97,3.05,1.97,2.54,2.22,4.83,3.18,1.29,2.12,1.35,2.31,2.76,0.3,2.06,1.54,0.85
210,23,7,7.9991,2.91135.96,5.77,2.45,1.95,5.38,3.58,7.53,1.97,3.05,1.97,2.54,2.22,4.83,3.18,1.29,2.12,1.35,2.31,2.76,0.3,2.06,1.54,0.85
210,23,9,7.9991,2.93225.57,5.77,2.45,2.71,5.49,3.58,7.53,1.97,3.05,1.97,2.54,2.22,4.83,3.18,1.29,2.12,1.35,2.31,2.76,0.3,2.06,1.54,0.85
210,23,9,7.9991,3.09915.42,5.77,2.45,2.71,4.68,3.58,7.31,1.97,3.05,1.97,2.54,7.24,4.83,3.18,1.29,2.12,1.35,2.31,2.76,0.3,2.06,1.54,0.85
210,23,11,7.9991,2.87225.42,5.77,2.45,2.71,4.68,3.58,7.34,1.97,3.05,1.69,2.54,2.8,4.83,2.65,1.29,2.12,1.35,2.31,2.76,0.3,2.06,1.54,0.85
210,23,8,7.9991,2.93876.15,5.77,2.45,2.7,4.68,3.58,7.34,1.97,3.05,2.53,2.54,2.8,4.83,2.62,1.29,2.12,1.35,2.31,2.76,0.3,2.06,1.54,0.85
210,23,8,7.9991,3.0776.06,5.77,2.45,5.78,4.68,5.04,7.33,1.97,3.05,2.53,2.54,2.8,4.71,1.48,1.29,2.12,1.35,2.31,2.76,0.3,2.06,1.54,0.85
210,23,10,7.9991,2.93226.06,5.77,2.45,2.7,5.53,4.72,7.33,1.97,3.05,1.75,2.54,2.8,4.71,1.48,1.29,2.12,1.35,2.31,2.76,0.3,2.06,1.54,0.85
210,23,10,7.9991,2.85396.06,5.77,2.45,2.04,5.43,4.72,7.33,1.97,3.05,1.75,2.54,1.76,4.71,1.48,1.29,2.12,1.35,2.31,2.76,0.3,2.06,1.54,0.85
210,23,9,7.9991,2.88436.06,5.77,2.45,2.04,5.43,4.72,7.33,1.97,3.05,1.75,3.24,1.76,4.71,1.48,1.29,2.12,1.35,2.31,2.76,0.3,2.06,1.54,0.85
210,23,10,7.9991,2.83966.06,5.77,2.45,2.04,5.43,4.72,7.34,1.97,3.05,1.41,2.54,1.76,4.71,1.48,1.29,2.12,1.35,2.31,2.76,0.3,2.06,1.54,0.85
210,22,9,7.9991,3.35146.06,5.77,2.9,2.04,5.43,4.72,7.34,2.41,2.6,1.41,2.54,1.76,4.71,1.48,1.29,8.18,2.12,2.31,4.21,2.06,1.54,0.85
210,21,10,7.9991,3.10436.04,5.77,3.03,2.34,5.43,4.72,7.34,2.41,2.6,1.41,2.54,1.76,5.39,1.48,1.29,2.12,2.31,2.76,2.06,1.54,0.85
210,22,8,7.9991,3.27416.13,5.77,2.57,2.34,5.43,4.72,7.34,2.75,2.52,1.41,2.54,1.76,5.39,1.48,1.29,7.12,2.31,2.76,0.57,3.44,1.54,0.85
210,21,11,7.9991,2.97866.13,5.77,2.57,2.34,5.43,4.72,7.19,2.75,2.52,1.41,2.54,1.76,5.38,1.48,1.29,2.31,2.76,0.57,1.24,1.54,0.85
210,21,10,7.9991,3.00766.13,5.77,2.59,2.34,5.43,4.72,7.19,2.75,2.52,1.41,3.1,1.76,5.41,1.48,1.29,2.31,2.76,0.57,1.24,1.54,0.85
210,21,8,7.9991,3.16626.13,5.77,2.59,2.34,5.43,4.72,1.93,7.04,2.75,5.49,1.41,3.1,1.76,5.87,1.14,1.29,2.31,2.76,0.57,1.24,0.85
210,21,9,7.9991,3.166.02,5.77,2.59,2.34,5.05,4.72,1.93,6.99,2.75,5.9,1.41,3.1,1.76,5.87,1.14,1.29,2.31,2.76,0.57,1.24,0.85
210,21,9,7.9991,3.02386.11,5.77,2.59,2.34,5.05,4.72,1.93,6.99,2.75,2.6,1.3,3.1,2.22,5.87,1.14,1.29,2.31,2.76,0.57,1.24,0.85
210,21,7,7.9991,3.31055.89,5.77,2.59,2.34,4.48,4.72,1.93,7.15,2.75,2.6,1.24,3.1,2.22,5.87,1.14,1.29,2.31,7.28,2.76,1.24,0.85
210,21,9,7.9991,3.30525.89,5.77,2.59,2.18,4.56,4.72,1.93,7.12,2.75,2.6,1.24,3.1,2.22,5.87,1.14,1.29,2.31,7.28,2.76,1.24,0.85
210,22,8,7.9991,3.27915.8,5.77,2.91,2.18,4.56,4.72,1.93,6.97,2.75,2.6,1.24,3.1,2.22,5.87,1.14,1.29,2.65,2.31,7.28,2.76,1.24,0.85
210,21,8,7.9991,3.27955.8,5.77,2.91,2.18,4.56,4.72,1.93,7.18,2.75,2.6,1.24,3.1,2.22,5.87,1.14,6.59,2.31,2.76,0.57,1.82,0.85
210,21,7,7.9991,3.34625.8,5.74,2.91,2.18,4.56,4.72,2.08,7.31,2.75,4.19,1.24,2.57,2.22,5.87,1.14,6.68,2.31,2.76,0.57,1.82,0.85
210,21,10,7.9991,3.11485.8,5.74,2.91,2.18,4.54,4.72,2.08,7.32,2.75,4.19,1.78,2.57,2.22,5.87,1.14,1.29,2.31,2.76,0.57,1.82,0.85
210,20,12,7.9991,3.215.8,5.74,2.91,2.18,4.54,4.72,2.08,7.25,2.75,4.19,1.78,2.57,2.22,5.87,1.29,2.31,2.76,0.57,1.82,0.85
210,20,10,7.9991,3.2275.8,5.74,3.25,2.18,4.54,4.72,2.08,7.25,2.75,4.19,1.78,2.57,2.22,5.87,1.29,2.31,2.76,0.57,1.82,0.85
210,20,12,7.9991,3.1915.8,5.74,2.72,2.18,4.54,4.72,2.08,7.06,2.75,4.19,1.78,2.57,2.22,5.87,1.29,2.31,2.76,0.57,1.82,0.85
210,20,11,7.9991,3.19855.8,5.74,2.72,2.18,4.6,4.72,2.08,7.15,2.75,4.19,1.78,2.57,2.22,5.87,1.29,2.31,2.76,0.57,1.82,0.85
210,20,10,7.9991,3.3325.49,5.74,2.72,5.06,4.6,4.72,2.08,7.25,2.75,4.19,1.78,2.57,2.22,5.87,1.29,2.31,2.76,0.57,1.82,0.85
210,20,8,7.9991,3.5396.1,5.74,5.38,5.33,5.44,5.78,2.08,7.25,2.86,4.19,1.24,1.89,2.22,5.87,1.29,2.31,2.76,0.57,1.63,0.85
210,20,9,7.9991,3.45055.79,5.74,2.72,5.33,5.44,4.76,3.58,7.2,2.86,4.19,1.24,1.89,2.22,6.64,1.29,2.31,2.76,0.57,1.63,0.85
210,20,9,7.9991,3.4535.79,5.74,2.72,5.33,5.44,5.77,3.58,7.28,2.86,4.19,1.24,1.89,2.22,6.22,1.29,1.69,2.76,0.57,1.63,0.85
210,20,9,7.9991,3.3595.79,5.74,2.72,5.33,5.44,4.75,2.08,7.28,2.86,4.19,1.24,1.89,2.22,6.81,1.34,1.69,2.76,0.57,1.63,0.85
210,20,8,7.9991,3.60055.79,5.62,2.72,5.33,5.44,4.75,2.08,7.28,2.86,4.19,1.24,1.89,2.22,6.81,1.34,1.69,2.97,5.59,0.57,1.63
210,21,7,7.9991,3.70765.79,5.62,2.72,5.33,5.44,4.75,2.08,7.28,2.86,2.6,1.24,2.19,2.22,6.81,1.34,1.69,2.97,3.46,0.57,1.63,9.27
210,20,9,7.9991,3.42955.79,5.62,2.72,5.33,5.44,4.75,2.08,7.28,2.86,2.6,1.24,2.19,2.22,6.81,1.34,1.69,2.97,3.46,0.57,1.63
210,20,6,7.9991,3.44656.17,5.62,2.72,5.33,5.44,4.75,2.08,7.0,2.86,4.19,1.24,2.06,2.22,6.81,1.34,1.69,1.75,3.46,0.57,1.63
210,20,7,7.9991,3.3254.51,5.79,5.62,2.72,5.33,4.75,1.93,7.17,2.86,2.56,1.99,1.8,2.22,6.81,1.34,1.69,1.75,3.46,0.57,1.63
210,21,6,7.9991,3.22524.51,5.79,5.77,2.72,5.33,4.75,1.93,7.17,2.86,2.56,1.25,1.8,2.22,6.81,3.67,1.78,1.75,0.57,0.95,1.63,1.91
210,21,8,7.9991,3.2114.51,5.79,5.77,2.72,5.33,4.75,1.93,7.17,2.86,2.56,1.25,1.8,2.22,6.81,1.69,1.75,3.46,0.57,0.95,1.63,1.91
210,21,8,7.9991,3.2114.51,5.79,5.77,2.72,5.33,4.75,1.93,7.17,2.86,2.56,1.25,1.8,2.22,6.81,1.69,1.75,3.46,0.57,0.95,1.63,1.91
210,21,7,7.9991,3.11384.51,6.24,5.77,2.65,2.91,4.75,1.93,7.17,2.86,2.56,1.25,1.8,2.22,6.81,1.69,1.75,3.46,0.57,0.95,1.63,1.91
210,22,7,7.9991,3.00414.51,6.24,5.77,2.65,2.91,4.75,1.93,7.17,2.86,1.25,0.51,2.03,2.22,2.52,6.81,1.69,1.75,3.46,0.57,0.95,1.63,1.91
210,22,6,7.9991,3.25274.51,6.56,5.77,2.65,2.11,4.75,5.26,7.17,2.86,0.88,1.25,0.51,1.8,2.22,6.81,6.24,1.69,3.46,0.57,0.95,1.63,1.91
210,22,8,7.9991,2.94.51,6.56,5.77,2.65,2.11,4.75,1.79,7.17,2.86,0.88,1.25,0.51,2.03,2.22,6.7,1.83,1.69,3.46,0.57,0.95,1.63,1.91
210,22,8,7.9991,3.13914.48,6.18,5.77,2.65,2.11,4.75,1.93,7.17,2.86,0.88,1.25,0.51,2.03,1.76,6.49,8.03,1.69,3.46,0.57,0.95,1.63,1.91
210,20,9,7.9991,3.0895.8,6.18,5.77,2.65,2.11,4.75,1.93,7.3,2.55,0.88,1.25,0.51,2.29,1.36,6.49,1.69,3.46,2.23,0.95,1.63
210,20,10,7.9991,3.03356.57,6.24,5.77,2.65,1.52,4.75,1.93,7.07,2.55,0.88,1.25,0.51,2.29,1.36,6.49,1.69,3.46,2.23,0.95,0.51
210,20,9,7.9991,3.3476.57,6.24,5.77,2.65,1.52,6.36,1.93,7.07,2.55,0.88,1.25,0.51,2.29,1.36,6.0,6.84,3.46,2.23,0.95,0.51
210,21,10,7.9991,3.28196.05,6.22,5.77,2.87,1.52,6.36,1.93,7.07,2.55,0.88,1.25,0.51,2.29,1.02,5.44,6.84,3.46,2.23,0.95,0.51,3.2
210,20,10,7.9991,3.4035.8,6.58,5.77,2.87,1.52,6.36,1.93,7.07,2.55,0.88,1.25,0.51,4.52,1.02,5.44,6.84,3.46,2.23,0.95,0.51
210,20,11,7.9991,3.40755.8,6.22,5.77,2.98,1.52,6.36,1.93,7.07,2.55,0.88,1.25,0.51,4.52,1.02,5.78,6.84,3.46,2.23,0.95,0.51
210,20,8,7.9991,3.4565.87,6.22,5.77,2.98,1.52,7.17,1.93,7.16,2.55,0.88,1.25,0.51,4.52,1.02,5.78,6.84,3.46,2.23,0.95,0.51
210,19,9,7.9991,3.60166.58,6.39,5.77,2.98,1.52,6.65,1.93,7.16,2.55,0.88,0.84,0.51,4.52,6.16,6.84,3.46,2.23,0.95,0.51
210,19,8,7.9991,3.77166.35,6.39,5.77,2.98,5.63,5.12,1.93,7.16,2.55,0.88,0.84,4.52,1.34,6.29,6.84,0.43,3.46,2.23,0.95
210,18,11,7.9991,3.876.35,6.75,5.77,2.98,1.52,5.9,1.93,7.16,2.55,0.88,4.52,1.34,6.29,8.65,0.43,3.46,2.23,0.95
210,19,10,7.9991,3.76376.32,6.75,5.77,2.84,1.52,5.9,1.93,7.16,2.08,0.88,4.52,6.29,8.65,0.43,2.9,0.93,3.46,2.23,0.95
210,19,11,7.9991,3.73895.94,6.75,5.77,2.84,1.52,5.9,1.93,7.16,2.08,0.88,4.52,6.29,8.65,2.9,0.93,3.46,2.23,0.95,0.34
210,19,9,7.9991,3.74375.93,6.75,5.77,2.84,1.52,5.9,1.93,7.26,2.08,0.88,4.52,6.29,8.65,2.9,0.93,3.46,2.23,0.95,0.34
210,19,9,7.9991,3.996.37,6.29,5.77,2.84,1.52,5.9,4.43,7.26,2.08,2.74,4.86,6.29,8.65,2.9,0.93,3.46,2.23,0.95,0.34
210,19,8,7.9991,3.88536.28,6.81,5.77,2.44,1.52,5.9,1.93,7.26,2.08,2.74,4.86,6.77,8.65,2.9,0.93,3.46,2.23,0.95,0.34
210,20,10,7.9991,3.95056.42,6.5,5.77,2.39,1.52,5.9,1.93,7.26,1.76,2.74,4.86,6.77,0.64,8.65,6.02,2.9,3.46,2.23,0.95,0.34
210,21,6,7.9991,4.33716.42,6.5,5.77,2.39,1.52,5.9,1.93,7.26,1.76,2.74,4.86,6.81,0.64,8.65,6.02,7.98,3.46,2.23,0.95,6.95,0.34
210,21,9,7.9991,3.72435.82,6.5,5.77,2.39,1.52,5.2,1.93,7.26,1.76,2.74,4.86,6.77,0.64,8.65,6.02,2.9,3.46,2.23,0.95,0.5,0.34
210,21,7,7.9991,3.81385.82,6.5,5.77,2.39,1.52,5.2,1.93,7.22,1.76,2.74,6.78,6.77,0.64,8.65,6.02,2.9,3.46,2.23,0.95,0.5,0.34
210,21,9,7.9991,3.71435.82,6.5,5.77,2.39,1.52,5.2,1.93,7.05,1.76,2.74,4.86,6.77,0.64,8.65,6.02,2.9,3.46,2.23,0.95,0.5,0.34
210,21,8,7.9991,3.73815.82,6.5,5.77,2.39,1.52,5.2,1.93,7.05,1.76,2.74,4.86,6.52,6.77,0.64,8.65,2.9,3.46,2.23,0.95,0.5,0.34
210,21,7,7.9991,3.61145.4,6.5,5.77,2.39,1.52,5.2,1.93,7.24,4.59,2.74,4.86,1.26,6.77,0.64,8.65,2.9,3.46,2.23,0.95,0.5,0.34
210,20,7,7.9991,3.73456.78,6.5,5.33,2.39,1.52,5.2,1.93,7.05,4.39,7.14,2.41,6.77,0.64,8.65,3.46,2.23,0.95,0.51,0.5,0.34
210,20,7,7.9991,3.87856.31,7.39,5.33,2.09,5.27,5.2,1.93,7.22,4.39,6.32,2.41,6.43,0.64,8.65,3.46,2.23,0.95,0.51,0.5,0.34
210,20,7,7.9991,3.6856.31,7.39,5.33,2.09,1.52,4.47,1.93,7.22,4.39,6.32,2.41,7.04,0.64,8.65,3.46,2.23,0.95,0.51,0.5,0.34
210,20,9,7.9991,3.2255.76,7.09,5.33,1.8,1.52,4.47,1.93,7.22,2.45,6.32,2.41,6.86,2.34,0.64,3.46,2.23,0.95,0.51,0.5,0.71
210,20,7,7.9991,3.46855.76,7.09,5.33,1.8,1.52,4.47,1.93,7.45,2.45,6.32,2.41,8.1,6.86,2.34,0.64,2.23,0.95,0.51,0.5,0.71
210,20,8,7.9991,3.2175.76,7.09,5.36,1.8,1.52,5.2,1.93,7.45,2.45,6.32,2.41,6.19,2.34,0.64,3.46,2.23,0.47,0.51,0.5,0.71
210,20,7,7.9991,3.3015.76,7.09,5.36,1.8,1.52,5.2,1.93,7.45,2.83,6.32,2.41,5.86,2.34,0.64,3.46,0.81,0.47,0.51,0.5,3.76
210,21,8,7.9991,2.94714.29,7.09,5.36,1.8,1.52,4.47,1.93,7.66,2.83,6.32,2.41,5.86,2.34,0.64,3.46,0.81,0.47,0.91,0.51,0.5,0.71
210,21,8,7.9991,2.94714.29,7.09,5.36,1.8,1.52,4.47,1.93,7.66,2.83,6.32,2.41,5.86,2.34,0.64,3.46,0.81,0.47,0.91,0.51,0.5,0.71
210,21,7,7.9991,2.85294.29,7.27,5.36,1.8,1.52,4.47,1.93,7.66,2.83,4.16,2.41,5.86,2.34,0.64,3.46,0.81,0.47,0.91,0.51,0.5,0.71
210,21,6,7.9991,2.85295.34,6.9,5.36,1.8,1.52,4.47,1.93,7.72,2.83,4.16,2.41,5.86,0.64,3.46,0.81,0.47,0.91,0.51,1.6,0.5,0.71
210,21,9,7.9991,2.8894.42,6.9,5.36,1.8,1.52,2.46,4.47,1.93,7.72,2.83,4.16,2.13,5.86,0.64,3.46,0.81,0.47,0.91,0.51,1.6,0.71
210,21,8,7.9991,2.8914.42,6.9,5.36,1.8,1.52,2.46,4.47,1.93,7.76,2.83,4.16,2.13,5.86,0.64,3.46,0.81,0.47,0.91,0.51,1.6,0.71
210,20,9,7.9991,3.0254.38,6.68,5.36,1.8,1.52,3.71,4.47,1.78,7.76,2.83,4.16,2.13,5.86,3.46,0.81,0.47,0.51,1.6,0.5,0.71
210,19,10,7.9991,3.22424.38,6.68,5.36,1.8,1.52,3.71,5.7,1.78,7.76,2.83,4.16,2.13,5.86,3.46,0.81,0.51,1.6,0.5,0.71
210,19,9,7.9991,3.52214.38,6.68,5.36,1.8,5.11,3.71,4.47,1.78,7.76,2.45,7.74,2.13,5.86,3.46,0.91,0.51,1.6,0.5,0.71
210,19,9,7.9991,3.29214.38,7.06,5.36,1.8,2.75,3.71,4.47,1.78,7.85,1.96,4.69,2.13,5.86,3.46,0.91,0.51,0.5,0.71,2.66
210,18,12,7.9991,3.21444.38,7.06,5.36,1.8,1.52,3.71,3.75,1.78,7.63,1.96,4.69,2.13,6.0,3.46,0.91,0.51,0.5,0.71
