178,36,88,376.9403,199.5253120.83,32.04,192.4,506.5,34.55,107.72,287.37,174.19,149.44,167.86,129.78,118.88,60.42,396.31,487.52,339.5,193.61,138.34,267.57,161.72,364.81,45.63,154.18,104.83,284.49,360.07,414.56,29.68,112.09,34.3,229.55,449.12,44.84,89.25,168.21,230.75
178,37,77,376.9403,191.7468120.83,62.44,222.73,506.5,34.55,107.72,295.25,174.19,149.44,167.86,129.78,122.51,118.28,60.42,368.13,339.5,222.81,138.34,260.73,364.81,274.35,87.2,236.47,94.99,104.83,360.07,414.56,29.68,112.09,34.3,229.55,137.39,449.12,89.25,75.0,168.21,230.75
178,40,65,376.9403,184.8845238.11,62.44,352.91,506.5,34.55,107.72,295.25,174.19,149.44,92.81,167.86,129.78,122.51,118.28,355.34,339.5,222.81,138.34,260.73,364.81,274.35,87.2,45.63,94.99,348.02,17.07,414.56,29.68,112.09,20.97,89.92,34.3,394.35,137.39,449.12,48.65,89.25,75.0,168.21,230.75
178,43,59,376.9403,154.5409238.11,62.44,352.91,429.03,34.55,107.72,174.19,58.01,149.44,92.81,167.86,129.78,113.3,299.82,168.94,138.77,258.0,138.34,227.42,364.81,87.2,176.16,277.2,76.49,45.63,355.41,348.02,17.07,159.74,29.68,29.52,112.09,20.97,89.92,34.3,186.76,300.44,45.16,48.65,89.25,179.66,75.0,154.69
178,38,60,376.9403,166.1903231.42,147.9,293.77,192.4,429.03,34.55,107.72,174.19,58.01,149.44,216.67,167.86,129.78,389.78,299.82,252.33,168.94,258.0,138.34,227.42,364.81,76.49,45.63,355.41,348.02,17.07,122.73,29.68,29.52,112.09,89.92,34.3,40.94,112.49,45.16,89.25,179.66,154.69
178,40,51,376.9403,176.6385311.7,126.84,293.77,262.92,327.6,34.55,107.72,174.19,58.01,149.44,114.6,167.86,129.78,389.78,115.71,29.18,168.94,289.73,258.0,138.34,227.42,364.81,297.23,239.5,263.46,331.19,355.41,348.02,17.07,55.72,29.68,29.52,112.09,34.3,112.49,125.58,89.25,179.66,154.69,49.79
178,41,46,376.9403,157.9546225.91,126.84,293.77,327.6,34.55,107.72,285.24,58.01,149.44,92.81,71.4,129.78,389.78,75.95,29.18,292.87,290.45,258.0,138.34,227.42,253.15,364.81,263.46,45.63,355.41,348.02,17.07,57.26,55.72,29.68,29.52,27.79,34.3,112.49,122.41,125.58,20.07,290.01,89.25,179.66,49.79
178,39,45,376.9403,177.6331225.91,126.84,319.94,34.55,107.72,285.24,58.01,149.44,114.6,83.81,129.78,389.78,75.95,429.35,292.87,391.29,290.45,258.0,236.93,34.53,253.15,364.81,125.76,263.46,45.63,355.41,348.02,17.07,57.26,29.68,110.69,29.52,27.79,34.3,112.49,122.41,125.58,290.01,179.66
178,40,42,376.9403,177.34225.91,126.84,73.45,47.16,107.72,285.24,381.84,149.44,114.6,129.78,340.29,351.16,288.96,290.45,187.92,236.93,34.53,253.15,364.81,125.76,75.3,501.71,241.25,45.63,355.41,348.02,17.07,321.15,12.79,57.26,29.68,29.52,34.3,112.49,38.37,122.41,125.58,40.05,290.01,179.66
178,41,38,376.9403,165.6393225.91,126.84,10.12,73.45,76.89,47.16,107.72,285.24,342.7,149.44,114.6,129.78,340.29,371.43,288.96,309.56,193.61,236.93,34.53,85.78,364.81,125.76,501.71,145.45,45.63,355.41,348.02,17.07,57.26,125.79,29.68,110.69,29.52,112.09,27.79,34.3,112.49,38.37,242.84,125.58,290.01
178,41,37,376.9403,146.608218.9,126.84,10.12,34.28,73.45,76.89,47.16,107.72,174.19,119.43,184.85,329.15,129.78,308.74,371.43,288.96,309.56,193.61,236.93,34.53,85.78,364.81,24.56,145.45,355.41,409.95,17.07,57.26,55.72,125.79,29.68,110.69,29.52,112.09,27.79,81.86,112.49,38.37,122.41,290.01,37.7
178,42,36,376.9403,143.345218.9,126.84,10.12,34.28,110.71,76.89,47.16,107.72,174.19,119.43,184.85,141.76,115.8,308.74,371.43,288.96,309.56,193.61,236.93,34.53,342.88,364.81,24.56,145.45,355.41,348.02,17.07,28.69,57.26,55.72,29.68,110.69,29.52,112.09,81.86,112.49,38.37,122.41,97.55,290.01,5.84,37.7
178,41,32,376.9403,169.0112218.9,126.84,10.12,34.28,56.47,77.96,47.16,107.72,441.29,113.7,184.85,141.76,308.74,371.43,288.96,379.23,309.56,335.73,236.93,206.99,364.81,333.05,145.45,348.02,17.07,28.69,57.26,55.72,50.84,29.68,110.69,29.52,112.09,81.86,112.49,38.37,122.41,559.27,290.01,5.84,37.7
178,40,31,376.9403,138.3125218.9,126.84,56.94,34.28,164.58,110.71,77.96,264.16,215.44,200.29,23.86,113.7,93.45,308.74,371.43,42.81,379.23,309.56,335.73,236.93,34.53,268.22,364.81,24.56,145.45,17.07,28.69,57.26,55.72,29.68,29.52,81.86,112.49,38.37,122.41,5.22,97.55,290.01,5.84,37.7
178,37,27,376.9403,151.753218.9,146.1,56.94,34.28,172.81,381.14,294.63,332.77,215.44,23.86,119.43,93.45,49.81,364.97,42.81,379.23,309.56,335.73,236.93,268.22,364.81,24.56,145.45,17.07,57.26,78.05,29.68,29.52,81.86,112.49,38.37,122.41,5.22,97.55,290.01,5.84,37.7
178,39,24,376.9403,151.1313218.9,146.1,56.94,34.28,172.81,409.24,294.63,332.77,215.44,367.1,196.45,23.86,105.58,93.45,49.81,364.97,42.81,387.13,309.56,335.73,151.69,151.59,51.51,364.81,24.56,145.45,17.07,98.4,78.05,29.68,110.69,29.52,81.86,38.37,5.22,24.54,290.01,5.84,37.7
178,34,27,376.9403,180.5694218.9,146.1,112.38,225.83,172.81,509.83,294.63,332.77,215.44,196.45,23.86,398.44,263.85,49.81,364.97,42.81,379.23,309.56,335.73,151.69,151.3,51.51,364.81,145.45,17.07,98.4,29.68,110.69,29.52,38.37,5.22,24.54,290.01,37.7
178,36,25,376.9403,153.3772230.41,146.1,56.94,333.1,172.81,435.54,294.63,332.77,215.44,23.86,112.56,263.85,153.99,49.81,364.97,42.81,379.23,320.08,152.49,28.07,151.3,51.51,364.81,145.45,17.07,98.4,29.68,29.52,81.86,38.37,5.22,24.54,40.05,290.01,6.63,37.7
178,34,26,376.9403,162.4344303.16,227.28,56.94,333.1,166.05,465.54,294.63,332.77,215.44,23.86,129.26,263.85,153.99,49.81,380.99,42.81,379.23,310.94,152.49,28.07,153.95,51.51,364.81,172.76,17.07,29.68,29.52,81.86,38.37,5.22,196.59,24.54,40.05,6.63
178,33,24,376.9403,165.943230.41,227.28,56.94,361.94,448.86,274.34,332.77,215.44,23.86,129.26,263.85,153.99,49.81,380.99,42.81,379.23,310.94,152.49,28.07,153.95,364.81,204.21,17.07,133.21,29.68,116.65,81.86,38.37,5.22,196.59,24.54,40.05,6.63
178,33,25,376.9403,167.0255179.96,227.28,56.94,404.57,226.85,448.86,274.34,297.6,215.44,23.86,263.85,153.99,380.99,215.57,42.81,379.23,310.94,152.49,304.35,204.21,17.07,133.21,29.68,116.65,81.86,38.37,5.22,17.57,196.59,24.54,40.05,40.27,6.63
178,32,23,376.9403,168.8756218.06,168.12,56.94,427.93,306.47,274.34,297.6,169.71,365.08,23.86,112.56,380.99,42.81,379.23,320.24,152.49,153.95,242.04,296.61,204.21,128.62,17.07,125.5,29.68,116.65,81.86,38.37,5.22,196.59,24.54,40.05,6.63
178,33,20,376.9403,156.6142275.06,168.12,10.12,403.26,274.34,247.43,169.71,245.34,112.56,132.15,380.99,42.81,379.23,320.24,152.49,153.95,242.04,27.83,296.61,204.21,128.62,17.07,119.0,125.5,29.68,116.65,81.86,38.37,5.22,196.59,24.54,40.05,6.63
178,33,22,376.9403,151.4288250.71,168.12,342.65,274.34,241.64,169.71,245.34,112.56,132.15,380.99,42.81,379.23,320.24,148.28,153.95,36.85,27.83,296.61,204.21,121.83,128.62,17.07,119.0,142.82,29.68,116.65,81.86,38.37,5.22,196.59,24.54,40.05,6.63
178,33,22,376.9403,152.5612250.71,168.12,342.65,205.79,241.64,169.71,245.34,112.56,132.15,380.99,42.81,379.23,320.24,148.28,153.95,200.38,27.83,296.61,204.21,128.62,17.07,119.0,142.82,29.68,116.65,81.86,38.37,5.22,196.59,24.54,40.05,64.22,6.63
178,32,16,376.9403,155.7481217.6,168.12,10.12,342.65,411.93,205.79,241.64,169.71,188.81,138.59,380.99,42.81,179.59,333.79,148.28,89.39,200.38,296.61,123.52,204.21,128.62,17.07,119.0,142.82,29.68,116.65,38.37,5.22,196.59,24.54,64.22,6.63
178,32,15,376.9403,152.6925217.6,168.12,10.12,461.05,434.06,205.79,241.64,169.71,152.36,315.0,42.81,179.59,333.79,148.28,60.0,200.38,29.69,279.52,123.52,204.21,128.62,36.58,119.0,142.82,29.68,116.65,38.37,5.22,196.59,24.54,64.22,6.63
178,32,14,376.9403,153.0681217.6,168.12,229.43,461.05,374.11,205.79,241.64,191.68,152.36,283.93,42.81,43.52,333.79,148.28,60.0,200.38,29.69,317.63,123.52,128.62,36.58,119.0,163.93,142.82,29.68,116.65,38.37,5.22,196.59,24.54,64.22,6.63
178,32,12,376.9403,148.1344217.6,168.12,10.12,487.8,374.11,205.79,241.64,191.68,152.36,283.93,42.81,43.52,333.79,148.28,60.0,200.38,29.69,317.63,108.9,123.52,128.62,36.58,119.0,98.4,142.82,29.68,38.37,5.22,196.59,132.5,64.22,6.63
178,32,10,376.9403,151.4366217.6,160.56,10.12,459.37,279.25,372.63,241.64,191.68,112.72,152.36,283.53,42.81,43.52,333.79,148.28,133.2,200.38,29.69,317.63,108.9,123.52,128.62,36.58,119.0,98.4,29.68,38.37,33.61,5.22,196.59,132.5,64.22
178,31,13,376.9403,161.8165217.6,160.56,10.12,459.37,279.25,372.63,241.64,191.68,112.72,168.77,42.81,43.52,333.79,148.28,133.2,200.38,29.69,317.63,108.9,92.74,297.85,128.62,36.58,98.4,319.07,38.37,33.61,5.22,196.59,132.5,64.22
178,30,11,376.9403,160.5947217.6,238.56,10.12,428.09,397.05,329.36,241.64,191.68,168.77,42.81,43.52,402.92,148.28,133.2,200.38,29.69,317.63,122.16,92.74,297.85,128.62,36.58,98.4,29.68,38.37,33.61,5.22,196.59,132.5,64.22
178,32,10,376.9403,158.0531217.6,158.57,10.12,428.09,279.25,329.36,186.71,191.68,112.72,50.25,248.57,42.81,43.52,333.79,148.28,133.2,200.38,324.71,317.63,33.97,51.49,245.38,151.82,128.62,36.58,87.72,29.68,33.61,5.22,132.5,299.65,64.22
178,32,7,376.9403,150.68216.8,129.62,10.12,459.37,279.25,329.36,186.71,191.68,112.72,50.25,153.23,42.81,43.52,357.06,148.28,339.97,200.38,29.69,317.63,33.97,56.23,245.38,151.82,128.62,36.58,87.72,29.68,33.61,5.22,132.5,217.76,64.22
178,32,10,376.9403,145.5353241.15,129.62,10.12,459.37,235.38,329.36,168.18,191.68,112.72,50.25,347.45,153.23,42.81,43.52,148.28,244.15,200.38,29.69,317.63,33.97,56.23,245.38,70.74,128.62,36.58,87.72,29.68,93.54,5.22,132.5,217.76,64.22
178,31,7,376.9403,146.8987152.65,129.62,10.12,459.37,376.13,297.5,168.18,191.68,50.25,347.45,153.23,42.81,43.52,244.15,200.38,140.29,317.63,33.97,56.23,245.38,101.1,70.74,128.62,36.58,87.72,8.77,93.54,5.22,10.77,132.5,217.76
178,32,11,376.9403,143.2519152.65,129.62,10.12,459.37,397.75,205.79,168.18,191.68,347.45,138.59,42.81,43.52,318.0,200.38,140.29,317.63,33.97,56.23,245.38,101.1,70.74,128.62,36.58,87.72,8.77,33.61,5.22,10.77,132.5,87.04,217.76,64.22
178,32,8,376.9403,138.0203152.65,129.62,10.12,412.23,403.44,80.35,152.56,191.68,134.9,341.5,42.81,43.52,83.05,325.48,200.38,140.29,317.63,33.97,56.23,245.38,101.1,70.74,128.62,36.58,13.12,98.4,38.57,12.03,5.22,132.5,217.76,64.22
178,32,6,376.9403,147.7152.65,317.99,10.12,412.23,386.78,80.35,143.15,191.68,134.9,339.92,42.81,119.22,83.05,325.48,200.38,140.29,317.63,33.97,56.23,245.38,101.1,154.99,149.89,36.58,38.57,34.92,50.36,59.53,5.22,10.77,132.5,217.76
178,32,9,376.9403,157.7234129.62,10.12,412.23,364.31,144.08,251.19,172.89,191.68,134.9,315.84,42.81,119.22,83.05,325.48,140.29,317.63,33.97,56.23,6.78,245.38,101.1,154.99,149.89,36.58,329.85,38.57,34.92,50.36,59.53,5.22,132.5,455.94
178,33,8,376.9403,140.1373341.86,129.62,10.12,328.19,364.31,132.61,348.24,143.15,191.68,105.03,315.84,42.81,119.22,83.05,325.48,317.63,33.97,56.23,6.78,245.38,101.1,154.99,149.89,36.58,14.75,38.57,34.92,50.36,59.53,5.22,194.15,10.77,132.5
178,30,6,376.9403,160.523129.62,10.12,379.44,345.52,132.61,357.07,348.24,143.15,191.68,134.9,315.84,42.81,119.22,83.05,325.48,232.58,317.63,33.97,187.87,245.38,101.1,154.99,149.89,36.58,38.57,50.36,59.53,5.22,10.77,132.5
178,30,5,376.9403,167.332342.75,218.62,10.12,352.01,345.52,132.61,357.07,133.28,191.68,134.9,315.84,42.81,119.22,180.96,392.36,232.58,317.63,27.24,187.87,245.38,101.1,154.99,149.89,36.58,38.57,50.36,59.53,5.22,10.77,132.5
178,30,7,376.9403,154.718342.75,110.97,148.91,332.56,345.52,132.61,357.07,133.28,182.22,134.9,315.84,42.81,119.22,15.97,307.45,232.58,27.24,184.44,237.82,276.55,22.47,154.99,149.89,36.58,38.52,50.36,59.53,5.22,10.77,132.5
178,29,9,376.9403,152.4497329.73,110.97,317.55,345.52,118.06,357.07,133.28,182.22,134.9,315.84,208.81,42.81,119.22,15.97,307.45,232.58,27.24,184.44,276.55,22.47,154.99,149.89,36.58,38.52,50.36,59.53,5.22,10.77,132.5
178,28,9,376.9403,160.2536247.21,110.97,317.55,345.52,118.06,357.07,133.28,191.68,134.9,315.84,208.81,289.48,119.22,15.97,307.45,232.58,27.24,82.11,276.55,22.47,154.99,149.89,36.58,38.52,50.36,59.53,10.77,132.5
178,28,6,376.9403,168.4257247.21,110.97,317.55,345.52,118.06,357.07,133.28,191.68,134.9,341.54,200.62,115.05,119.22,15.97,307.45,232.58,248.46,27.24,82.11,423.03,22.47,154.99,167.03,17.07,59.53,10.77,132.5,82.05
178,28,11,376.9403,159.2825216.45,110.97,167.18,164.72,345.52,118.06,148.67,178.45,134.9,302.09,181.31,115.05,119.22,15.97,307.45,232.58,248.46,84.68,82.11,276.67,423.03,22.47,154.99,161.99,17.07,14.75,59.53,55.57
178,27,9,376.9403,169.6319216.45,184.3,261.86,345.52,118.06,529.93,148.67,178.45,134.9,302.09,181.31,115.05,119.22,15.97,140.29,248.46,27.24,82.11,306.58,423.03,22.47,154.99,161.99,17.07,14.75,59.53,69.77
178,27,9,376.9403,165.513216.45,184.3,267.14,317.59,217.66,148.67,178.45,142.6,302.09,165.81,115.05,119.22,15.97,460.17,29.69,248.46,27.24,82.11,306.58,423.03,22.47,154.99,161.99,17.07,14.75,59.53,69.77
178,27,10,376.9403,160.4774216.45,184.3,230.78,317.59,118.06,148.67,178.45,142.6,302.09,165.81,115.05,119.22,15.97,460.17,29.69,248.46,27.24,82.11,306.58,423.03,22.47,154.99,161.99,17.07,14.75,59.53,69.77
178,28,10,376.9403,145.8318216.45,184.3,205.98,334.2,118.06,148.67,178.45,248.99,182.84,231.28,323.09,115.05,119.22,15.97,460.17,12.08,248.46,11.96,27.24,61.65,137.57,22.47,154.99,163.03,17.07,14.75,59.53,69.77
178,28,9,376.9403,132.017928.37,184.3,205.98,327.05,118.06,136.11,148.67,133.2,133.98,152.25,231.28,210.65,323.09,115.05,15.97,361.44,11.96,27.24,186.1,137.57,22.47,154.99,17.07,14.75,157.57,59.53,12.03,69.77
178,29,9,376.9403,121.352428.37,110.97,205.98,327.05,118.06,133.28,148.67,133.2,133.98,152.25,231.28,120.25,323.09,115.05,15.97,361.44,94.29,11.96,84.68,67.35,137.57,22.47,154.99,17.07,14.75,157.57,12.03,65.25,20.35
178,30,5,376.9403,126.492728.37,108.55,174.65,327.05,199.95,230.59,133.28,148.67,178.45,133.98,231.28,120.25,323.09,115.05,15.97,361.44,94.29,11.96,84.68,67.35,137.57,22.47,154.99,156.82,17.07,14.75,12.03,65.25,104.58,20.35
178,30,6,376.9403,123.578728.37,108.55,152.33,327.05,241.08,133.28,148.67,178.45,173.52,231.28,120.25,324.82,115.05,15.97,361.44,94.29,11.96,84.68,147.69,35.5,22.47,154.99,156.88,104.76,17.07,14.75,12.03,65.25,104.58,20.35
178,29,7,376.9403,125.5969161.32,108.55,157.4,297.47,241.08,133.28,148.67,178.45,184.95,231.28,120.25,324.82,115.05,15.97,361.44,94.29,11.96,84.68,67.35,35.5,22.47,154.99,156.88,104.76,17.07,14.75,12.03,65.25,20.35
178,29,9,376.9403,122.644528.37,108.55,157.4,297.47,241.08,133.28,148.67,200.66,190.63,184.95,231.28,120.25,324.82,115.05,15.97,361.44,94.29,11.96,67.35,35.5,22.47,154.99,56.36,17.07,14.75,12.03,155.56,34.14,20.35
178,30,6,376.9403,127.878328.37,270.63,157.4,297.47,241.08,133.28,148.67,200.66,190.63,184.95,231.28,120.25,324.82,115.05,15.97,361.44,94.29,11.96,117.58,67.35,35.5,22.47,154.99,56.36,17.07,14.75,12.03,155.56,34.14,20.35
178,29,8,376.9403,122.012428.37,108.55,282.83,297.47,241.08,133.28,148.67,200.66,190.63,184.95,231.28,120.25,324.82,115.05,15.97,361.44,94.29,11.96,67.35,35.5,22.47,94.88,56.36,17.07,14.75,12.03,71.91,34.14,20.35
178,26,8,376.9403,132.0819108.55,157.4,297.47,302.91,184.81,148.67,200.66,190.63,184.95,231.28,186.25,324.82,115.05,15.97,361.44,11.96,67.35,22.47,94.88,56.36,17.07,14.75,12.03,71.91,34.14,20.35
178,26,11,376.9403,129.231928.37,108.55,157.4,297.47,290.12,201.84,148.67,200.66,190.63,184.95,231.28,324.82,115.05,15.97,361.44,94.29,11.96,67.35,22.47,94.88,56.36,17.07,12.03,71.91,34.14,20.35
178,26,9,376.9403,132.716928.37,108.55,216.25,297.47,259.35,201.84,130.47,200.66,190.63,184.95,312.01,324.82,115.05,15.97,361.44,94.29,11.96,67.35,22.47,94.88,56.36,17.07,12.03,71.91,34.14,20.35
178,25,9,376.9403,156.508428.37,108.55,157.4,297.47,259.35,369.74,148.47,130.47,200.66,190.63,184.95,352.9,324.82,115.05,15.97,334.02,94.29,67.35,94.88,281.87,17.07,12.03,71.91,34.14,20.35
178,25,10,376.9403,144.4928.37,108.55,127.69,297.47,259.35,369.74,148.47,130.47,200.66,184.95,352.9,324.82,115.05,15.97,307.45,94.29,67.35,94.88,171.96,56.36,17.07,12.03,71.91,34.14,20.35
178,25,5,376.9403,134.738828.37,108.55,178.89,297.47,353.87,145.58,214.38,130.47,177.84,198.65,184.95,352.9,22.3,243.42,15.97,307.45,67.35,38.04,94.88,56.36,17.07,12.03,71.91,29.42,20.35
178,25,9,376.9403,136.202428.37,96.04,127.69,304.25,299.29,403.98,110.69,130.47,177.84,198.65,184.95,352.9,22.3,236.81,15.97,307.45,67.35,38.04,94.88,56.36,17.07,12.03,71.91,29.42,20.35
178,26,8,376.9403,152.916990.35,96.04,127.69,219.86,299.29,363.53,110.69,108.03,177.84,239.18,198.65,184.95,352.9,22.3,203.79,201.6,307.45,320.65,67.35,38.04,94.88,17.07,12.03,71.91,29.42,20.35
178,26,9,376.9403,129.44590.35,96.04,127.69,219.86,264.1,173.25,102.5,66.83,177.84,239.18,198.65,184.95,352.9,22.3,231.84,15.97,307.45,158.39,67.35,22.47,94.88,17.07,12.03,71.91,29.42,20.35
178,27,7,376.9403,143.9481198.52,312.82,127.69,219.86,216.3,102.5,66.83,153.21,239.18,198.65,184.95,358.03,352.9,22.3,231.84,119.23,244.74,56.09,67.35,22.47,94.88,17.07,145.48,12.03,71.91,29.42,20.35
178,27,7,376.9403,132.969390.35,312.82,105.25,219.86,257.29,102.5,66.83,153.21,239.18,198.65,184.95,160.18,352.9,22.3,231.84,119.23,244.74,158.39,67.35,22.47,94.88,17.07,12.03,71.91,34.22,29.42,20.35
178,26,6,376.9403,134.142390.35,96.04,105.25,197.92,219.86,257.29,306.77,102.5,66.83,190.11,239.18,198.65,160.18,352.9,17.38,119.23,244.74,158.39,67.35,22.47,94.88,45.72,12.03,71.91,29.42,20.35
178,26,6,376.9403,141.041590.35,104.49,105.25,197.92,219.86,257.29,299.24,102.5,66.83,190.11,239.18,198.65,337.86,352.9,17.38,119.23,244.74,158.39,67.35,22.47,94.88,43.85,12.03,74.56,29.42,20.35
178,26,7,376.9403,144.905490.35,105.4,105.25,197.92,219.86,257.29,102.5,66.83,190.11,199.38,198.65,337.86,388.26,17.38,223.21,119.23,244.74,158.39,67.35,22.47,94.88,223.87,12.03,74.56,29.42,20.35
178,26,5,376.9403,145.090890.35,105.4,105.25,197.92,219.86,257.29,394.38,102.5,66.83,190.11,232.89,198.65,329.59,17.38,196.67,119.23,244.74,158.39,67.35,22.47,94.88,223.87,12.03,74.56,29.42,20.35
178,26,5,376.9403,156.3527305.18,105.4,105.25,197.92,219.86,257.29,102.5,66.83,190.11,237.32,198.65,406.93,34.84,196.67,394.04,244.74,98.32,158.39,67.35,22.47,94.88,223.87,12.03,74.56,29.42,20.35
178,25,9,376.9403,145.1576197.75,105.4,105.25,197.92,219.86,213.13,125.68,99.65,334.3,190.11,237.32,198.65,319.03,34.84,217.32,119.23,244.74,67.35,94.88,24.69,145.48,12.03,74.56,29.42,20.35
178,27,10,376.9403,143.3396197.75,105.4,105.25,179.0,213.13,99.65,334.3,190.11,92.38,198.65,184.95,326.83,66.02,192.65,119.23,244.74,208.25,94.48,24.69,99.9,145.48,47.85,74.56,29.42,241.41,33.74,20.35
178,27,8,376.9403,151.2341197.75,105.4,105.25,219.09,289.69,213.13,99.65,334.3,190.11,92.38,198.65,184.95,326.83,66.02,319.75,120.24,208.25,94.48,24.69,99.9,145.48,47.85,74.56,29.42,241.41,33.74,20.35
178,27,11,376.9403,144.4085197.75,105.4,105.25,223.45,213.13,99.65,286.83,153.21,92.38,191.47,184.95,326.83,66.02,314.12,198.22,120.24,208.25,94.48,24.69,99.9,145.48,47.85,74.56,29.42,241.41,33.74,20.35
178,27,8,376.9403,155.83197.75,105.4,105.25,223.45,141.49,213.13,99.65,286.83,153.21,92.38,133.98,326.83,66.02,318.01,269.66,208.25,332.23,94.48,169.86,24.69,99.9,145.48,74.56,29.42,241.41,33.74,20.35
178,26,10,376.9403,164.9596197.75,105.4,105.25,223.45,399.65,213.13,99.65,45.7,153.21,92.38,141.47,326.83,66.02,431.33,241.33,208.25,204.3,375.11,94.48,169.86,24.69,99.9,145.48,74.56,29.42,20.35
178,27,9,376.9403,148.2759197.75,105.4,105.25,141.49,213.13,148.64,99.65,45.7,153.21,92.38,133.98,326.83,66.02,195.86,431.33,241.33,67.35,204.3,375.11,94.48,169.86,24.69,99.9,145.48,74.56,29.42,20.35
178,26,12,376.9403,160.4954197.75,94.29,105.25,196.42,141.49,213.13,99.65,45.7,150.95,92.38,303.09,133.98,326.83,66.02,187.97,431.33,279.94,95.57,204.3,375.11,94.48,24.69,99.9,68.19,69.91,74.56
178,25,15,376.9403,162.1288197.75,105.4,105.25,156.6,141.49,213.13,99.65,45.7,293.94,92.38,274.99,133.98,271.07,66.02,178.6,431.33,279.94,204.3,375.11,94.48,24.69,99.9,68.19,69.91,29.42
178,23,11,376.9403,175.1987357.93,105.4,105.25,156.6,372.94,213.13,248.58,45.7,113.56,92.38,283.58,271.07,34.85,66.02,187.97,431.33,279.94,202.41,94.48,68.19,27.43,29.42,241.41
178,24,15,376.9403,145.6879315.53,105.4,133.7,156.6,141.49,228.05,99.65,45.7,113.56,92.38,228.18,271.07,34.85,66.02,187.97,194.85,279.94,329.79,94.48,10.85,68.19,27.43,29.42,241.41
178,24,12,376.9403,143.3037375.18,105.4,179.13,156.6,141.49,162.1,99.65,45.7,113.56,92.38,298.14,228.18,271.07,34.85,66.02,187.97,194.85,215.24,94.48,10.85,68.19,27.43,29.42,241.41
178,23,11,376.9403,141.0161315.53,105.4,179.13,156.6,141.49,162.1,306.77,45.7,113.56,92.38,228.18,271.07,34.85,66.02,176.51,193.23,328.31,94.48,10.85,68.19,96.17,27.43,29.42
178,22,11,376.9403,157.5677315.53,105.4,179.13,156.6,490.71,278.23,244.96,45.7,113.56,92.38,228.18,271.07,34.85,66.02,176.51,162.57,253.15,88.07,10.85,96.17,27.43,29.42
178,23,11,376.9403,125.27315.53,105.4,179.13,156.6,142.91,278.23,244.96,71.55,113.56,92.38,141.13,94.45,34.85,66.02,176.51,162.57,253.15,18.5,10.85,96.17,69.91,27.43,29.42
178,24,7,376.9403,129.9658315.53,105.4,179.13,230.69,142.91,278.23,244.96,71.55,113.56,92.38,141.13,94.45,42.95,66.02,176.51,120.37,18.69,253.15,18.5,10.85,275.46,69.91,27.43,29.42
178,23,9,376.9403,133.673315.53,105.4,179.13,230.69,133.72,154.17,321.27,110.39,113.56,92.38,141.13,94.45,34.85,66.02,176.51,120.37,18.69,253.15,10.85,275.46,69.91,27.43,29.42
178,23,10,376.9403,133.8217315.53,105.4,179.13,230.69,133.72,154.17,321.27,110.39,113.56,92.38,141.13,94.45,34.85,66.02,179.93,120.37,18.69,253.15,10.85,275.46,69.91,27.43,29.42
178,25,10,376.9403,135.1468315.53,105.4,179.13,226.76,247.86,154.17,321.27,110.39,86.74,92.38,190.59,94.45,34.85,66.02,179.93,18.69,206.91,10.85,275.46,69.91,27.43,43.58,49.54,29.42,241.41
178,24,10,376.9403,132.3025315.53,105.4,179.13,226.76,89.53,154.17,238.9,110.39,86.74,137.73,235.4,94.45,34.85,66.02,196.97,18.69,206.91,10.85,275.46,27.43,43.58,49.54,29.42,241.41
178,25,10,376.9403,136.3336315.53,105.4,179.13,226.76,89.53,154.17,238.9,110.39,86.74,211.92,141.13,94.45,34.85,66.02,196.97,18.69,206.91,409.73,10.85,91.53,27.43,43.58,49.54,29.42,268.77
178,24,11,376.9403,141.8254315.53,105.4,179.13,226.76,89.53,154.17,238.9,110.39,86.74,275.63,141.13,94.45,34.85,66.02,196.97,18.69,436.86,10.85,91.53,27.43,345.11,49.54,78.78,29.42
178,22,13,376.9403,138.2436315.53,105.4,179.13,165.33,89.53,154.17,340.49,71.55,86.74,275.63,86.21,141.13,85.6,34.85,196.97,73.43,436.86,10.85,91.53,27.43,43.58,29.42
178,22,11,376.9403,142.6027315.53,105.4,179.13,165.33,89.53,188.46,337.54,78.43,86.74,275.63,86.21,145.93,85.6,34.85,196.97,73.43,10.85,400.59,129.91,27.43,43.58,80.19
178,23,12,376.9403,136.5391281.09,94.29,179.13,165.33,89.53,188.46,337.54,78.43,86.74,275.63,86.21,84.18,85.6,34.85,196.97,73.43,10.85,400.59,125.16,27.43,43.58,29.42,165.96
178,23,11,376.9403,140.5209281.09,95.68,191.02,165.33,89.53,277.16,337.54,78.43,86.74,275.63,86.21,84.18,85.6,34.85,196.97,73.43,10.85,400.59,125.16,27.43,43.58,29.42,155.56
178,22,11,376.9403,140.3281.09,95.68,166.77,165.33,89.53,188.46,337.54,74.84,86.74,275.63,86.21,84.18,85.6,52.0,180.4,73.43,10.85,400.59,125.16,27.43,43.58,155.56
178,21,11,376.9403,150.3971312.83,95.68,165.33,89.53,230.88,337.54,74.84,86.74,275.63,86.21,84.18,85.6,52.0,180.4,175.2,73.43,400.59,125.16,27.43,43.58,155.56
178,22,13,376.9403,138.7168225.36,95.68,81.25,165.33,89.53,130.53,337.54,74.84,86.74,275.63,86.21,84.18,85.6,52.0,180.4,175.2,73.43,400.59,125.16,27.43,43.58,155.56
178,22,11,376.9403,138.4295218.64,95.68,81.25,165.33,89.53,130.53,341.12,64.48,86.74,275.63,86.21,84.18,85.6,52.0,180.4,139.48,73.43,443.49,125.16,27.43,43.58,155.56
178,22,11,376.9403,134.8509291.67,95.68,81.25,165.33,89.53,114.5,341.12,64.48,86.74,275.63,86.21,84.18,85.6,52.0,180.4,139.48,73.43,307.76,125.16,27.43,43.58,155.56
178,22,13,376.9403,139.0745287.15,95.68,81.25,165.33,89.53,119.01,341.12,64.48,86.74,288.05,86.21,84.18,85.6,52.0,176.85,243.04,73.43,307.76,125.16,43.58,7.93,155.56
178,23,10,376.9403,140.0439257.13,95.68,81.25,185.51,89.53,119.01,341.12,64.48,86.74,288.05,86.21,84.18,81.86,52.0,233.86,117.94,243.04,73.43,307.76,125.16,43.58,7.93,155.56
178,22,11,376.9403,140.7595257.13,95.68,81.25,185.51,103.25,119.01,341.12,64.48,86.74,277.5,84.18,84.26,52.0,66.02,176.85,243.04,71.12,307.76,125.16,111.16,7.93,155.56
178,22,8,376.9403,145.8182257.13,95.68,81.25,213.14,103.25,119.01,341.12,64.48,86.74,286.25,69.87,84.18,52.0,66.02,176.85,332.34,71.12,307.76,125.16,111.16,7.93,155.56
178,21,8,376.9403,150.9148257.13,95.68,81.25,247.9,103.25,119.01,341.12,64.48,235.51,69.87,84.18,52.0,66.02,238.47,332.34,73.43,307.76,125.16,111.16,7.93,155.56
178,23,7,376.9403,143.4635257.13,95.68,81.25,193.77,115.19,119.01,341.12,67.47,87.37,86.71,47.05,84.18,225.83,52.0,66.02,332.34,73.43,332.27,125.16,111.16,7.93,242.03,155.56
178,23,10,376.9403,138.4222218.64,95.68,81.25,193.77,101.49,119.01,277.36,67.47,87.37,86.71,47.05,84.18,225.83,52.0,66.02,332.34,73.43,332.27,125.16,111.16,7.93,242.03,155.56
178,23,7,376.9403,148.1078218.64,95.68,60.09,193.77,115.19,119.01,321.65,277.36,67.47,87.37,86.71,47.05,84.18,275.85,52.0,219.8,73.43,332.27,125.16,111.16,7.93,192.68,242.03
178,23,9,376.9403,152.723218.64,95.68,31.88,193.77,101.49,119.01,321.65,265.03,67.47,87.37,47.05,84.18,275.85,52.0,219.8,246.6,268.42,73.43,332.27,113.4,97.03,7.93,192.68
178,23,5,376.9403,144.82218.64,99.55,60.09,270.89,101.49,119.01,254.51,67.47,47.05,80.12,275.85,52.0,219.8,246.6,268.42,73.43,10.24,332.27,80.23,97.03,7.93,192.68,155.56
178,23,7,376.9403,141.5352218.64,99.55,60.09,270.89,119.01,321.65,254.51,67.47,47.05,80.12,275.85,52.0,70.58,187.19,246.6,268.42,75.21,10.24,332.27,22.45,70.56,97.03,7.93
178,23,5,376.9403,144.3752218.64,99.55,60.09,276.68,119.01,321.65,244.48,67.47,314.69,47.05,73.87,352.0,52.0,113.62,187.19,246.6,268.42,75.21,10.24,22.45,97.03,7.93,44.76
178,23,5,376.9403,143.4278209.09,99.55,60.09,241.12,119.01,321.65,244.48,67.47,314.69,47.05,73.87,275.51,52.0,178.44,79.64,187.19,246.6,268.42,75.21,10.24,97.03,7.93,22.56
178,23,8,376.9403,131.0661267.65,99.55,60.09,241.12,119.01,244.48,67.47,232.27,47.05,73.87,275.24,52.0,87.84,175.2,167.64,268.42,75.21,10.24,286.07,22.45,111.16,7.93,22.56
178,23,6,376.9403,149.7674265.03,99.55,60.09,241.12,119.01,244.48,74.66,232.27,47.05,73.87,275.24,52.0,99.51,330.4,304.45,253.71,193.18,10.24,286.07,22.45,129.78,7.93,22.56
178,22,10,376.9403,156.2377265.03,99.55,60.09,241.12,82.92,280.6,236.04,47.05,73.87,275.24,52.0,34.39,99.51,330.4,304.45,253.71,152.52,286.07,22.45,129.78,87.88,22.56
178,21,10,376.9403,157.4386301.96,99.55,60.09,241.12,80.81,280.6,236.04,47.05,73.87,275.24,52.0,281.83,34.39,99.51,330.4,165.3,253.71,152.52,129.78,87.88,22.56
178,21,11,376.9403,160.0681259.46,99.55,60.09,241.12,80.81,280.6,236.04,47.05,73.87,275.24,52.0,218.77,34.39,99.51,330.4,165.3,418.82,148.19,129.78,87.88,22.56
178,21,10,376.9403,183.0019259.46,99.55,60.09,241.12,80.81,248.69,236.04,47.05,73.87,275.24,52.0,218.77,34.39,97.05,330.4,165.3,418.82,148.19,416.54,87.88,251.78
178,21,10,376.9403,171.1629287.3,99.55,60.09,241.12,84.32,248.69,236.04,47.05,73.87,282.03,52.0,218.77,34.39,97.05,330.4,165.3,418.82,148.19,129.78,87.88,251.78
178,20,10,376.9403,178.945298.11,99.55,60.09,241.12,110.85,148.76,287.89,236.04,91.77,272.89,52.0,218.77,34.39,97.05,330.4,165.3,418.82,155.39,7.93,251.78
178,20,8,376.9403,183.9115309.26,99.55,60.09,241.12,181.3,148.76,244.39,236.04,143.05,282.84,52.0,218.77,34.39,97.05,330.4,165.3,418.82,155.39,7.93,251.78
178,20,8,376.9403,177.8175337.7,99.55,116.23,241.12,110.85,148.76,244.39,236.04,143.05,307.67,52.0,218.77,34.39,97.05,169.56,165.3,418.82,155.39,7.93,251.78
178,20,9,376.9403,172.1955300.5,98.82,60.09,241.12,110.85,347.73,244.39,65.22,143.05,261.15,52.0,218.77,34.39,97.05,169.56,165.3,418.82,155.39,7.93,251.78
178,20,7,376.9403,176.996317.73,174.52,60.09,241.12,110.85,123.39,244.39,236.04,143.05,302.65,52.0,179.64,34.39,97.05,223.79,165.3,418.82,155.39,7.93,251.78
178,21,8,376.9403,171.491317.73,221.58,31.88,241.12,110.85,123.39,314.82,236.04,91.77,302.65,52.0,70.37,34.39,97.05,223.79,166.78,418.82,125.85,155.39,251.78,13.26
178,21,8,376.9403,169.5352317.73,221.58,60.09,241.12,110.85,296.52,238.6,92.96,302.65,52.0,70.37,34.39,130.03,223.79,166.78,418.82,125.85,155.39,35.68,251.78,13.26
178,20,9,376.9403,165.3835274.91,221.58,60.09,241.12,306.66,115.0,303.11,238.6,92.96,302.65,52.0,70.37,97.05,223.79,166.78,253.71,135.81,35.68,102.54,13.26
178,20,8,376.9403,161.3175274.91,221.58,60.09,241.12,232.82,115.0,303.11,238.6,92.96,295.17,52.0,70.37,97.05,223.79,166.78,253.71,135.81,35.68,102.54,13.26
178,20,8,376.9403,151.8315285.02,221.58,60.09,256.21,23.88,115.0,303.11,238.6,92.96,289.19,52.0,70.37,97.05,223.79,166.78,253.71,135.81,35.68,102.54,13.26
178,20,9,376.9403,164.611290.83,174.52,60.09,256.21,23.88,111.68,372.26,303.11,238.6,92.96,258.98,70.37,97.05,223.79,166.78,253.71,128.12,120.34,35.68,13.26
178,20,7,376.9403,170.149290.83,174.52,60.09,256.21,23.88,119.64,372.26,311.12,238.6,187.75,258.98,70.37,97.05,223.79,166.78,253.71,128.12,120.34,35.68,13.26
178,20,7,376.9403,166.4735290.83,174.52,60.09,256.21,23.88,119.64,372.26,311.12,238.6,92.96,245.79,70.37,97.05,258.26,166.78,253.71,128.12,120.34,35.68,13.26
178,21,6,376.9403,171.76290.83,174.52,60.09,266.18,232.82,107.17,372.26,311.12,238.6,92.96,224.3,70.37,132.03,223.79,166.78,253.71,117.61,120.34,35.68,102.54,13.26
178,20,9,376.9403,159.622290.83,174.52,60.09,266.18,232.82,109.12,311.12,238.6,92.96,108.38,224.3,70.37,97.05,223.79,166.78,253.71,120.34,35.68,102.54,13.26
178,19,9,376.9403,191.9037290.83,174.52,60.09,248.87,239.85,109.12,555.66,311.12,228.24,92.96,114.44,179.39,224.3,70.37,97.05,223.79,253.71,167.17,4.69
178,17,11,376.9403,164.3729279.76,348.76,60.09,248.87,244.51,109.12,311.12,228.24,92.96,114.44,179.39,198.41,39.88,97.05,223.79,4.69,13.26
178,18,11,376.9403,156.7556312.22,348.76,60.09,248.87,32.3,109.12,311.12,228.24,92.96,114.44,198.26,39.88,97.05,223.79,237.29,149.26,4.69,13.26
178,17,12,376.9403,175.7729285.92,342.38,60.09,248.87,32.3,108.72,329.86,291.06,240.9,92.96,204.79,38.21,97.05,223.79,237.29,149.26,4.69
178,17,12,376.9403,170.4965272.26,154.11,60.09,273.88,32.3,108.72,329.86,291.06,288.45,92.96,244.46,38.21,97.05,223.79,237.29,149.26,4.69
178,17,15,376.9403,166.5241272.26,31.16,60.09,240.1,32.3,108.72,399.36,291.06,288.45,92.96,244.46,57.91,97.05,223.79,237.29,149.26,4.69
178,17,14,376.9403,164.8371272.26,31.16,60.09,277.29,32.3,108.72,399.36,291.06,288.45,92.96,244.46,57.91,97.05,223.79,171.42,149.26,4.69
178,17,11,376.9403,177.0665272.26,31.16,60.09,263.38,32.3,111.51,399.36,291.06,288.45,92.96,244.46,57.91,97.05,322.47,291.76,149.26,4.69
178,17,10,376.9403,178.6541272.26,31.16,60.09,263.38,256.85,108.28,399.36,291.06,288.45,92.96,256.24,57.91,97.05,223.79,184.33,149.26,4.69
178,17,12,376.9403,179.0312272.26,31.16,60.09,263.38,256.85,103.27,399.36,291.06,288.45,92.96,212.1,57.91,97.05,279.35,184.33,149.26,4.69
178,17,10,376.9403,197.8059272.26,31.16,60.09,239.22,256.85,232.38,399.36,324.61,288.45,88.19,256.24,57.91,97.05,420.65,184.33,149.26,4.69
178,17,11,376.9403,196.5006272.26,31.16,60.09,239.22,256.85,103.27,399.36,299.2,288.45,223.23,256.24,57.91,97.05,417.94,184.33,149.26,4.69
178,17,12,376.9403,183.6359272.26,31.16,60.09,239.22,256.85,103.27,399.36,299.2,288.45,88.19,208.21,57.91,97.05,382.31,184.33,149.26,4.69
178,17,11,376.9403,190.9641272.26,31.16,60.09,239.22,256.85,227.85,399.36,299.2,288.45,88.19,208.21,57.91,97.05,382.31,184.33,149.26,4.69
178,17,12,376.9403,184.2029272.26,31.16,60.09,239.22,256.85,103.27,399.36,299.2,288.45,88.19,208.21,57.91,97.05,391.95,184.33,149.26,4.69
178,16,11,376.9403,193.3438265.65,31.16,60.09,239.22,186.3,103.27,399.36,352.74,288.45,88.19,208.21,57.91,97.05,382.31,184.33,149.26
178,17,9,376.9403,191.4641265.65,31.16,60.09,239.22,186.3,103.27,399.36,299.2,288.45,88.19,208.21,57.91,97.05,382.31,184.33,187.84,176.35
178,17,10,376.9403,209.2676265.65,355.44,60.09,239.22,186.3,103.27,399.36,299.2,282.45,88.19,197.3,66.92,97.05,382.31,184.33,187.84,162.63
178,17,9,376.9403,211.5818243.27,355.44,152.02,239.22,186.3,103.27,399.36,315.12,282.45,77.45,66.92,97.05,263.18,369.44,184.33,99.44,162.63
178,17,10,376.9403,205.18201.2,355.44,157.22,239.22,186.3,103.27,399.36,315.12,282.45,81.21,66.92,97.05,251.22,369.44,184.33,35.68,162.63
178,17,9,376.9403,208.1253199.71,355.44,204.72,239.22,186.3,120.35,399.36,315.12,282.45,66.92,97.05,220.54,369.44,184.33,98.87,35.68,162.63
178,17,10,376.9403,205.5747199.71,355.44,157.22,239.22,183.74,103.27,399.36,315.12,282.45,66.92,103.93,220.54,397.45,187.26,84.83,35.68,162.63
178,17,11,376.9403,200.6959184.27,355.44,157.22,239.22,183.74,119.13,399.36,315.12,282.45,66.92,108.2,220.54,295.78,187.26,98.87,35.68,162.63
178,18,9,376.9403,177.5761184.27,355.44,157.22,239.22,183.74,119.13,315.12,282.45,20.79,66.92,108.66,220.54,326.22,187.26,98.87,132.21,35.68,162.63
178,17,12,376.9403,181.9729184.27,355.44,157.22,239.22,200.9,119.13,315.12,282.45,20.79,66.92,108.2,220.54,326.22,133.49,80.0,132.21,151.42
178,17,11,376.9403,179.4718184.27,355.44,157.22,234.73,200.9,119.13,315.12,282.45,20.79,66.92,108.2,214.57,326.22,133.49,80.0,100.15,151.42
178,16,10,376.9403,176.7594184.27,355.44,157.22,234.73,200.9,119.13,315.12,257.43,39.04,66.92,108.2,215.04,309.78,133.49,80.0,51.44
178,16,12,376.9403,171.4631184.27,355.44,124.72,234.73,200.9,119.13,307.17,238.54,39.04,66.92,108.2,229.8,269.62,133.49,80.0,51.44
178,16,11,376.9403,187.1894184.27,355.44,124.72,234.73,200.9,149.17,355.07,307.17,238.54,39.04,66.92,108.2,229.8,269.62,80.0,51.44
178,16,11,376.9403,176.205184.27,355.44,124.72,239.8,360.27,119.13,275.63,238.54,39.04,66.92,108.2,229.8,212.59,133.49,80.0,51.44
178,17,10,376.9403,165.5941184.27,355.44,124.72,239.8,200.9,133.73,275.63,238.54,39.04,66.92,140.59,108.2,229.8,212.59,133.49,80.0,51.44
178,16,10,376.9403,193.0606184.27,355.44,124.72,239.16,228.36,133.73,311.79,275.63,217.08,269.84,66.92,108.2,229.8,212.59,80.0,51.44
178,16,10,376.9403,179.5106184.27,369.44,124.72,239.16,228.36,133.73,311.79,275.63,217.08,39.04,66.92,108.2,229.8,212.59,80.0,51.44
178,16,12,376.9403,152.1238184.27,31.16,124.72,239.16,228.36,133.73,311.79,290.46,217.08,39.04,66.92,89.62,194.22,152.01,80.0,51.44
178,16,12,376.9403,162.8106184.27,31.16,124.72,239.16,228.36,133.73,311.79,269.56,217.08,39.04,247.14,89.62,203.37,152.01,82.52,51.44
178,17,11,376.9403,129.57183.45,31.16,257.75,239.16,115.61,173.24,269.56,217.08,39.04,66.92,89.62,163.24,152.01,66.2,82.52,4.69,51.44
178,17,11,376.9403,132.3694183.45,31.16,140.9,263.65,297.97,173.24,269.56,217.08,39.04,66.92,89.62,163.24,152.01,82.52,23.79,4.69,51.44
178,17,10,376.9403,170.4612183.45,31.16,118.24,272.89,253.43,173.24,603.27,269.56,217.08,39.04,66.92,104.74,163.24,152.01,135.44,62.69,51.44
178,17,11,376.9403,129.2835183.45,31.16,118.24,272.89,179.18,146.05,269.56,217.08,39.04,66.92,104.74,163.24,152.01,135.44,62.69,4.69,51.44
178,17,9,376.9403,147.3194183.45,31.16,118.24,272.89,179.18,146.05,269.56,216.46,39.04,66.92,104.74,163.24,152.01,135.44,62.69,4.69,358.67
178,17,9,376.9403,131.6106225.68,31.16,118.24,272.89,179.18,146.05,248.18,235.79,39.04,66.92,104.74,163.24,152.01,135.44,62.69,4.69,51.44
178,17,10,376.9403,137.0553274.49,31.16,118.24,272.89,179.18,146.05,248.18,277.48,39.04,66.92,104.74,163.24,154.07,135.44,62.69,4.69,51.44
178,16,9,376.9403,151.46274.49,31.16,118.24,272.89,158.8,163.31,248.18,277.48,39.04,66.92,104.74,163.24,154.07,236.67,62.69,51.44
178,16,11,376.9403,140.225274.49,31.16,118.24,272.89,158.8,146.05,248.18,277.48,39.04,66.92,104.74,163.24,100.75,127.49,62.69,51.44
178,17,9,376.9403,129.9112274.49,31.16,118.24,272.89,177.8,146.05,248.18,84.27,277.48,39.04,66.92,104.74,163.24,100.75,47.11,4.69,51.44
178,17,6,376.9403,134.9212274.49,31.16,118.24,272.89,177.8,146.05,318.29,18.98,357.83,39.04,66.92,104.74,163.24,100.75,47.11,4.69,51.44
178,17,5,376.9403,133.9882274.49,31.16,118.24,270.2,177.8,146.92,304.25,18.98,357.83,39.04,66.92,104.74,163.24,100.75,47.11,4.69,51.44
178,18,5,376.9403,131.1411265.89,31.16,118.24,252.42,177.8,130.88,304.25,18.98,321.08,64.02,66.92,104.74,208.63,100.75,47.11,4.69,51.44,91.54
178,18,4,376.9403,131.4683265.89,31.16,118.24,252.42,177.8,130.88,304.25,18.98,321.08,64.02,80.11,104.74,208.63,93.45,47.11,4.69,51.44,91.54
178,18,5,376.9403,124.5461221.79,31.16,118.24,258.81,177.8,130.88,304.25,18.98,321.08,64.02,66.92,104.74,134.93,93.45,47.11,4.69,51.44,91.54
178,18,6,376.9403,127.4067209.56,31.16,118.24,249.59,218.66,130.88,304.25,18.98,321.08,64.02,66.92,104.74,167.01,93.45,47.11,4.69,51.44,91.54
178,17,7,376.9403,133.9771209.56,31.16,118.24,238.29,218.66,130.88,304.25,18.98,321.08,108.01,66.92,104.74,93.45,170.05,47.11,4.69,91.54
178,17,7,376.9403,132.5029209.56,31.16,118.24,238.29,218.66,130.88,304.25,18.98,321.08,108.01,66.92,79.47,93.45,170.05,47.32,4.69,91.54
178,17,6,376.9403,143.3971209.56,31.16,118.24,237.39,218.66,129.87,304.25,18.98,272.51,108.01,66.92,79.47,98.8,170.05,277.65,4.69,91.54
178,17,7,376.9403,127.8418195.13,31.16,118.24,237.39,218.66,129.87,304.25,18.98,272.51,108.01,66.92,79.47,79.12,170.05,47.32,4.69,91.54
178,17,5,376.9403,139.1195.13,31.16,118.24,237.39,218.66,242.52,333.64,321.86,18.98,108.01,66.92,79.47,79.12,170.05,47.32,4.69,91.54
178,17,5,376.9403,141.3412236.13,31.16,118.24,237.39,218.66,242.52,333.64,318.96,18.98,108.01,66.92,79.47,79.12,170.05,47.32,4.69,91.54
178,17,5,376.9403,169.0541236.13,31.16,118.24,237.39,177.8,242.52,333.64,318.96,18.98,108.01,66.92,74.83,79.12,170.05,47.32,521.31,91.54
178,16,7,376.9403,149.9025236.13,31.16,118.24,237.39,223.63,242.52,333.64,318.96,18.98,108.01,66.92,74.83,79.12,170.05,47.32,91.54
178,16,6,376.9403,149.6081195.13,31.16,118.24,268.3,210.21,242.52,333.64,318.96,18.98,108.01,66.92,74.83,79.12,188.85,47.32,91.54
178,17,3,376.9403,148.4282195.13,31.16,118.24,268.3,272.42,242.52,333.64,318.96,18.98,108.01,66.92,74.83,79.12,188.85,67.34,47.32,91.54
178,17,3,376.9403,162.3306195.13,31.16,118.24,268.3,183.04,242.52,332.87,318.96,18.98,222.98,66.92,74.83,79.12,188.85,67.34,47.32,303.06
178,17,5,376.9403,138.67195.13,31.16,116.88,268.3,183.04,223.46,318.96,18.98,277.55,108.01,66.92,74.83,79.12,188.85,67.34,47.32,91.54
178,17,5,376.9403,135.1553195.13,31.16,116.88,268.3,183.04,163.71,318.96,18.98,277.55,108.01,66.92,74.83,79.12,188.85,67.34,47.32,91.54
178,17,4,376.9403,133.9918195.13,31.16,116.88,268.3,183.04,163.71,213.8,18.98,362.93,108.01,66.92,74.83,79.12,188.85,67.34,47.32,91.54
178,17,4,376.9403,152.3376195.13,31.16,156.94,240.54,183.04,163.71,226.96,213.8,18.98,61.28,369.48,234.95,66.92,79.12,188.85,67.34,91.54
178,17,6,376.9403,132.0959195.13,31.16,156.94,196.32,164.8,163.71,213.8,18.98,61.28,369.48,101.32,66.92,100.35,79.12,167.44,67.34,91.54
178,17,3,376.9403,147.8794251.63,31.16,156.94,193.46,262.09,163.71,213.8,18.98,178.67,369.48,101.32,66.92,100.35,79.12,167.44,67.34,91.54
178,17,7,376.9403,130.6871195.13,31.16,156.94,204.99,164.8,163.71,213.8,18.98,61.28,369.48,101.32,66.92,100.35,79.12,134.82,67.34,91.54
178,17,6,376.9403,138.3565236.46,31.16,156.94,193.98,166.26,262.31,213.8,18.98,61.28,369.48,101.32,66.92,100.35,79.12,134.82,67.34,91.54
178,17,6,376.9403,169.8071191.95,542.08,156.94,193.98,166.26,163.71,213.8,18.98,61.28,288.57,101.32,66.92,100.35,79.12,134.82,67.34,339.3
178,16,9,376.9403,140.01161.45,31.16,156.94,193.98,166.26,163.71,211.25,213.8,18.98,61.28,288.57,101.32,152.53,100.35,83.76,134.82
178,16,8,376.9403,137.4075161.23,31.16,156.94,193.98,166.26,163.71,205.72,261.91,18.98,62.89,288.57,101.32,66.92,100.35,83.76,134.82
178,16,9,376.9403,140.7575161.23,31.16,156.94,193.98,155.65,163.71,205.72,261.91,18.98,62.89,288.57,101.32,66.92,100.35,83.76,199.03
178,15,8,376.9403,143.4473332.22,31.16,156.94,193.98,155.65,162.24,261.91,18.98,62.89,288.57,101.32,66.92,100.35,83.76,134.82
178,15,8,376.9403,141.524290.18,31.16,156.94,208.78,155.65,162.24,261.91,18.98,61.28,288.57,101.32,66.92,100.35,83.76,134.82
178,15,9,376.9403,135.0907290.18,31.16,156.94,235.67,155.65,132.67,213.8,18.98,61.28,293.75,66.92,100.35,83.76,134.82,50.43
178,15,9,376.9403,143.672176.61,31.16,156.94,282.44,155.65,211.91,213.8,18.98,293.75,151.26,66.92,100.35,83.76,161.12,50.43
178,15,8,376.9403,142.9167264.84,31.16,156.94,272.06,155.65,132.67,213.8,18.98,293.75,151.26,66.92,100.35,83.76,151.18,50.43
178,16,9,376.9403,135.7813176.61,31.16,156.94,240.96,155.65,219.09,169.43,213.8,18.98,43.49,293.75,66.92,100.35,83.76,151.18,50.43
178,16,8,376.9403,138.0987176.61,31.16,156.94,240.96,155.65,219.09,169.43,213.8,18.98,43.49,360.55,66.92,100.35,54.04,151.18,50.43
178,16,9,376.9403,130.5263175.59,31.16,156.94,240.96,155.65,219.09,156.37,213.8,18.98,43.49,253.47,66.92,100.35,54.04,151.18,50.43
178,16,8,376.9403,130.5006179.0,31.16,156.94,240.96,155.65,219.09,152.55,213.8,18.98,43.49,253.47,66.92,100.35,54.04,151.18,50.43
178,16,7,376.9403,158.6175171.73,465.1,156.94,265.16,155.65,219.09,152.55,213.8,18.98,42.49,253.47,66.92,100.35,54.04,151.18,50.43
178,16,5,376.9403,135.3631347.54,31.16,156.94,298.55,155.65,219.09,213.8,18.98,42.49,253.47,66.92,100.35,54.04,151.18,5.22,50.43
178,16,6,376.9403,132.325347.54,31.16,146.75,265.16,155.65,223.07,213.8,18.98,42.49,253.47,57.91,100.35,54.04,151.18,5.22,50.43
178,16,7,376.9403,127.8419347.54,31.16,146.75,289.62,155.65,144.03,213.8,18.98,253.47,57.91,100.35,54.04,151.18,5.22,25.34,50.43
178,16,7,376.9403,127.5869347.54,31.16,146.75,285.54,155.65,144.03,213.8,18.98,253.47,57.91,100.35,54.04,151.18,5.22,25.34,50.43
178,15,8,376.9403,132.4187347.54,146.75,260.39,155.65,144.03,211.12,18.98,253.47,57.91,100.35,54.04,151.18,54.31,5.22,25.34
178,16,6,376.9403,124.5675351.16,3.18,146.75,260.39,155.65,144.03,211.12,18.98,253.47,57.91,100.35,54.04,151.18,54.31,5.22,25.34
178,16,5,376.9403,126.3619314.59,3.18,146.75,260.39,155.65,144.03,211.12,18.98,253.47,57.91,100.35,54.04,216.46,54.31,5.22,25.34
178,18,4,376.9403,128.63228.88,3.18,208.49,260.39,260.38,144.03,211.12,18.98,253.47,66.7,57.91,100.35,54.04,151.18,54.31,211.37,5.22,25.34
178,17,6,376.9403,120.4924228.88,3.18,152.89,260.39,260.38,144.03,211.12,18.98,253.47,66.7,57.91,100.35,54.04,151.18,54.31,5.22,25.34
178,17,6,376.9403,120.4924228.88,3.18,152.89,260.39,260.38,144.03,211.12,18.98,253.47,66.7,57.91,100.35,54.04,151.18,54.31,5.22,25.34
178,17,4,376.9403,123.6159285.34,3.18,152.89,275.57,260.38,144.03,195.88,18.98,250.17,66.7,57.91,100.35,54.04,151.18,54.31,5.22,25.34
178,17,6,376.9403,123.0682318.25,3.18,152.89,254.74,260.38,144.03,195.88,18.98,250.17,61.52,57.91,100.35,31.89,157.12,54.31,5.22,25.34
178,17,5,376.9403,136.8418318.25,3.18,152.89,254.74,260.38,133.34,327.0,195.88,18.98,250.17,61.52,100.35,31.89,132.87,54.31,5.22,25.34
178,17,6,376.9403,119.6318318.25,3.18,152.89,254.74,260.38,133.34,172.4,18.98,250.17,61.52,57.91,100.35,31.89,132.87,54.31,5.22,25.34
178,17,5,376.9403,112.8465319.74,3.18,152.89,275.57,122.71,133.34,172.4,18.98,250.17,61.52,57.91,100.35,31.89,132.87,54.31,5.22,25.34
178,16,7,376.9403,116.0544319.74,3.18,152.89,275.57,122.71,133.34,172.4,18.98,250.17,57.91,100.35,31.89,132.87,54.31,5.22,25.34
178,16,6,376.9403,118.2031325.59,3.18,152.89,283.06,122.71,133.34,172.4,18.98,272.88,131.2,57.91,100.35,31.89,54.31,5.22,25.34
178,17,7,376.9403,110.7324319.74,3.18,152.89,275.57,122.71,133.34,142.34,18.98,273.17,131.2,57.91,35.4,100.35,30.8,54.31,5.22,25.34
178,16,9,376.9403,114.4775287.39,3.18,152.89,275.57,122.71,133.86,142.34,273.17,131.2,57.91,35.4,100.35,30.8,54.31,5.22,25.34
178,16,7,376.9403,118.2731287.39,3.18,152.89,275.57,122.71,152.49,127.16,51.04,314.81,131.2,57.91,100.35,30.8,54.31,5.22,25.34
178,16,9,376.9403,113.4131232.28,3.18,152.89,275.57,122.71,133.86,168.82,127.16,51.04,273.17,57.91,100.35,30.8,54.31,5.22,25.34
178,16,7,376.9403,115.6919314.17,3.18,152.89,275.57,122.71,133.86,51.04,273.17,131.2,57.91,100.35,30.8,119.35,54.31,5.22,25.34
178,16,6,376.9403,120.305314.17,76.99,152.89,275.57,122.71,133.86,51.04,273.17,131.2,57.91,100.35,30.8,119.35,54.31,5.22,25.34
178,16,6,376.9403,116.9481317.5,3.18,152.89,275.57,122.71,133.86,71.08,51.04,273.17,131.2,57.91,100.35,30.8,119.35,5.22,25.34
