1484,49,26,0.703,0.55410.62,0.71,0.72,0.42,0.58,0.76,0.61,1.03,0.64,0.7,0.66,0.65,0.46,0.47,0.67,0.62,0.49,0.56,0.71,0.37,0.66,0.3,0.89,0.24,0.65,0.43,0.63,0.74,0.56,0.41,0.55,0.69,0.64,0.59,0.11,0.94,0.68,0.66,0.11,0.22,0.44,0.26,0.52,0.51,0.75,0.45,0.31,0.51,0.25
1484,47,27,0.703,0.53550.58,0.71,0.42,0.58,0.74,0.68,0.64,0.64,0.75,0.62,0.65,0.46,0.62,0.49,0.56,0.8,0.37,0.66,0.3,0.89,0.24,0.62,0.65,0.37,0.33,0.74,0.56,0.41,0.55,0.15,0.64,0.85,0.11,0.94,0.68,0.5,0.22,0.44,0.26,0.52,0.51,0.75,0.45,0.31,0.51,0.45,0.25
1484,49,27,0.703,0.55780.58,0.69,0.66,0.71,0.42,0.63,0.74,0.82,0.63,0.75,0.74,0.65,0.46,0.62,0.49,0.6,0.67,0.37,0.6,0.3,0.89,0.24,0.62,0.65,0.37,0.33,0.74,0.56,0.41,0.55,0.91,0.15,0.64,0.59,0.76,0.94,0.68,0.5,0.22,0.44,0.26,0.52,0.51,0.75,0.45,0.31,0.51,0.45,0.25
1484,52,26,0.703,0.53330.58,0.7,0.66,0.7,0.42,0.57,0.77,0.64,0.63,0.74,0.68,0.65,0.46,0.62,0.49,0.56,0.67,0.37,0.6,0.3,0.89,0.24,0.62,0.44,0.37,0.33,0.74,0.56,0.41,0.55,0.91,0.37,0.15,0.64,0.53,0.76,0.94,0.68,0.5,0.22,0.45,0.44,0.26,0.52,0.51,0.17,0.75,0.45,0.31,0.51,0.45,0.25
1484,50,27,0.703,0.53660.58,0.71,0.66,0.71,0.42,0.57,0.72,0.64,0.63,0.74,0.65,0.65,0.46,0.62,0.49,0.56,0.79,0.37,0.6,0.3,0.89,0.24,0.62,0.66,0.44,0.37,0.33,0.74,0.56,0.41,0.55,0.69,0.15,0.64,0.53,0.76,0.85,0.68,0.22,0.45,0.26,0.52,0.51,0.17,0.75,0.45,0.31,0.51,0.45,0.25
1484,47,27,0.703,0.55060.58,0.7,0.71,0.66,0.71,0.42,0.57,0.76,0.64,0.67,0.64,0.65,0.65,0.46,0.62,0.49,0.56,0.79,0.6,0.3,0.89,0.24,0.62,0.66,0.66,0.37,0.33,0.74,0.56,0.41,0.55,0.69,0.15,0.64,0.53,0.76,0.68,0.22,0.44,0.26,0.52,0.51,0.75,0.31,0.51,0.45,0.25
1484,50,26,0.703,0.5170.58,0.71,0.71,0.73,0.7,0.42,0.57,0.74,0.64,0.64,0.7,0.65,0.46,0.62,0.49,0.65,0.79,0.37,0.6,0.3,0.89,0.24,0.62,0.44,0.37,0.33,0.74,0.56,0.41,0.55,0.61,0.15,0.64,0.53,0.11,0.63,0.68,0.5,0.11,0.22,0.44,0.26,0.52,0.51,0.75,0.45,0.31,0.51,0.45,0.25
1484,46,27,0.703,0.50650.61,0.71,0.71,0.69,0.42,0.57,0.74,0.64,0.64,0.61,0.65,0.62,0.49,0.75,0.37,0.6,0.3,0.66,0.24,0.7,0.44,0.37,0.33,0.74,0.56,0.41,0.55,0.61,0.15,0.64,0.53,0.11,0.63,0.68,0.5,0.11,0.22,0.44,0.26,0.52,0.51,0.75,0.31,0.51,0.45,0.25
1484,49,26,0.703,0.51920.58,0.68,0.72,0.69,0.42,0.57,0.69,0.64,0.67,0.72,0.75,0.65,0.6,0.62,0.49,0.75,0.37,0.74,0.6,0.3,0.66,0.24,0.7,0.44,0.37,0.33,0.74,0.56,0.41,0.66,0.69,0.15,0.64,0.53,0.11,0.68,0.5,0.11,0.22,0.45,0.44,0.26,0.52,0.51,0.75,0.31,0.51,0.45,0.25
1484,45,28,0.703,0.5140.58,0.71,0.77,0.42,0.55,0.69,0.64,0.67,0.72,0.69,0.65,0.6,0.49,0.8,0.37,0.72,0.55,0.3,0.66,0.24,0.7,0.6,0.37,0.33,0.74,0.56,0.41,0.66,0.15,0.64,0.53,0.11,0.68,0.5,0.11,0.22,0.44,0.26,0.52,0.51,0.75,0.31,0.51,0.45,0.25
1484,48,28,0.703,0.52750.58,0.7,0.82,0.42,0.57,0.78,0.64,0.67,0.72,0.69,0.65,0.46,0.6,0.62,0.49,0.7,0.37,0.72,0.55,0.3,0.66,0.24,0.7,0.78,0.37,0.33,0.74,0.56,0.41,0.66,0.69,0.15,0.64,0.53,0.11,0.68,0.5,0.11,0.22,0.44,0.26,0.71,0.51,0.75,0.31,0.51,0.45,0.25
1484,48,29,0.703,0.52810.58,0.7,0.69,0.42,0.57,0.69,0.64,0.65,0.75,0.69,0.65,0.46,0.63,0.62,0.49,0.7,0.49,0.83,0.55,0.3,0.66,0.24,0.7,0.77,0.78,0.37,0.33,0.74,0.56,0.41,0.66,0.69,0.15,0.64,0.53,0.11,0.53,0.5,0.11,0.22,0.44,0.26,0.52,0.51,0.75,0.31,0.51,0.25
1484,43,30,0.703,0.5360.58,0.71,0.69,0.42,0.57,0.73,0.64,0.68,0.64,0.65,0.46,0.55,0.62,0.49,0.7,0.87,0.72,0.55,0.3,0.66,0.24,0.6,0.72,0.33,0.74,0.56,0.41,0.66,0.84,0.15,0.64,0.53,0.53,0.5,0.11,0.22,0.44,0.26,0.52,0.51,0.75,0.31,0.25
1484,46,27,0.703,0.5380.71,0.69,0.42,0.69,0.69,0.64,0.69,0.64,0.73,0.49,0.65,0.46,0.56,0.55,0.62,0.49,0.7,0.87,0.75,0.72,0.55,0.3,0.66,0.24,0.62,0.4,0.37,0.33,0.74,0.56,0.66,0.84,0.15,0.64,0.53,0.53,0.5,0.11,0.22,0.44,0.26,0.52,0.51,0.75,0.31,0.25
1484,45,27,0.703,0.54980.58,0.71,0.69,0.42,0.65,0.69,0.64,0.73,0.64,0.69,0.49,0.65,0.46,0.56,0.7,0.62,0.49,0.7,0.87,0.75,0.72,0.55,0.66,0.24,0.62,0.4,0.6,0.37,0.33,0.74,0.56,0.66,0.84,0.68,0.15,0.53,0.5,0.11,0.22,0.44,0.26,0.52,0.75,0.31,0.25
1484,48,29,0.703,0.5410.58,0.7,0.69,0.42,0.63,0.78,0.64,0.68,0.64,0.72,0.6,0.65,0.46,0.56,0.55,0.62,0.49,0.7,0.77,0.75,0.72,0.55,0.61,0.66,0.24,0.74,0.4,0.6,0.37,0.33,0.74,0.56,0.66,0.69,0.68,0.15,0.64,0.11,0.53,0.5,0.11,0.22,0.44,0.26,0.52,0.75,0.31,0.25
1484,45,28,0.703,0.55380.6,0.7,0.66,0.42,0.81,0.68,0.64,0.72,0.49,0.65,0.46,0.56,0.55,0.62,0.7,0.77,0.75,0.72,0.55,0.88,0.66,0.24,0.82,0.4,0.6,0.37,0.33,0.74,0.56,0.66,0.76,0.68,0.64,0.53,0.11,0.53,0.5,0.11,0.22,0.44,0.26,0.52,0.75,0.31,0.25
1484,46,27,0.703,0.54930.7,0.66,0.42,0.81,0.68,0.68,0.64,0.72,0.6,0.65,0.46,0.56,0.55,0.62,0.7,0.69,0.75,0.7,0.55,0.61,0.66,0.24,0.84,0.6,0.37,0.33,0.74,0.56,0.79,0.76,0.68,0.64,0.53,0.11,0.53,0.33,0.5,0.11,0.22,0.44,0.26,0.52,0.75,0.31,0.45,0.25
1484,46,28,0.703,0.540.7,0.72,0.42,0.69,0.68,0.72,0.64,0.72,0.49,0.65,0.46,0.56,0.55,0.74,0.63,0.67,0.7,0.62,0.61,0.24,0.84,0.51,0.6,0.37,0.33,0.74,0.56,0.41,0.66,0.76,0.68,0.64,0.53,0.11,0.53,0.33,0.5,0.11,0.22,0.26,0.52,0.66,0.75,0.31,0.45,0.25
1484,43,28,0.703,0.56020.7,0.72,0.42,0.69,0.68,0.69,0.64,0.74,0.49,0.65,0.46,0.56,0.55,0.63,0.74,0.56,0.64,0.75,0.68,0.62,0.66,0.24,0.84,0.51,0.6,0.37,0.33,0.74,0.56,0.66,0.68,0.64,0.53,0.53,0.33,0.5,0.22,0.26,0.52,0.75,0.31,0.45,0.25
1484,42,28,0.703,0.54950.7,0.72,0.42,0.67,0.68,0.73,0.64,0.71,0.49,0.65,0.46,0.56,0.63,0.74,0.56,0.64,0.75,0.68,0.62,0.66,0.24,0.77,0.51,0.6,0.37,0.33,0.74,0.56,0.66,0.72,0.64,0.11,0.53,0.33,0.5,0.22,0.26,0.52,0.75,0.31,0.45,0.25
1484,43,26,0.703,0.54860.65,0.71,0.42,0.67,0.68,0.73,0.64,0.71,0.49,0.65,0.46,0.56,0.63,0.74,0.56,0.78,0.75,0.66,0.65,0.62,0.66,0.24,0.77,0.51,0.6,0.37,0.33,0.74,0.56,0.66,0.68,0.64,0.11,0.53,0.5,0.22,0.26,0.52,0.17,0.75,0.31,0.45,0.25
1484,41,25,0.703,0.54320.65,0.71,0.42,0.67,0.76,0.73,0.64,0.71,0.49,0.65,0.46,0.63,0.74,0.53,0.52,0.75,0.66,0.61,0.62,0.66,0.76,0.51,0.6,0.37,0.33,0.74,0.56,0.66,0.64,0.11,0.53,0.49,0.5,0.22,0.26,0.17,0.75,0.45,0.31,0.45,0.25
1484,45,25,0.703,0.54510.65,0.7,0.73,0.42,0.67,0.76,0.73,0.64,0.71,0.49,0.65,0.46,0.56,0.63,0.74,0.53,0.52,0.75,0.66,0.69,0.62,0.66,0.67,0.51,0.6,0.37,0.33,0.74,0.56,0.66,0.7,0.71,0.11,0.53,0.49,0.5,0.22,0.22,0.26,0.17,0.75,0.45,0.31,0.45,0.25
1484,44,30,0.703,0.53430.7,0.7,0.71,0.42,0.67,0.76,0.73,0.64,0.74,0.49,0.65,0.46,0.56,0.63,0.74,0.63,0.52,0.71,0.66,0.61,0.66,0.67,0.51,0.6,0.37,0.33,0.74,0.51,0.41,0.7,0.57,0.11,0.53,0.49,0.5,0.22,0.22,0.26,0.17,0.75,0.45,0.31,0.45,0.25
1484,45,30,0.703,0.53820.72,0.7,0.71,0.42,0.78,0.84,0.73,0.64,0.49,0.65,0.46,0.56,0.55,0.73,0.53,0.52,0.69,0.71,0.65,0.64,0.55,0.66,0.67,0.51,0.6,0.37,0.33,0.85,0.57,0.41,0.7,0.57,0.11,0.53,0.49,0.5,0.22,0.22,0.26,0.17,0.75,0.45,0.31,0.45,0.25
1484,45,29,0.703,0.52090.72,0.71,0.71,0.42,0.77,0.72,0.64,0.49,0.65,0.46,0.56,0.55,0.63,0.49,0.53,0.52,0.69,0.71,0.66,0.59,0.55,0.67,0.51,0.6,0.37,0.33,0.74,0.57,0.41,0.49,0.7,0.57,0.11,0.53,0.49,0.5,0.22,0.22,0.26,0.17,0.75,0.45,0.31,0.45,0.25
1484,47,28,0.703,0.5330.72,0.7,0.7,0.7,0.42,0.77,0.72,0.64,0.49,0.65,0.46,0.56,0.55,0.63,0.49,0.53,0.52,0.58,0.82,0.71,0.73,0.64,0.55,0.66,0.67,0.4,0.6,0.37,0.33,0.74,0.57,0.41,0.49,0.7,0.57,0.11,0.53,0.49,0.5,0.22,0.22,0.26,0.17,0.75,0.45,0.31,0.25
1484,47,28,0.703,0.53980.72,0.68,0.7,0.72,0.42,0.77,0.64,0.72,0.64,0.49,0.65,0.23,0.56,0.62,0.63,0.49,0.56,0.74,0.71,0.73,0.71,0.55,0.66,0.67,0.56,0.6,0.37,0.33,0.98,0.57,0.41,0.49,0.7,0.57,0.11,0.53,0.49,0.5,0.22,0.22,0.26,0.52,0.17,0.75,0.45,0.31,0.25
1484,47,31,0.703,0.53550.69,0.7,0.7,0.72,0.42,0.77,0.66,0.57,0.72,0.64,0.65,0.46,0.23,0.56,0.62,0.63,0.49,0.54,0.42,0.83,0.71,0.56,0.66,0.67,0.55,0.37,0.33,0.72,0.74,0.57,0.41,0.47,0.7,0.57,0.53,0.49,0.5,0.22,0.22,0.45,0.26,0.52,0.17,0.75,0.45,0.31,0.25
1484,47,31,0.703,0.51570.69,0.68,0.7,0.73,0.42,0.73,0.64,0.57,0.74,0.64,0.65,0.23,0.56,0.63,0.49,0.54,0.42,0.83,0.71,0.8,0.66,0.66,0.67,0.4,0.55,0.37,0.33,0.42,0.41,0.47,0.7,0.57,0.11,0.53,0.49,0.5,0.22,0.22,0.4,0.45,0.26,0.52,0.17,0.75,0.45,0.31,0.25
1484,45,32,0.703,0.51690.67,0.71,0.7,0.42,0.74,0.65,0.57,0.74,0.64,0.65,0.85,0.23,0.62,0.63,0.64,0.54,0.42,0.65,0.76,0.56,0.66,0.67,0.4,0.55,0.37,0.33,0.42,0.41,0.47,0.7,0.57,0.11,0.53,0.49,0.5,0.22,0.22,0.4,0.45,0.26,0.52,0.17,0.75,0.45,0.25
1484,46,33,0.703,0.5170.67,0.72,0.69,0.42,0.74,0.62,0.57,0.74,0.57,0.65,0.79,0.23,0.61,0.62,0.63,0.49,0.54,0.42,0.72,0.56,0.66,0.67,0.4,0.55,0.37,0.33,0.72,0.41,0.47,0.61,0.7,0.57,0.11,0.53,0.49,0.5,0.22,0.22,0.4,0.45,0.26,0.52,0.17,0.75,0.45,0.25
1484,45,32,0.703,0.52330.65,0.72,0.68,0.42,0.73,0.62,0.57,0.74,0.57,0.64,0.65,0.86,0.23,0.61,0.55,0.63,0.49,0.54,0.42,0.76,0.56,0.66,0.67,0.4,0.68,0.55,0.37,0.42,0.41,0.61,0.7,0.57,0.11,0.53,0.49,0.5,0.22,0.22,0.4,0.26,0.52,0.17,0.75,0.45,0.25
1484,45,33,0.703,0.51640.65,0.72,0.69,0.42,0.69,0.62,0.57,0.74,0.57,0.72,0.71,0.65,0.75,0.23,0.61,0.63,0.49,0.54,0.42,0.76,0.56,0.9,0.67,0.4,0.55,0.37,0.33,0.42,0.41,0.61,0.7,0.57,0.11,0.53,0.49,0.5,0.22,0.22,0.4,0.45,0.26,0.52,0.17,0.45,0.25
1484,41,31,0.703,0.52630.66,0.72,0.67,0.42,0.69,0.65,0.57,0.74,0.57,0.7,0.71,0.65,0.75,0.23,0.61,0.49,0.64,0.72,0.9,0.67,0.4,0.55,0.37,0.33,0.42,0.41,0.61,0.7,0.57,0.53,0.49,0.5,0.22,0.22,0.4,0.45,0.26,0.52,0.17,0.45,0.25
1484,44,33,0.703,0.51860.66,0.72,0.67,0.36,0.69,0.65,0.57,0.74,0.62,0.69,0.51,0.65,0.77,0.23,0.67,0.6,0.61,0.42,0.72,0.9,0.67,0.77,0.55,0.37,0.33,0.42,0.41,0.47,0.55,0.61,0.25,0.57,0.11,0.53,0.49,0.5,0.22,0.22,0.4,0.45,0.26,0.52,0.45,0.25
1484,47,32,0.703,0.54020.66,0.7,0.67,0.55,0.69,0.8,0.74,0.62,0.67,0.51,0.65,0.77,0.23,0.67,0.6,0.69,0.49,0.54,0.42,0.78,0.56,0.9,0.56,0.67,0.55,0.37,0.33,0.42,0.74,0.41,0.47,0.55,0.61,0.25,0.77,0.11,0.53,0.49,0.5,0.22,0.22,0.64,0.45,0.26,0.66,0.45,0.25
1484,47,33,0.703,0.54230.67,0.7,0.69,0.36,0.69,0.8,0.8,0.74,0.62,0.67,0.51,0.77,0.23,0.67,0.6,0.63,0.49,0.54,0.42,0.7,0.56,0.66,0.56,0.73,0.55,0.37,0.33,0.42,0.74,0.41,0.47,0.55,1.04,0.25,0.77,0.11,0.53,0.49,0.5,0.22,0.22,0.64,0.45,0.26,0.66,0.45,0.25
1484,47,34,0.703,0.53940.65,0.71,0.68,0.36,0.69,0.57,0.8,0.74,0.62,0.67,0.51,0.54,0.77,0.23,0.75,0.6,0.63,0.49,0.54,0.42,0.7,0.56,0.66,0.56,0.8,0.55,0.37,0.33,0.42,0.74,0.41,0.6,0.55,0.61,0.74,0.11,0.53,0.49,0.5,0.22,0.22,0.64,0.45,0.26,0.66,0.45,0.25
1484,46,33,0.703,0.52830.69,0.71,0.68,0.36,0.69,0.8,0.74,0.62,0.67,0.38,0.54,0.77,0.23,0.67,0.6,0.63,0.49,0.6,0.7,0.56,0.66,0.56,0.8,0.4,0.55,0.37,0.33,0.42,0.74,0.41,0.55,0.61,0.66,0.11,0.53,0.49,0.5,0.22,0.22,0.64,0.45,0.26,0.66,0.45,0.33,0.25
1484,43,33,0.703,0.52510.71,0.7,0.36,0.69,0.8,0.74,0.62,0.67,0.87,0.23,0.6,0.63,0.49,0.62,0.42,0.7,0.66,0.56,0.8,0.68,0.55,0.37,0.33,0.42,0.74,0.41,0.55,0.61,0.77,0.11,0.53,0.49,0.5,0.22,0.22,0.64,0.45,0.26,0.66,0.17,0.45,0.33,0.25
1484,45,33,0.703,0.53070.69,0.71,0.67,0.36,0.69,0.71,0.8,0.67,0.62,0.69,0.87,0.23,0.6,0.63,0.49,0.54,0.42,0.7,0.56,0.66,0.56,0.8,0.4,0.55,0.37,0.33,0.42,0.74,0.41,0.55,0.61,0.7,0.11,0.53,0.49,0.5,0.22,0.71,0.45,0.26,0.66,0.17,0.45,0.33,0.25
1484,44,32,0.703,0.50750.68,0.72,0.67,0.36,0.69,0.71,0.8,0.67,0.62,0.69,0.77,0.23,0.6,0.63,0.49,0.54,0.42,0.56,0.66,0.56,0.8,0.4,0.55,0.37,0.33,0.42,0.74,0.41,0.55,0.61,0.7,0.11,0.53,0.49,0.5,0.22,0.22,0.4,0.45,0.26,0.17,0.45,0.33,0.25
1484,49,32,0.703,0.53450.67,0.71,0.67,0.36,0.69,0.69,0.63,0.8,0.67,0.62,0.69,0.77,0.23,0.6,0.63,0.49,0.54,0.42,0.7,0.56,0.66,0.56,0.8,0.4,0.55,0.37,0.34,0.33,0.42,0.74,0.41,0.66,0.55,0.87,0.75,0.93,0.11,0.53,0.49,0.5,0.22,0.22,0.4,0.45,0.26,0.66,0.17,0.45,0.25
1484,49,33,0.703,0.5110.68,0.72,0.67,0.36,0.69,0.7,0.48,0.8,0.67,0.62,0.69,0.54,0.77,0.23,0.6,0.63,0.49,0.54,0.42,0.7,0.56,0.66,0.56,0.8,0.4,0.55,0.37,0.34,0.33,0.74,0.41,0.56,0.55,0.61,0.75,0.57,0.11,0.53,0.49,0.5,0.23,0.22,0.22,0.4,0.45,0.26,0.17,0.45,0.25
1484,51,34,0.703,0.53940.68,0.7,0.67,0.73,0.36,0.69,0.69,0.52,0.8,0.65,0.62,0.69,0.54,0.77,0.23,0.55,0.63,0.49,0.54,0.42,0.69,0.7,0.56,0.66,0.56,0.38,0.8,0.4,0.55,0.37,0.34,0.33,0.74,0.41,0.69,0.55,0.61,0.75,0.57,0.11,1.03,0.49,0.5,0.76,0.23,0.22,0.22,0.45,0.17,0.45,0.25
1484,51,34,0.703,0.51570.7,0.69,0.67,0.73,0.36,0.69,0.74,0.52,0.8,0.65,0.62,0.69,0.57,0.77,0.23,0.55,0.63,0.49,0.54,0.42,0.72,0.56,0.66,0.56,0.38,0.8,0.4,0.55,0.37,0.31,0.33,0.74,0.41,0.69,0.55,0.61,0.75,0.57,0.11,0.53,0.49,0.5,0.23,0.22,0.22,0.4,0.45,0.26,0.17,0.45,0.25
1484,50,33,0.703,0.5170.67,0.72,0.68,0.4,0.69,0.65,0.52,0.8,0.7,0.62,0.69,0.57,0.54,0.89,0.55,0.63,0.49,0.5,0.42,0.72,0.6,0.52,0.56,0.38,0.8,0.4,0.55,0.37,0.31,0.33,0.74,0.41,0.69,0.55,0.61,0.73,0.57,0.11,0.53,0.49,0.5,0.23,0.22,0.22,0.4,0.45,0.26,0.17,0.45,0.25
1484,51,34,0.703,0.52370.67,0.69,0.7,0.72,0.4,0.69,0.65,0.52,0.8,0.7,0.62,0.67,0.57,0.54,0.77,0.55,0.71,0.49,0.5,0.42,0.7,0.6,0.52,0.56,0.38,0.8,0.4,0.68,0.55,0.37,0.31,0.33,0.74,0.41,0.69,0.55,0.61,0.73,0.57,0.11,0.53,0.49,0.5,0.23,0.22,0.22,0.4,0.26,0.17,0.45,0.25
1484,51,33,0.703,0.52490.67,0.69,0.7,0.72,0.4,0.69,0.65,0.52,0.8,0.7,0.62,0.67,0.57,0.54,0.77,0.55,0.71,0.49,0.5,0.42,0.74,0.6,0.52,0.72,0.38,0.73,0.4,0.55,0.37,0.31,0.33,0.74,0.41,0.69,0.55,0.61,0.73,0.57,0.11,0.53,0.49,0.23,0.22,0.22,0.4,0.45,0.26,0.66,0.17,0.45,0.25
1484,50,32,0.703,0.52180.67,0.69,0.72,0.4,0.69,0.66,0.52,0.8,0.7,0.62,0.67,0.57,0.54,0.77,0.55,0.77,0.49,0.5,0.42,0.7,0.56,0.52,0.56,0.38,0.73,0.4,0.55,0.37,0.31,0.33,0.74,0.41,0.69,0.55,0.61,0.8,0.57,0.11,0.49,0.65,0.23,0.22,0.22,0.4,0.45,0.26,0.66,0.17,0.45,0.25
1484,50,32,0.703,0.5190.67,0.71,0.45,0.69,0.69,0.52,0.8,0.65,0.62,0.67,0.57,0.54,0.77,0.56,0.55,0.77,0.49,0.58,0.42,0.74,0.56,0.52,0.56,0.38,0.73,0.4,0.55,0.37,0.31,0.33,0.74,0.41,0.69,0.55,0.61,0.8,0.57,0.11,0.49,0.5,0.23,0.22,0.22,0.4,0.45,0.26,0.66,0.17,0.45,0.25
1484,48,32,0.703,0.50290.67,0.71,0.45,0.69,0.52,0.68,0.62,0.62,0.7,0.57,0.54,0.77,0.56,0.55,0.78,0.49,0.63,0.42,0.56,0.52,0.38,0.24,0.73,0.4,0.55,0.37,0.31,0.33,0.74,0.41,0.69,0.55,0.61,0.8,0.57,0.11,0.49,0.5,0.23,0.22,0.22,0.4,0.45,0.26,0.66,0.17,0.45,0.25
1484,47,33,0.703,0.5130.58,0.69,0.72,0.45,0.69,0.69,0.52,0.68,0.62,0.62,0.67,0.57,0.54,0.77,0.56,0.55,0.77,0.49,0.52,0.42,0.52,0.55,0.38,0.24,0.73,0.4,0.55,0.37,0.31,0.33,0.74,0.41,0.69,0.55,0.86,0.57,0.11,0.49,0.5,0.23,0.22,0.22,0.4,0.26,0.66,0.45,0.25
1484,47,34,0.703,0.51890.67,0.69,0.72,0.45,0.69,0.48,0.68,0.62,0.62,0.67,0.57,0.54,0.77,0.56,0.55,0.77,0.49,0.49,0.42,0.52,0.68,0.52,0.38,0.24,0.81,0.4,0.68,0.55,0.37,0.31,0.33,0.74,0.41,0.77,0.55,0.71,0.68,0.11,0.49,0.23,0.22,0.22,0.4,0.26,0.66,0.45,0.25
1484,45,34,0.703,0.50910.69,0.73,0.6,0.69,0.48,0.68,0.62,0.62,0.67,0.57,0.54,0.77,0.56,0.55,0.71,0.49,0.49,0.42,0.52,0.68,0.52,0.38,0.24,0.81,0.4,0.68,0.55,0.37,0.31,0.33,0.74,0.41,0.55,0.68,0.57,0.11,0.49,0.23,0.22,0.22,0.4,0.26,0.66,0.45,0.25
1484,45,33,0.703,0.50220.68,0.69,0.72,0.45,0.69,0.62,0.62,0.81,0.54,0.77,0.56,0.55,0.71,0.49,0.6,0.42,0.52,0.62,0.52,0.38,0.24,0.81,0.4,0.68,0.55,0.37,0.31,0.33,0.74,0.41,0.56,0.55,0.68,0.15,0.57,0.11,0.49,0.23,0.22,0.22,0.4,0.26,0.66,0.45,0.25
1484,45,33,0.703,0.48960.68,0.68,0.73,0.45,0.75,0.62,0.62,0.67,0.57,0.54,0.77,0.55,0.71,0.49,0.49,0.42,0.52,0.62,0.52,0.38,0.24,0.67,0.4,0.55,0.37,0.31,0.33,0.74,0.41,0.66,0.55,0.68,0.15,0.57,0.11,0.49,0.23,0.22,0.22,0.36,0.45,0.66,0.45,0.18,0.25
1484,44,32,0.703,0.49860.66,0.68,0.73,0.45,0.69,0.62,0.62,0.7,0.57,0.54,0.77,0.56,0.55,0.71,0.49,0.49,0.42,0.52,0.62,0.52,0.38,0.24,0.67,0.4,0.55,0.37,0.31,0.33,0.74,0.41,0.66,0.55,0.79,0.15,0.57,0.11,0.23,0.22,0.36,0.45,0.66,0.45,0.18,0.25
1484,49,34,0.703,0.50590.53,0.68,0.74,0.73,0.45,0.68,0.69,0.71,0.62,0.62,0.7,0.57,0.54,0.77,0.56,0.55,0.71,0.49,0.49,0.42,0.52,0.62,0.52,0.38,0.24,0.67,0.4,0.55,0.37,0.31,0.33,0.74,0.41,0.66,0.55,0.76,0.76,0.15,0.57,0.11,0.23,0.22,0.22,0.45,0.26,0.66,0.45,0.18,0.25
1484,46,34,0.703,0.51520.53,0.69,0.74,0.73,0.45,0.67,0.69,0.71,0.73,0.59,0.62,0.7,0.57,0.77,0.77,0.56,0.55,0.71,0.49,0.49,0.42,0.52,0.62,0.38,0.24,0.67,0.4,0.55,0.37,0.31,0.73,0.74,0.41,0.43,0.55,0.57,0.11,0.23,0.22,0.22,0.45,0.26,0.66,0.45,0.18,0.25
1484,49,35,0.703,0.50630.59,0.68,0.74,0.73,0.45,0.7,0.69,0.69,0.88,0.59,0.62,0.7,0.57,0.54,0.77,0.56,0.55,0.74,0.49,0.59,0.72,0.52,0.38,0.24,0.77,0.4,0.55,0.37,0.31,0.33,0.74,0.41,0.57,0.55,0.15,0.57,0.11,0.49,0.5,0.23,0.22,0.22,0.45,0.26,0.34,0.66,0.45,0.18,0.25
1484,47,35,0.703,0.49550.53,0.72,0.74,0.45,0.7,0.69,0.67,0.59,0.62,0.67,0.57,0.54,0.75,0.56,0.55,0.49,0.59,0.52,0.64,0.52,0.38,0.24,0.77,0.56,0.55,0.37,0.31,0.33,0.74,0.41,0.43,0.55,0.61,0.57,0.11,0.49,0.5,0.23,0.22,0.22,0.45,0.26,0.34,0.66,0.45,0.18,0.25
1484,46,33,0.703,0.50040.53,0.72,0.75,0.45,0.7,0.69,0.69,0.59,0.76,0.67,0.57,0.56,0.63,0.49,0.59,0.52,0.64,0.52,0.38,0.24,0.77,0.4,0.93,0.55,0.37,0.31,0.33,0.74,0.41,0.43,0.55,0.61,0.57,0.11,0.49,0.5,0.23,0.22,0.22,0.45,0.26,0.34,0.66,0.45,0.18,0.25
1484,47,36,0.703,0.50210.53,0.72,0.76,0.45,0.67,0.69,0.67,0.62,0.62,0.67,0.57,0.54,0.76,0.56,0.53,0.49,0.59,0.52,0.64,0.52,0.38,0.24,0.77,0.4,0.55,0.37,0.31,0.33,0.74,0.41,0.43,0.55,0.61,0.57,0.11,0.49,0.5,0.23,0.22,0.72,0.22,0.45,0.34,0.66,0.45,0.18,0.25
1484,48,34,0.703,0.49080.53,0.68,0.78,0.72,0.45,0.7,0.63,0.67,0.62,0.62,0.67,0.57,0.54,0.76,0.56,0.53,0.49,0.59,0.52,0.64,0.52,0.38,0.24,0.77,0.4,0.55,0.37,0.31,0.33,0.74,0.41,0.43,0.55,0.15,0.57,0.11,0.49,0.5,0.87,0.23,0.22,0.22,0.45,0.26,0.34,0.45,0.18,0.25
1484,48,36,0.703,0.48850.53,0.68,0.76,0.72,0.45,0.67,0.63,0.67,0.62,0.62,0.67,0.57,0.54,0.74,0.56,0.53,0.49,0.59,0.52,0.64,0.52,0.38,0.24,0.77,0.4,0.44,0.37,0.31,0.74,0.41,0.43,0.55,0.61,0.15,0.57,0.11,0.49,0.5,0.23,0.22,0.22,0.45,0.26,0.34,0.66,0.45,0.18,0.25
1484,46,35,0.703,0.51240.53,0.68,0.76,0.72,0.68,0.67,0.63,0.7,0.7,0.62,0.62,0.67,0.57,0.54,0.74,0.56,0.53,0.41,0.59,0.52,0.64,0.52,0.24,0.77,0.4,0.44,0.37,0.31,0.74,0.41,0.43,0.55,0.61,0.57,0.11,0.49,0.5,0.22,0.22,0.45,0.26,0.34,0.66,0.45,0.18,0.25
1484,48,36,0.703,0.49710.53,0.68,0.75,0.72,0.36,0.67,0.63,0.74,0.7,0.59,0.62,0.67,0.54,0.54,0.59,0.56,0.57,0.41,0.59,0.52,0.76,0.52,0.38,0.24,0.77,0.36,0.44,0.37,0.31,0.74,0.41,0.49,0.55,0.61,0.57,0.11,0.49,0.5,0.23,0.22,0.22,0.45,0.26,0.34,0.66,0.45,0.18,0.25
1484,49,36,0.703,0.49410.53,0.68,0.75,0.72,0.48,0.66,0.68,0.77,0.69,0.54,0.62,0.57,0.54,0.59,0.23,0.56,0.53,0.41,0.59,0.52,0.76,0.52,0.38,0.24,0.62,0.52,0.44,0.37,0.31,0.33,0.74,0.41,0.55,0.61,0.82,0.57,0.11,0.49,0.5,0.23,0.22,0.22,0.45,0.26,0.34,0.66,0.45,0.18,0.25
1484,48,36,0.703,0.49850.53,0.68,0.75,0.72,0.48,0.65,0.63,0.77,0.69,0.54,0.62,0.69,0.57,0.6,0.59,0.23,0.56,0.53,0.41,0.62,0.48,0.64,0.52,0.38,0.24,0.62,0.44,0.37,0.31,0.33,0.74,0.41,0.55,0.61,0.76,0.57,0.11,0.49,0.5,0.23,0.22,0.22,0.45,0.34,0.66,0.45,0.18,0.25
1484,46,36,0.703,0.50020.53,0.68,0.75,0.69,0.73,0.48,0.65,0.61,0.77,0.57,0.54,0.69,0.57,0.69,0.23,0.53,0.62,0.5,0.48,0.64,0.52,0.38,0.55,0.62,0.44,0.37,0.31,0.33,0.74,0.41,0.55,0.61,0.66,0.11,0.47,0.49,0.5,0.23,0.22,0.22,0.45,0.34,0.66,0.45,0.18,0.25
1484,44,34,0.703,0.48910.53,0.68,0.74,0.69,0.73,0.48,0.65,0.68,0.78,0.6,0.54,0.57,0.59,0.23,0.62,0.48,0.64,0.52,0.38,0.55,0.62,0.36,0.44,0.37,0.31,0.33,0.74,0.41,0.55,0.61,0.66,0.11,0.47,0.5,0.23,0.22,0.22,0.45,0.36,0.34,0.66,0.45,0.18,0.25
1484,44,32,0.703,0.490.48,0.72,0.73,0.48,0.65,0.72,0.78,0.6,0.49,0.54,0.66,0.57,0.59,0.23,0.53,0.62,0.48,0.64,0.52,0.38,0.55,0.62,0.36,0.44,0.37,0.31,0.33,0.74,0.41,0.55,0.61,0.78,0.11,0.47,0.5,0.23,0.22,0.22,0.45,0.34,0.66,0.45,0.18,0.25
1484,44,32,0.703,0.50360.48,0.7,0.75,0.72,0.48,0.66,0.72,0.79,0.6,0.49,0.54,0.66,0.57,0.59,0.23,0.53,0.59,0.48,0.64,0.66,0.38,0.55,0.62,0.36,0.44,0.37,0.31,0.33,0.74,0.41,0.55,0.61,0.75,0.11,0.47,0.5,0.23,0.22,0.45,0.34,0.66,0.45,0.18,0.25
1484,45,33,0.703,0.50560.48,0.69,0.75,0.74,0.48,0.65,0.72,0.6,0.49,0.54,0.66,0.57,0.59,0.23,0.56,0.53,0.59,0.48,0.64,1.04,0.38,0.55,0.62,0.36,0.44,0.37,0.31,0.33,0.74,0.41,0.55,0.61,0.66,0.11,0.47,0.5,0.23,0.22,0.22,0.45,0.34,0.97,0.45,0.18,0.25
1484,42,32,0.703,0.48930.68,0.75,0.74,0.48,0.66,0.72,0.6,0.49,0.54,0.66,0.59,0.23,0.56,0.53,0.66,0.48,0.66,0.38,0.55,0.72,0.36,0.44,0.37,0.31,0.33,0.74,0.41,0.55,0.61,0.46,0.66,0.11,0.47,0.5,0.23,0.22,0.22,0.45,0.34,0.66,0.18,0.25
1484,43,34,0.703,0.50330.72,0.75,0.36,0.64,0.72,0.74,0.6,0.49,0.54,0.66,0.57,0.55,0.59,0.23,0.56,0.53,0.65,0.52,0.67,0.48,0.66,0.38,0.55,0.72,0.44,0.37,0.31,0.33,0.74,0.55,0.61,0.46,0.66,0.11,0.47,0.5,0.23,0.22,0.22,0.45,0.66,0.18,0.25
1484,44,36,0.703,0.47950.72,0.76,0.31,0.66,0.72,0.75,0.6,0.49,0.54,0.66,0.57,0.59,0.23,0.56,0.53,0.61,0.42,0.77,0.66,0.38,0.24,0.62,0.58,0.22,0.37,0.31,0.33,0.74,0.41,0.55,0.61,0.46,0.66,0.11,0.47,0.5,0.23,0.22,0.22,0.45,0.18,0.66,0.18,0.25
1484,46,36,0.703,0.47110.72,0.75,0.31,0.64,0.72,0.77,0.61,0.49,0.54,0.66,0.57,0.59,0.23,0.53,0.61,0.42,0.67,0.48,0.66,0.38,0.24,0.62,0.58,0.22,0.37,0.31,0.33,0.74,0.41,0.55,0.61,0.46,0.33,0.63,0.11,0.47,0.5,0.23,0.22,0.22,0.45,0.18,0.66,0.45,0.18,0.25
1484,46,34,0.703,0.47650.72,0.75,0.31,0.64,0.72,0.74,0.59,0.49,0.41,0.66,0.57,0.59,0.23,0.53,0.64,0.3,0.67,0.48,0.66,0.8,0.24,0.62,0.58,0.1,0.37,0.31,0.33,0.74,0.41,0.63,0.72,0.46,0.33,0.61,0.11,0.47,0.5,0.23,0.22,0.27,0.45,0.18,0.66,0.45,0.18,0.25
1484,49,33,0.703,0.46960.72,0.74,0.31,0.7,0.62,0.72,0.61,0.49,0.41,0.71,0.93,0.59,0.23,0.51,0.64,0.4,0.76,0.48,0.66,0.24,0.62,0.58,0.1,0.31,0.33,0.74,0.41,0.43,0.55,0.72,0.46,0.33,0.61,0.53,0.34,0.11,0.47,0.5,0.23,0.22,0.27,0.45,0.18,0.66,0.45,0.31,0.18,0.2,0.25
1484,49,35,0.703,0.46940.7,0.72,0.74,0.31,0.66,0.62,0.75,0.6,0.56,0.41,0.57,0.59,0.23,0.51,0.64,0.67,0.7,0.66,0.24,0.62,0.36,0.1,0.37,0.31,0.33,0.74,0.41,0.43,0.55,0.72,0.46,0.33,0.61,0.53,0.34,0.11,0.47,0.53,0.5,0.23,0.22,0.27,0.45,0.18,0.81,0.45,0.31,0.18,0.2
1484,49,33,0.703,0.46820.7,0.69,0.73,0.74,0.2,0.66,0.58,0.76,0.6,0.56,0.41,0.57,0.54,0.54,0.23,0.68,0.7,0.96,0.24,0.56,0.36,0.1,0.37,0.31,0.33,0.74,0.41,0.43,0.55,0.72,0.46,0.33,0.58,0.53,0.34,0.11,0.47,0.53,0.4,0.23,0.22,0.27,0.45,0.18,0.66,0.45,0.31,0.2,0.25
1484,46,33,0.703,0.47570.7,0.71,0.72,0.72,0.2,0.66,0.58,0.76,0.6,0.49,0.41,0.57,0.54,0.23,0.56,0.65,0.7,0.97,0.24,0.36,0.64,0.1,0.37,0.31,0.33,0.74,0.41,0.43,0.66,0.72,0.46,0.33,0.58,0.53,0.34,0.11,0.53,0.4,0.23,0.22,0.27,0.18,0.66,0.45,0.31,0.2
1484,44,34,0.703,0.45450.59,0.72,0.72,0.2,0.57,0.76,0.58,0.49,0.41,0.69,0.57,0.54,0.23,0.56,0.65,0.7,0.66,0.24,0.43,0.1,0.37,0.31,0.33,0.74,0.41,0.66,0.72,0.46,0.33,0.58,0.53,0.34,0.11,0.53,0.4,0.23,0.22,0.27,0.18,0.66,0.45,0.31,0.2,0.25
1484,48,34,0.703,0.46960.59,0.68,0.73,0.73,0.2,0.65,0.6,0.77,0.69,0.58,0.49,0.47,0.68,0.57,0.48,0.23,0.56,0.65,0.7,0.66,0.24,0.36,0.1,0.37,0.31,0.33,0.74,0.41,0.43,0.68,1.03,0.46,0.33,0.58,0.53,0.34,0.11,0.53,0.23,0.22,0.27,0.18,0.66,0.45,0.31,0.18,0.2,0.25
1484,47,34,0.703,0.45830.59,0.69,0.71,0.74,0.2,0.69,0.6,0.74,0.58,0.49,0.47,0.68,0.57,0.48,0.23,0.56,0.7,0.66,0.24,0.36,0.1,0.37,0.31,0.33,0.74,0.41,0.43,0.55,1.03,0.33,0.58,0.53,0.34,0.11,0.47,0.53,0.23,0.22,0.27,0.45,0.18,0.66,0.45,0.31,0.18,0.2,0.25
1484,48,34,0.703,0.4590.59,0.68,0.71,0.74,0.2,0.67,0.6,0.74,0.71,0.58,0.49,0.47,0.68,0.57,0.48,0.23,0.56,0.48,0.66,0.38,0.24,0.36,0.1,0.37,0.31,0.33,0.74,0.41,0.57,0.55,0.72,0.33,0.58,0.53,0.34,0.11,0.47,0.53,0.23,0.22,0.27,0.45,0.18,0.66,0.45,0.31,0.2,0.25
1484,48,33,0.703,0.46670.59,0.68,0.71,0.74,0.2,0.67,0.6,0.74,0.71,0.58,0.49,0.47,0.7,0.57,0.48,0.23,0.56,0.48,0.66,0.38,0.24,0.36,0.1,0.37,0.31,0.33,0.74,0.41,0.54,0.55,0.69,0.72,0.33,0.58,0.53,0.34,0.11,0.47,0.53,0.23,0.22,0.27,0.45,0.18,0.66,0.45,0.2,0.25
1484,48,34,0.703,0.47850.67,0.71,0.71,0.74,0.2,0.65,0.6,0.73,0.68,0.58,0.47,0.7,0.57,0.48,0.23,0.56,0.67,0.48,0.66,0.38,0.24,0.36,0.1,0.37,0.31,0.33,0.74,0.41,0.63,0.55,0.72,0.33,0.58,0.53,0.34,0.11,0.47,0.53,0.23,0.22,0.9,0.45,0.18,0.66,0.45,0.31,0.2,0.25
1484,52,32,0.703,0.48630.66,0.71,0.71,0.74,0.2,0.66,0.6,0.73,0.69,0.58,0.49,0.47,0.7,0.57,0.48,0.23,0.56,0.64,0.78,0.56,0.66,0.38,0.24,0.49,0.36,0.1,0.37,0.31,0.33,0.74,0.41,0.63,0.55,0.72,0.33,0.58,0.53,0.34,0.11,0.47,0.53,0.5,0.23,0.22,0.9,0.45,0.18,0.66,0.45,0.31,0.2,0.25
1484,54,30,0.703,0.52240.66,0.71,0.72,0.7,0.74,0.66,0.6,0.73,0.69,0.56,0.49,0.47,0.7,0.57,0.54,0.48,0.23,0.56,0.64,0.71,0.75,1.05,0.38,0.24,0.49,0.36,0.1,0.37,0.31,0.33,0.74,0.41,0.63,0.55,0.72,0.79,0.33,0.58,0.53,0.34,0.11,0.47,0.53,0.5,0.23,0.9,0.45,0.18,0.81,0.45,0.66,0.31,0.2,0.25
1484,56,31,0.703,0.49960.68,0.71,0.71,0.7,0.75,0.66,0.6,0.7,0.69,0.54,0.49,0.47,0.7,0.57,0.54,0.48,0.23,0.56,0.64,0.71,0.75,0.28,0.66,0.38,0.24,0.49,0.36,0.1,0.37,0.31,0.33,0.74,0.41,0.63,0.55,0.72,0.79,0.33,0.58,0.53,0.34,0.11,0.47,0.53,0.6,0.5,0.23,0.9,0.45,0.18,0.66,0.45,0.12,0.31,0.2,0.25
1484,54,30,0.703,0.5050.65,0.71,0.72,0.7,0.75,0.66,0.6,0.7,0.69,0.54,0.49,0.47,0.67,0.57,0.54,0.48,0.23,0.56,0.64,0.71,0.75,0.28,0.66,0.38,0.24,0.49,0.36,0.1,0.37,0.31,0.33,0.74,0.41,0.63,0.66,0.73,0.72,0.79,0.33,0.58,0.53,0.34,0.11,0.47,0.53,0.6,0.78,0.23,0.27,0.18,0.66,0.12,0.31,0.2
1484,55,28,0.703,0.4940.61,0.71,0.72,0.72,0.75,0.69,0.6,0.71,0.54,0.49,0.47,0.65,0.57,0.54,0.48,0.23,0.56,0.64,0.71,0.75,0.28,0.66,0.38,0.24,0.49,0.36,0.1,0.37,0.31,0.33,0.74,0.41,0.63,0.66,0.64,0.72,0.79,0.33,0.58,0.53,0.11,0.47,0.53,0.49,0.5,0.23,0.27,0.18,0.66,0.45,0.12,0.31,0.68,0.2,0.28
1484,53,30,0.703,0.48810.61,0.74,0.71,0.68,0.6,0.72,0.72,0.54,0.49,0.47,0.65,0.57,0.54,0.48,0.23,0.56,0.64,0.57,0.56,0.71,0.75,0.28,0.66,0.38,0.24,0.36,0.1,0.37,0.31,0.74,0.41,0.54,0.66,0.64,0.61,0.79,0.33,0.58,0.53,0.11,0.47,0.53,0.49,0.5,0.23,0.27,0.18,0.66,0.45,0.12,0.31,0.2,0.28
1484,51,30,0.703,0.49410.61,0.72,0.71,0.75,0.65,0.6,0.69,0.54,0.49,0.47,0.65,0.57,0.54,0.48,0.23,0.56,0.64,0.56,0.71,0.75,0.28,0.66,0.65,0.36,0.1,0.37,0.31,0.33,0.74,0.41,0.54,0.66,0.64,0.61,0.33,0.65,0.53,0.11,0.47,0.53,0.49,0.5,0.27,0.18,0.66,0.54,0.45,0.12,0.31,0.2,0.28
1484,51,30,0.703,0.48960.61,0.72,0.7,0.75,0.67,0.6,0.74,0.7,0.54,0.49,0.47,0.65,0.54,0.48,0.23,0.56,0.64,0.66,0.71,0.75,0.28,0.66,0.24,0.36,0.1,0.37,0.31,0.33,0.74,0.41,0.43,0.66,0.64,0.61,0.33,0.65,0.53,0.11,0.47,0.53,0.49,0.5,0.27,0.18,0.66,0.54,0.45,0.12,0.31,0.2,0.28
1484,51,31,0.703,0.49330.61,0.71,0.71,0.75,0.63,0.63,0.75,0.68,0.52,0.49,0.47,0.65,0.54,0.48,0.23,0.56,0.64,0.66,0.71,0.75,0.28,0.66,0.24,0.36,0.1,0.37,0.31,0.33,0.74,0.41,0.43,0.66,0.64,0.92,0.33,0.65,0.45,0.11,0.47,0.53,0.49,0.5,0.27,0.18,0.66,0.54,0.45,0.12,0.31,0.2,0.28
1484,53,31,0.703,0.48720.64,0.78,0.71,0.68,0.75,0.64,0.63,0.74,0.72,0.54,0.49,0.54,0.65,0.17,0.54,0.48,0.23,0.56,0.57,0.66,0.71,0.48,0.28,0.66,0.24,0.33,0.1,0.37,0.31,0.33,0.74,0.41,0.38,0.66,0.64,0.92,0.33,0.65,0.45,0.11,0.47,0.53,0.49,0.5,0.27,0.18,0.66,0.54,0.45,0.12,0.31,0.2,0.28
1484,53,29,0.703,0.4840.61,0.78,0.72,0.67,0.75,0.64,0.62,0.74,0.71,0.54,0.76,0.47,0.65,0.17,0.71,0.23,0.56,0.57,0.66,0.71,0.48,0.28,0.66,0.24,0.33,0.1,0.41,0.31,0.33,0.74,0.41,0.66,0.92,0.33,0.58,0.45,0.59,0.11,0.47,0.53,0.49,0.5,0.27,0.18,0.66,0.54,0.2,0.45,0.12,0.31,0.2,0.28,0.25
1484,50,31,0.703,0.48460.61,0.79,0.71,0.69,0.75,0.64,0.61,0.73,0.54,0.47,0.65,0.57,0.82,0.23,0.56,0.57,0.66,0.71,0.48,0.28,0.66,0.24,0.33,0.1,0.41,0.31,0.74,0.41,0.71,0.92,0.33,0.58,0.45,0.11,0.47,0.53,0.49,0.5,0.23,0.45,0.18,0.66,0.54,0.2,0.45,0.12,0.31,0.2,0.28,0.25
1484,50,27,0.703,0.48220.59,0.79,0.71,0.69,0.75,0.65,0.64,0.73,0.54,0.47,0.65,0.57,0.54,0.23,0.56,0.59,0.69,0.48,0.28,0.66,0.24,0.33,0.68,0.1,0.2,0.41,0.31,0.74,0.41,0.6,0.92,0.33,0.58,0.45,0.11,0.47,0.53,0.61,0.23,0.18,0.86,0.66,0.54,0.2,0.45,0.12,0.31,0.2,0.28,0.25
1484,50,27,0.703,0.48460.59,0.79,0.72,0.7,0.75,0.67,0.61,0.73,0.54,0.47,0.65,0.57,0.54,0.23,0.56,0.59,0.56,0.69,0.48,0.28,0.66,0.24,0.33,0.1,0.2,0.44,0.31,0.74,0.41,0.6,0.92,0.71,0.33,0.6,0.45,0.11,0.47,0.53,0.23,0.45,0.18,0.66,0.54,0.2,0.45,0.61,0.31,0.2,0.28,0.25
1484,49,26,0.703,0.46860.59,0.79,0.72,0.7,0.75,0.67,0.61,0.75,0.54,0.47,0.65,0.57,0.54,0.23,0.56,0.61,0.56,0.69,0.48,0.28,0.66,0.38,0.24,0.33,0.1,0.2,0.44,0.31,0.74,0.41,0.6,0.92,0.71,0.33,0.6,0.45,0.11,0.47,0.53,0.23,0.45,0.18,0.2,0.45,0.12,0.31,0.2,0.28,0.25
1484,53,26,0.703,0.46680.67,0.79,0.71,0.7,0.75,0.67,0.61,0.75,0.52,0.47,0.65,0.57,0.54,0.23,0.56,0.59,0.67,0.69,0.48,0.28,0.66,0.38,0.24,0.33,0.1,0.2,0.44,0.31,0.74,0.41,0.6,0.92,0.71,0.33,0.6,0.29,0.29,0.11,0.47,0.53,0.5,0.35,0.23,0.45,0.18,0.66,0.2,0.45,0.12,0.31,0.2,0.28,0.25
1484,50,25,0.703,0.45220.67,0.78,0.73,0.67,0.61,0.74,0.54,0.49,0.47,0.65,0.57,0.54,0.23,0.56,0.62,0.56,0.66,0.48,0.28,0.66,0.38,0.24,0.33,0.1,0.2,0.44,0.31,0.74,0.41,0.6,0.92,0.33,0.29,0.29,0.11,0.47,0.53,0.5,0.35,0.23,0.68,0.18,0.66,0.2,0.45,0.12,0.31,0.2,0.28,0.25
1484,49,24,0.703,0.47180.67,0.78,0.73,0.69,0.67,0.61,0.74,0.49,0.47,0.57,0.54,0.23,0.56,0.62,0.66,0.48,0.28,1.07,0.38,0.24,0.33,0.1,0.2,0.44,0.31,0.74,0.75,0.6,0.92,0.33,0.6,0.29,0.29,0.11,0.47,0.53,0.5,0.35,0.23,0.65,0.45,0.18,0.66,0.2,0.45,0.12,0.31,0.28,0.25
1484,51,27,0.703,0.46920.67,0.78,0.74,0.69,0.74,0.67,0.61,0.74,0.55,0.49,0.47,0.63,0.57,0.54,0.23,0.56,0.62,0.73,0.48,0.28,0.66,0.38,0.24,0.33,0.1,0.2,0.44,0.31,0.74,0.75,0.6,0.92,0.6,0.29,0.29,0.11,0.47,0.53,0.5,0.35,0.23,0.45,0.18,0.66,0.2,0.45,0.12,0.31,0.2,0.28,0.25
1484,51,27,0.703,0.47840.67,0.78,0.73,0.73,0.67,0.61,0.74,0.52,0.49,0.47,0.61,0.57,0.54,0.23,0.56,0.62,0.73,0.48,0.28,0.66,0.38,0.24,0.33,0.47,0.2,0.44,0.31,0.74,0.41,0.6,0.92,0.33,0.58,0.29,0.11,0.47,0.53,0.5,0.35,0.23,0.45,0.18,0.66,1.18,0.2,0.45,0.12,0.31,0.2,0.28,0.25
1484,52,26,0.703,0.45150.67,0.78,0.73,0.72,0.63,0.75,0.52,0.49,0.47,0.61,0.57,0.17,0.54,0.23,0.56,0.62,0.68,0.66,0.48,0.28,0.66,0.38,0.24,0.33,0.1,0.2,0.44,0.31,0.74,0.41,0.72,0.92,0.42,0.58,0.29,0.29,0.11,0.47,0.53,0.5,0.35,0.23,0.45,0.18,0.66,0.2,0.45,0.12,0.31,0.2,0.28,0.25
1484,50,29,0.703,0.44780.71,0.68,0.73,0.7,0.63,0.75,0.52,0.49,0.47,0.61,0.57,0.17,0.54,0.56,0.59,0.68,0.66,0.48,0.28,0.66,0.38,0.24,0.33,0.1,0.2,0.31,0.74,0.41,0.72,0.61,0.42,0.58,0.29,0.29,0.11,0.47,0.53,0.5,0.35,0.23,0.45,0.18,0.66,0.2,0.45,0.12,0.31,0.2,0.28,0.25
1484,52,26,0.703,0.46060.71,0.68,0.73,0.73,0.71,0.63,0.73,0.56,0.49,0.47,0.61,0.57,0.17,0.54,0.23,0.56,0.59,0.63,0.66,0.48,0.28,0.66,0.38,0.24,0.59,0.1,0.2,0.31,0.74,0.41,0.72,0.61,0.42,0.58,0.29,0.29,0.56,0.11,0.47,0.53,0.5,0.35,0.23,0.45,0.18,0.66,0.45,0.12,0.31,0.2,0.28,0.25
1484,49,30,0.703,0.45060.71,0.68,0.71,0.72,0.71,0.63,0.75,0.56,0.49,0.73,0.57,0.17,0.54,0.23,0.56,0.59,0.63,0.75,0.28,0.66,0.38,0.24,0.33,0.1,0.2,0.31,0.74,0.41,0.61,0.42,0.58,0.29,0.51,0.11,0.47,0.53,0.5,0.35,0.23,0.45,0.18,0.66,0.2,0.45,0.12,0.31,0.2,0.28,0.25
1484,52,29,0.703,0.45620.65,0.68,0.71,0.72,0.75,0.68,0.76,0.72,0.56,0.49,0.47,0.58,0.17,0.54,0.23,0.56,0.59,0.68,0.75,0.48,0.28,0.66,0.38,0.24,0.33,0.1,0.2,0.44,0.31,0.74,0.41,0.64,0.61,0.33,0.64,0.29,0.29,0.11,0.47,0.53,0.5,0.35,0.45,0.18,0.66,0.2,0.45,0.12,0.31,0.2,0.28,0.25
1484,53,28,0.703,0.46910.65,0.68,0.72,0.72,0.75,0.65,0.76,0.71,0.75,0.56,0.49,0.47,0.58,0.17,0.71,0.23,0.56,0.59,0.63,0.75,0.48,0.28,0.66,0.38,0.24,0.33,0.1,0.2,0.44,0.31,0.74,0.41,0.64,0.61,0.33,0.71,0.29,0.29,0.11,0.47,0.53,0.5,0.35,0.68,0.18,0.66,0.2,0.45,0.12,0.31,0.2,0.28,0.25
1484,54,27,0.703,0.4750.65,0.68,0.73,0.66,0.74,0.75,0.65,0.76,0.71,0.75,0.56,0.49,0.47,0.58,0.17,0.54,0.23,0.56,0.58,0.63,0.69,0.48,0.28,0.66,0.38,0.33,0.1,0.2,0.44,0.31,0.74,0.41,0.75,0.61,0.33,0.64,0.29,0.29,0.11,0.47,0.53,0.5,0.35,0.45,0.18,0.66,0.2,0.45,0.12,0.31,0.2,0.28,0.77,0.25
1484,53,28,0.703,0.46020.65,0.68,0.75,0.67,0.74,0.75,0.62,0.76,0.7,0.75,0.58,0.49,0.47,0.58,0.17,0.54,0.23,0.56,0.55,0.63,0.69,0.48,0.28,0.38,0.24,0.33,0.1,0.2,0.44,0.31,0.74,0.41,0.7,0.61,0.33,0.64,0.29,0.29,0.11,0.47,0.53,0.5,0.35,0.45,0.18,0.66,0.2,0.45,0.12,0.31,0.2,0.28,0.25
1484,53,25,0.703,0.46150.65,0.68,0.76,0.65,0.73,0.75,0.62,0.78,0.7,0.75,0.56,0.49,0.47,0.58,0.17,0.54,0.23,0.55,0.63,0.69,0.48,0.28,0.52,0.38,0.24,0.33,0.1,0.2,0.44,0.31,0.74,0.41,0.7,0.61,0.33,0.64,0.29,0.29,0.11,0.53,0.5,0.35,0.45,0.18,0.6,0.66,0.2,0.45,0.12,0.31,0.2,0.28,0.25
1484,50,28,0.703,0.4480.59,0.68,0.75,0.72,0.73,0.62,0.77,0.7,0.56,0.47,0.58,0.17,0.54,0.23,0.55,0.63,0.69,0.48,0.28,0.52,0.38,0.24,0.33,0.1,0.2,0.44,0.31,0.68,0.74,0.41,0.7,0.33,0.64,0.29,0.29,0.11,0.47,0.53,0.5,0.35,0.45,0.18,0.66,0.2,0.45,0.12,0.31,0.2,0.28,0.25
1484,53,28,0.703,0.46190.59,0.68,0.75,0.64,0.74,0.77,0.62,0.74,0.7,0.79,0.56,0.49,0.47,0.58,0.17,0.54,0.23,0.55,0.63,0.69,0.48,0.28,0.52,0.38,0.24,0.33,0.1,0.2,0.44,0.31,0.68,0.74,0.41,0.7,0.33,0.77,0.29,0.29,0.11,0.47,0.53,0.5,0.35,0.45,0.18,0.66,0.2,0.45,0.12,0.31,0.2,0.28,0.25
1484,51,28,0.703,0.45630.59,0.68,0.74,0.66,0.77,0.62,0.73,0.69,0.72,0.63,0.49,0.47,0.58,0.17,0.54,0.23,0.62,0.69,0.48,0.28,0.52,0.38,0.24,0.33,0.1,0.2,0.44,0.31,0.68,0.74,0.41,0.7,0.33,0.64,0.29,0.29,0.89,0.11,0.47,0.53,0.5,0.35,0.45,0.18,0.2,0.45,0.12,0.31,0.2,0.28,0.25
1484,49,27,0.703,0.44240.59,0.68,0.74,0.64,0.77,0.62,0.74,0.71,0.72,0.65,0.49,0.47,0.58,0.17,0.54,0.23,0.55,0.69,0.48,0.28,0.52,0.38,0.24,0.33,0.1,0.2,0.44,0.31,0.74,0.41,0.7,0.33,0.29,0.29,0.11,0.47,0.53,0.5,0.35,0.45,0.18,0.66,0.2,0.45,0.12,0.31,0.2,0.28,0.25
1484,50,27,0.703,0.4510.59,0.68,0.75,0.64,0.75,0.76,0.62,0.73,0.7,0.72,0.6,0.47,0.58,0.17,0.54,0.23,0.55,0.69,0.48,0.28,0.52,0.38,0.24,0.33,0.1,0.2,0.44,0.31,0.68,0.74,0.41,0.7,0.33,0.29,0.29,0.11,0.47,0.53,0.5,0.35,0.45,0.18,0.66,0.2,0.45,0.12,0.31,0.2,0.28,0.25
1484,50,26,0.703,0.45780.59,0.68,0.73,0.65,0.75,0.74,0.62,0.73,0.69,0.68,0.6,0.47,0.58,0.17,0.54,0.23,0.62,0.69,0.48,0.28,0.52,0.38,0.24,0.33,0.1,0.44,0.31,0.68,0.74,0.41,0.7,0.33,0.29,0.29,0.11,0.47,0.53,0.5,0.35,0.45,0.18,0.66,0.2,0.45,0.12,0.31,0.2,0.55,0.28,0.25
1484,46,27,0.703,0.45410.66,0.68,0.75,0.65,0.74,0.62,0.73,0.69,0.68,0.6,0.47,0.58,0.17,0.54,0.23,0.55,0.76,0.28,0.52,0.38,0.24,0.33,0.1,0.44,0.31,0.68,0.74,0.41,0.7,0.33,0.29,0.29,0.11,0.47,0.53,0.5,0.35,0.45,0.18,0.66,0.2,0.45,0.12,0.2,0.28,0.25
1484,46,27,0.703,0.45390.62,0.68,0.75,0.67,0.74,0.61,0.73,0.69,0.68,0.59,0.79,0.58,0.17,0.54,0.23,0.55,0.69,0.48,0.28,0.52,0.38,0.24,0.33,0.1,0.44,0.31,0.68,0.74,0.41,0.33,0.29,0.29,0.11,0.47,0.53,0.5,0.35,0.45,0.18,0.66,0.2,0.45,0.12,0.2,0.28,0.25
1484,45,27,0.703,0.45960.59,0.68,0.73,0.66,0.75,0.76,0.65,0.72,0.7,0.68,0.59,0.49,0.68,0.17,0.54,0.23,0.61,0.69,0.48,0.28,0.52,0.33,0.1,0.44,0.31,0.68,0.74,0.41,0.33,0.29,0.29,0.11,0.47,0.53,0.35,0.45,0.18,0.66,0.2,0.45,0.12,0.31,0.2,0.28,0.25
1484,47,26,0.703,0.46190.59,0.68,0.72,0.66,0.76,0.76,0.65,0.71,0.7,0.68,0.64,0.49,0.68,0.57,0.17,0.54,0.23,0.6,0.69,0.48,0.28,0.52,0.38,0.51,0.52,0.1,0.44,0.31,0.68,0.74,0.41,0.64,0.29,0.29,0.11,0.47,0.35,0.23,0.45,0.18,0.2,0.45,0.12,0.31,0.2,0.28,0.25
1484,47,26,0.703,0.45660.59,0.68,0.72,0.66,0.76,0.74,0.65,0.71,0.7,0.68,0.61,0.49,0.68,0.57,0.17,0.54,0.23,0.69,0.48,0.28,0.52,0.38,0.24,0.33,0.1,0.68,0.31,0.68,0.74,0.41,0.27,0.64,0.29,0.29,0.11,0.47,0.35,0.23,0.45,0.18,0.66,0.2,0.45,0.12,0.2,0.28,0.25
1484,48,27,0.703,0.46710.59,0.68,0.71,0.66,0.75,0.74,0.65,0.71,0.72,0.68,0.61,0.49,0.8,0.57,0.17,0.54,0.23,0.62,0.69,0.48,0.28,0.52,0.38,0.24,0.56,0.68,0.1,0.44,0.31,0.68,0.74,0.41,0.27,0.64,0.29,0.29,0.11,0.47,0.35,0.23,0.18,0.66,0.2,0.45,0.12,0.2,0.28,0.25
1484,45,28,0.703,0.44620.59,0.68,0.75,0.67,0.74,0.64,0.72,0.7,0.6,0.49,0.8,0.64,0.57,0.54,0.23,0.62,0.06,0.69,0.48,0.28,0.38,0.24,0.33,0.68,0.1,0.44,0.31,0.74,0.41,0.61,0.27,0.29,0.29,0.11,0.47,0.35,0.23,0.18,0.66,0.2,0.45,0.12,0.2,0.28,0.25
1484,45,24,0.703,0.44670.59,0.68,0.73,0.66,0.74,0.64,0.73,0.69,0.49,0.8,0.64,0.57,0.54,0.23,0.61,0.06,0.66,0.48,0.28,0.38,0.24,0.33,0.68,0.1,0.31,0.74,0.41,0.61,0.27,0.51,0.15,0.11,0.47,0.5,0.35,0.21,0.23,0.18,0.66,0.2,0.45,0.46,0.2,0.28,0.25
1484,45,23,0.703,0.44380.59,0.68,0.72,0.74,0.64,0.73,0.68,0.49,0.64,0.57,0.54,0.23,0.64,0.61,0.06,0.66,0.48,0.28,0.38,0.24,0.33,0.68,0.1,0.31,0.74,0.41,0.71,0.61,0.27,0.51,0.15,0.11,0.47,0.5,0.35,0.21,0.23,0.18,0.66,0.2,0.45,0.46,0.2,0.28,0.25
1484,45,21,0.703,0.45330.59,0.68,0.73,0.68,0.73,0.64,0.73,0.68,0.49,0.64,0.57,0.54,0.23,0.64,0.61,0.06,0.66,0.48,0.28,0.38,0.24,0.33,0.68,0.1,0.31,0.74,0.41,0.71,0.61,0.27,0.51,0.15,0.11,0.47,0.5,0.35,0.21,0.23,0.18,0.66,0.2,0.45,0.46,0.2,0.28
1484,44,22,0.703,0.45480.59,0.68,0.72,0.73,0.66,0.73,0.67,0.49,0.64,0.57,0.54,0.23,0.64,0.61,0.06,0.66,0.48,0.28,0.38,0.24,0.33,0.68,0.1,0.31,0.74,0.41,0.71,0.9,0.27,0.51,0.15,0.11,0.47,0.5,0.35,0.21,0.23,0.18,0.66,0.2,0.45,0.46,0.2,0.28
1484,43,22,0.703,0.43560.59,0.68,0.72,0.75,0.68,0.75,0.69,0.49,0.57,0.54,0.23,0.64,0.61,0.06,0.66,0.48,0.28,0.38,0.24,0.33,0.1,0.44,0.31,0.74,0.41,0.71,0.27,0.51,0.15,0.11,0.47,0.5,0.35,0.21,0.23,0.45,0.18,0.66,0.2,0.45,0.46,0.2,0.25
1484,44,22,0.703,0.43270.68,0.68,0.72,0.7,0.68,0.74,0.69,0.49,0.57,0.54,0.23,0.64,0.61,0.06,0.66,0.48,0.28,0.38,0.24,0.67,0.1,0.44,0.31,0.74,0.41,0.71,0.27,0.51,0.15,0.11,0.47,0.5,0.35,0.21,0.23,0.45,0.18,0.66,0.2,0.45,0.12,0.2,0.28,0.25
1484,46,22,0.703,0.43460.63,0.68,0.72,0.7,0.7,0.73,0.69,0.49,0.66,0.57,0.54,0.23,0.64,0.68,0.06,0.66,0.48,0.28,0.38,0.24,0.26,0.1,0.31,0.74,0.41,0.41,0.71,0.27,0.7,0.51,0.15,0.11,0.47,0.5,0.35,0.21,0.23,0.45,0.18,0.66,0.2,0.45,0.12,0.2,0.28,0.25
1484,47,23,0.703,0.45810.63,0.68,0.73,0.69,0.73,0.7,0.72,0.67,0.49,0.61,0.67,0.54,0.23,0.64,0.61,0.06,0.66,0.72,0.28,0.24,0.26,0.1,0.31,0.42,0.74,0.41,0.61,0.71,0.61,0.27,0.7,0.51,0.15,0.11,0.47,0.5,0.35,0.21,0.45,0.18,0.66,0.2,0.45,0.12,0.2,0.28,0.25
1484,46,24,0.703,0.44830.63,0.68,0.72,0.71,0.7,0.73,0.67,0.49,0.61,0.67,0.54,0.23,0.64,0.61,0.06,0.66,0.72,0.28,0.24,0.26,0.1,0.31,0.42,0.74,0.41,0.41,0.71,0.61,0.27,0.7,0.51,0.15,0.11,0.47,0.5,0.35,0.21,0.45,0.18,0.66,0.2,0.45,0.12,0.2,0.28,0.25
1484,46,25,0.703,0.45630.57,0.68,0.73,0.67,0.66,0.75,0.74,0.69,0.49,0.68,0.67,0.54,0.64,0.61,0.06,0.66,0.72,0.28,0.24,0.21,0.1,0.31,0.42,0.74,0.41,0.41,0.71,0.61,0.27,0.7,0.51,0.15,0.11,0.47,0.5,0.21,0.45,0.18,0.66,0.2,0.45,0.12,0.28,0.2,0.28,0.25
1484,43,24,0.703,0.40790.57,0.73,0.68,0.66,0.68,0.49,0.57,0.54,0.23,0.61,0.06,0.7,0.48,0.28,0.38,0.24,0.21,0.1,0.31,0.42,0.74,0.41,0.41,0.71,0.71,0.61,0.27,0.7,0.15,0.11,0.47,0.5,0.21,0.23,0.45,0.18,0.2,0.45,0.12,0.24,0.2,0.28,0.25
1484,43,29,0.703,0.43090.57,0.69,0.74,0.68,0.66,0.71,0.49,0.64,0.57,0.54,0.29,0.63,0.06,0.7,0.48,0.28,0.38,0.24,0.31,0.42,0.74,0.41,0.41,0.64,0.61,0.11,0.7,0.29,0.15,0.11,0.47,0.5,0.21,0.23,0.45,0.18,0.66,0.45,0.12,0.28,0.2,0.28,0.25
1484,42,26,0.703,0.45050.57,0.69,0.74,0.68,0.66,0.72,0.49,0.67,0.57,0.29,0.63,0.06,0.7,0.48,0.28,0.38,0.24,0.95,0.31,0.42,0.74,0.41,0.41,0.64,0.61,0.48,0.64,0.15,0.11,0.47,0.5,0.21,0.23,0.45,0.18,0.66,0.45,0.12,0.2,0.28,0.2,0.25
1484,45,24,0.703,0.42290.57,0.7,0.74,0.68,0.65,0.49,0.47,0.66,0.57,0.5,0.61,0.66,0.06,0.7,0.48,0.5,0.38,0.24,0.3,0.31,0.42,0.74,0.41,0.41,0.64,0.61,0.11,0.6,0.15,0.11,0.47,0.5,0.21,0.23,0.11,0.45,0.18,0.66,0.45,0.12,0.25,0.2,0.28,0.2,0.25
1484,41,25,0.703,0.4280.57,0.71,0.74,0.68,0.65,0.64,0.49,0.47,0.66,0.57,0.5,0.61,0.63,0.06,0.71,0.48,0.15,0.38,0.24,0.3,0.31,0.42,0.41,0.41,0.6,0.61,0.11,0.11,0.47,0.5,0.21,0.23,0.51,0.66,0.45,0.12,0.25,0.2,0.28,0.2,0.25
1484,39,27,0.703,0.43620.57,0.73,0.73,0.68,0.65,0.64,0.49,0.47,0.64,0.57,0.5,0.61,0.69,0.67,0.06,0.48,0.15,0.38,0.58,0.27,0.31,0.42,0.41,0.41,0.6,0.61,0.11,0.11,0.47,0.5,0.21,0.23,0.51,0.45,0.12,0.25,0.28,0.2,0.25
1484,38,28,0.703,0.43580.57,0.7,0.74,0.65,0.64,0.49,0.47,0.66,0.57,0.5,0.61,0.61,0.06,0.69,0.48,0.15,0.38,0.58,0.27,0.31,0.42,0.41,0.41,0.6,0.9,0.11,0.11,0.47,0.5,0.21,0.23,0.51,0.45,0.12,0.25,0.28,0.2,0.25
1484,39,27,0.703,0.44690.57,0.7,0.74,0.67,0.65,0.64,0.49,0.47,0.66,0.57,0.69,0.61,0.61,0.06,0.69,0.89,0.56,0.15,0.38,0.58,0.27,0.31,0.42,0.41,0.41,0.6,0.11,0.11,0.47,0.5,0.21,0.23,0.51,0.45,0.06,0.25,0.28,0.2,0.25
1484,40,27,0.703,0.44950.57,0.71,0.74,0.69,0.65,0.72,0.64,0.49,0.47,0.63,0.57,0.5,0.61,0.61,0.06,0.69,0.89,0.56,0.15,0.38,0.58,0.27,0.31,0.42,0.41,0.41,0.6,0.11,0.11,0.47,0.5,0.23,0.23,0.51,0.45,0.06,0.25,0.28,0.2,0.25
1484,42,24,0.703,0.43050.57,0.7,0.74,0.7,0.68,0.72,0.64,0.49,0.47,0.62,0.54,0.5,0.61,0.61,0.06,0.69,0.7,0.56,0.15,0.38,0.58,0.14,0.31,0.42,0.41,0.4,0.69,0.11,0.11,0.47,0.5,0.2,0.23,0.25,0.13,0.51,0.45,0.06,0.25,0.28,0.2,0.25
1484,40,25,0.703,0.4230.57,0.7,0.74,0.69,0.73,0.72,0.64,0.49,0.47,0.62,0.57,0.5,0.61,0.29,0.61,0.06,0.69,0.48,0.15,0.38,0.58,0.14,0.31,0.42,0.41,0.4,0.69,0.11,0.11,0.5,0.18,0.23,0.13,0.51,0.45,0.06,0.25,0.28,0.2,0.25
1484,41,26,0.703,0.41710.57,0.74,0.74,0.7,0.66,0.72,0.62,0.64,0.49,0.47,0.63,0.57,0.5,0.61,0.29,0.61,0.06,0.73,0.69,0.48,0.15,0.38,0.15,0.14,0.31,0.42,0.41,0.4,0.11,0.11,0.47,0.5,0.18,0.23,0.13,0.45,0.06,0.25,0.28,0.2,0.25
1484,42,26,0.703,0.42210.57,0.7,0.73,0.7,0.65,0.74,0.62,0.64,0.47,0.66,0.57,0.5,0.61,0.64,0.68,0.06,0.3,0.66,0.48,0.15,0.38,0.15,0.14,0.31,0.42,0.41,0.4,0.66,0.11,0.11,0.47,0.5,0.18,0.23,0.13,0.51,0.45,0.06,0.25,0.28,0.2,0.25
1484,43,27,0.703,0.42670.68,0.69,0.73,0.69,0.66,0.74,0.62,0.64,0.57,0.47,0.67,0.57,0.5,0.61,0.29,0.61,0.68,0.06,0.3,0.66,0.48,0.15,0.38,0.15,0.38,0.14,0.31,0.42,0.41,0.36,0.69,0.11,0.11,0.47,0.5,0.23,0.13,0.45,0.06,0.25,0.28,0.2,0.25
1484,43,24,0.703,0.42930.62,0.68,0.73,0.7,0.65,0.74,0.62,0.64,0.47,0.71,0.57,0.5,0.61,0.51,0.29,0.61,0.68,0.06,0.3,0.66,0.48,0.15,0.38,0.15,0.3,0.14,0.31,0.42,0.41,0.69,0.64,0.11,0.11,0.47,0.5,0.23,0.13,0.45,0.06,0.25,0.28,0.2,0.25
1484,44,26,0.703,0.43450.57,0.66,0.73,0.73,0.67,0.72,0.67,0.64,0.47,0.71,0.54,0.5,0.61,0.51,0.29,0.61,0.68,0.06,0.3,0.61,0.66,0.48,0.15,0.38,0.15,0.3,0.14,0.42,0.41,0.38,0.69,0.64,0.11,0.11,0.47,0.5,0.23,0.13,0.45,0.06,0.25,0.28,0.2,0.25
1484,45,26,0.703,0.43840.57,0.7,0.73,0.7,0.74,0.68,0.64,0.49,0.47,0.71,0.54,0.5,0.61,0.51,0.29,0.75,0.61,0.68,0.06,0.3,0.61,0.66,0.48,0.15,0.38,0.15,0.3,0.14,0.42,0.41,0.38,0.69,0.64,0.11,0.11,0.47,0.5,0.23,0.13,0.45,0.06,0.25,0.28,0.2,0.25
1484,45,24,0.703,0.4440.58,0.68,0.73,0.69,0.65,0.74,0.68,0.64,0.58,0.47,0.71,0.54,0.5,0.61,0.51,0.29,0.75,0.61,0.68,0.06,0.3,0.61,0.66,0.48,0.15,0.38,0.15,0.3,0.14,0.42,0.41,0.38,0.69,0.64,0.11,0.11,0.5,0.23,0.13,0.45,0.06,0.25,0.28,0.2,0.25
1484,46,25,0.703,0.44390.58,0.68,0.73,0.68,0.65,0.75,0.68,0.64,0.58,0.47,0.71,0.54,0.5,0.61,0.51,0.29,0.71,0.61,0.68,0.06,0.3,0.65,0.66,0.48,0.15,0.38,0.15,0.3,0.14,0.42,0.41,0.38,0.69,0.61,0.11,0.11,0.47,0.5,0.23,0.13,0.45,0.06,0.25,0.28,0.2,0.25
1484,45,24,0.703,0.46270.58,0.68,0.73,0.68,0.64,0.75,0.71,0.64,0.58,0.47,0.71,0.54,0.5,0.61,0.51,0.29,0.71,0.61,0.68,0.06,0.64,0.66,0.48,0.15,0.38,0.15,0.3,0.14,0.42,0.41,0.38,0.69,0.61,0.11,0.11,0.47,0.5,0.23,0.45,0.57,0.45,0.06,0.25,0.28,0.25
1484,43,25,0.703,0.44210.58,0.68,0.72,0.64,0.76,0.71,0.58,0.47,0.73,0.54,0.5,0.61,0.51,0.29,0.71,0.61,0.75,0.06,0.75,0.62,0.15,0.38,0.15,0.3,0.14,0.42,0.38,0.69,0.11,0.15,0.11,0.47,0.73,0.5,0.23,0.13,0.66,0.45,0.06,0.25,0.28,0.2,0.25
1484,42,25,0.703,0.43640.58,0.68,0.72,0.64,0.78,0.72,0.58,0.47,0.69,0.54,0.5,0.61,0.51,0.29,0.71,0.61,0.75,0.06,0.62,0.15,0.38,0.15,0.3,0.14,0.42,0.41,0.38,0.6,0.15,0.11,0.47,0.5,0.23,0.6,0.13,0.66,0.45,0.06,0.25,0.28,0.2,0.25
1484,41,27,0.703,0.4510.58,0.72,0.63,0.76,0.72,0.55,0.65,0.49,0.47,0.7,0.54,0.5,0.61,0.51,0.29,0.71,0.61,0.75,0.06,0.62,0.15,0.38,0.15,0.3,0.14,0.42,0.41,0.38,0.6,0.15,0.11,0.47,0.73,0.5,0.23,0.6,0.13,0.66,0.06,0.25,0.2
1484,42,28,0.703,0.45260.58,0.72,0.63,0.74,0.71,0.67,0.49,0.47,0.68,0.88,0.5,0.61,0.51,0.29,0.71,0.61,0.81,0.06,0.62,0.15,0.38,0.15,0.3,0.14,0.42,0.41,0.38,0.6,0.15,0.11,0.47,0.73,0.5,0.23,0.6,0.13,0.66,0.45,0.06,0.25,0.2,0.25
1484,45,29,0.703,0.46270.58,0.72,0.71,0.77,0.63,0.75,0.7,0.71,0.49,0.47,0.65,0.96,0.5,0.61,0.51,0.29,0.6,0.75,0.06,0.66,0.75,0.15,0.38,0.15,0.14,0.42,0.41,0.38,0.6,0.15,0.11,0.47,0.32,0.73,0.5,0.23,0.6,0.13,0.66,0.21,0.45,0.06,0.25,0.2,0.25
1484,45,26,0.703,0.47690.64,0.71,0.71,0.77,0.63,0.77,0.71,0.71,0.49,0.47,0.65,0.88,0.5,0.61,0.51,0.29,0.66,0.64,0.75,0.06,0.71,0.62,0.15,0.38,0.15,0.14,0.65,0.41,0.38,0.6,0.15,0.11,0.47,0.17,0.73,0.5,0.23,0.6,0.13,0.66,0.21,0.45,0.25,0.2,0.25
1484,45,25,0.703,0.46980.64,0.71,0.71,0.77,0.65,0.77,0.7,0.71,0.49,0.47,0.67,0.54,0.69,0.61,0.51,0.29,0.66,0.58,0.75,0.06,0.67,0.62,0.15,0.38,0.15,0.14,0.42,0.41,0.64,0.67,0.15,0.11,0.47,0.73,0.5,0.23,0.13,0.51,0.66,0.21,0.45,0.06,0.25,0.2,0.25
1484,46,26,0.703,0.45520.58,0.71,0.77,0.65,0.77,0.7,0.71,0.49,0.74,0.69,0.54,0.5,0.61,0.54,0.29,0.65,0.58,0.75,0.06,0.67,0.6,0.15,0.38,0.15,0.14,0.42,0.41,0.6,0.67,0.15,0.11,0.47,0.73,0.5,0.23,0.13,0.45,0.18,0.66,0.21,0.45,0.06,0.25,0.39,0.2,0.25
1484,45,26,0.703,0.45690.58,0.72,0.77,0.65,0.77,0.7,0.72,0.49,0.74,0.68,0.54,0.5,0.61,0.54,0.29,0.65,0.58,0.75,0.06,0.67,0.6,0.15,0.38,0.15,0.14,0.42,0.41,0.6,0.67,0.15,0.11,0.47,0.73,0.5,0.23,0.13,0.45,0.18,0.66,0.21,0.45,0.06,0.25,0.2,0.25
1484,46,26,0.703,0.4620.58,0.72,0.77,0.65,0.77,0.67,0.72,0.49,0.74,0.66,0.54,0.5,0.61,0.54,0.29,0.65,0.58,0.75,0.06,0.73,0.6,0.15,0.38,0.15,0.14,0.42,0.85,0.41,0.6,0.15,0.11,0.47,0.73,0.5,0.5,0.23,0.13,0.45,0.18,0.66,0.21,0.45,0.06,0.25,0.2,0.25
1484,46,27,0.703,0.46130.58,0.71,0.77,0.66,0.77,0.67,0.72,0.55,0.74,0.66,0.54,0.5,0.61,0.54,0.29,0.65,0.58,0.75,0.06,0.72,0.6,0.15,0.38,0.15,0.14,0.42,0.85,0.41,0.6,0.15,0.11,0.47,0.73,0.5,0.42,0.23,0.13,0.45,0.18,0.66,0.21,0.45,0.06,0.25,0.2,0.25
1484,45,25,0.703,0.46380.58,0.72,0.77,0.63,0.77,0.69,0.72,0.74,0.66,0.54,0.5,0.61,0.8,0.29,0.65,0.58,0.75,0.06,0.66,0.6,0.15,0.38,0.15,0.14,0.42,0.85,0.41,0.6,0.15,0.11,0.47,0.73,0.5,0.42,0.23,0.13,0.45,0.18,0.66,0.21,0.45,0.06,0.25,0.2,0.25
1484,45,24,0.703,0.47640.71,0.7,0.77,0.63,0.77,0.67,0.72,0.74,0.64,0.54,0.68,0.5,0.61,0.54,0.29,0.71,0.58,0.75,0.06,0.68,0.6,0.15,0.38,0.15,0.14,0.42,0.85,0.41,0.38,0.82,0.11,0.47,0.73,0.5,0.42,0.23,0.13,0.18,0.66,0.21,0.45,0.06,0.25,0.2,0.25
1484,46,24,0.703,0.47110.71,0.7,0.77,0.63,0.75,0.67,0.72,0.74,0.66,0.54,0.5,0.61,0.54,0.29,0.71,0.64,0.69,0.06,0.43,0.6,0.86,0.15,0.38,0.14,0.42,0.85,0.41,0.38,0.6,0.15,0.11,0.47,0.73,0.57,0.42,0.23,0.13,0.45,0.18,0.66,0.21,0.45,0.06,0.25,0.2,0.25
1484,43,27,0.703,0.45790.71,0.7,0.77,0.64,0.71,0.67,0.78,0.66,0.54,0.5,0.61,0.54,0.29,0.71,0.59,0.69,0.28,0.65,0.6,0.7,0.15,0.38,0.15,0.14,0.42,0.85,0.41,0.38,0.91,0.15,0.11,0.47,0.42,0.23,0.13,0.45,0.18,0.21,0.45,0.06,0.25,0.2,0.25
1484,39,27,0.703,0.46640.72,0.7,0.77,0.67,0.7,0.79,0.62,0.54,0.62,0.61,0.54,0.29,0.65,0.58,0.69,0.06,0.65,0.6,0.7,0.15,0.38,0.15,0.14,0.42,0.85,0.41,0.46,0.91,0.15,0.11,0.47,0.42,0.23,0.18,0.29,0.21,0.45,0.06,0.25
1484,42,24,0.703,0.47550.61,0.68,0.72,0.77,0.66,0.7,0.78,0.62,0.54,0.68,0.5,0.61,0.54,0.29,0.65,0.59,0.69,0.06,0.65,0.6,1.17,0.15,0.38,0.15,0.14,0.42,0.85,0.41,0.38,0.91,0.15,0.11,0.47,0.42,0.23,0.18,0.29,0.21,0.45,0.06,0.25,0.25
1484,40,26,0.703,0.4670.61,0.68,0.72,0.77,0.66,0.73,0.78,0.62,0.54,0.5,0.61,0.54,0.29,0.65,0.59,0.69,0.06,0.6,0.48,0.15,0.38,0.15,0.14,0.42,0.85,0.41,0.38,0.91,0.15,0.11,0.47,0.42,0.23,0.18,0.29,0.21,0.45,0.25,0.76,0.25
1484,40,28,0.703,0.46770.61,0.68,0.72,0.77,0.62,0.68,0.78,0.66,0.54,0.5,0.61,0.54,0.29,0.65,0.59,0.69,0.06,0.68,0.6,0.48,0.15,0.38,0.15,0.14,0.42,0.85,0.41,0.38,0.91,0.15,0.11,0.47,0.58,0.23,0.18,0.29,0.21,0.45,0.25,0.25
1484,40,29,0.703,0.46420.61,0.68,0.72,0.77,0.62,0.74,0.66,0.82,0.63,0.54,0.5,0.61,0.54,0.29,0.66,0.36,0.69,0.62,0.06,0.68,0.72,0.15,0.38,0.15,0.14,0.42,0.85,0.41,0.38,0.15,0.11,0.47,0.58,0.23,0.18,0.29,0.21,0.45,0.25,0.25
1484,40,27,0.703,0.47150.67,0.68,0.72,0.77,0.61,0.75,0.66,0.82,0.61,0.54,0.5,0.61,0.54,0.29,0.66,0.66,0.69,0.06,0.68,0.48,0.15,0.38,0.15,0.14,0.42,0.85,0.41,0.38,0.15,0.11,0.47,0.58,0.23,0.18,0.81,0.29,0.21,0.45,0.25,0.25
1484,40,27,0.703,0.47070.64,0.68,0.72,0.77,0.61,0.75,0.66,0.82,0.59,0.54,0.5,0.78,0.54,0.29,0.66,0.36,0.69,0.62,0.06,0.68,0.48,0.15,0.38,0.15,0.14,0.42,0.85,0.41,0.38,0.15,0.11,0.58,0.23,0.18,0.81,0.29,0.21,0.45,0.25,0.25
1484,39,26,0.703,0.48510.64,0.68,0.72,0.77,0.61,0.74,0.66,0.82,0.59,0.54,0.5,0.78,0.54,0.66,0.36,0.69,0.62,0.06,0.68,0.48,0.54,0.38,0.15,0.14,0.42,0.85,0.41,0.38,0.15,0.11,0.58,0.23,0.18,0.81,0.29,0.21,0.45,0.25,0.25
1484,39,27,0.703,0.48180.64,0.68,0.72,0.72,0.61,0.74,0.52,0.82,0.59,0.54,0.5,0.78,0.54,0.64,0.36,0.69,0.62,0.06,0.62,0.6,0.48,0.38,0.15,0.14,0.42,0.85,0.41,0.46,0.15,0.11,0.58,0.23,0.18,0.81,0.29,0.21,0.45,0.25,0.25
1484,38,27,0.703,0.47420.64,0.68,0.72,0.69,0.61,0.74,0.52,0.85,0.57,0.54,0.61,0.54,0.54,0.64,0.36,0.69,0.62,0.06,0.6,0.48,0.38,0.15,0.14,0.42,0.85,0.41,0.46,0.15,0.11,0.58,0.23,0.18,0.81,0.29,0.21,0.45,0.25,0.25
1484,37,27,0.703,0.47680.64,0.68,0.72,0.69,0.61,0.74,0.52,0.85,0.57,0.54,0.69,0.54,0.54,0.64,0.36,0.69,0.62,0.06,0.6,0.48,0.38,0.15,0.14,0.42,0.85,0.41,0.15,0.11,0.58,0.23,0.18,0.81,0.29,0.21,0.45,0.25,0.25
1484,38,26,0.703,0.46630.59,0.68,0.72,0.69,0.61,0.75,0.52,0.85,0.58,0.54,0.5,0.54,0.54,0.64,0.36,0.69,0.62,0.06,0.6,0.48,0.38,0.15,0.14,0.42,0.85,0.41,0.46,0.15,0.11,0.42,0.23,0.18,0.81,0.29,0.21,0.45,0.25,0.25
1484,38,26,0.703,0.47240.59,0.68,0.73,0.79,0.61,0.71,0.66,0.52,0.85,0.58,0.54,0.5,0.54,0.54,0.64,0.36,0.69,0.62,0.06,0.6,0.48,0.38,0.15,0.42,0.85,0.41,0.46,0.15,0.11,0.42,0.23,0.18,0.66,0.45,0.09,0.25,0.2,0.25
1484,37,24,0.703,0.47110.59,0.68,0.72,0.89,0.61,0.72,0.64,0.52,0.85,0.58,0.54,0.5,0.54,0.54,0.64,0.36,0.62,0.06,0.6,0.68,0.38,0.15,0.42,0.74,0.41,0.46,0.15,0.11,0.42,0.23,0.18,0.66,0.45,0.09,0.25,0.2,0.25
1484,37,23,0.703,0.46380.59,0.68,0.72,0.82,0.61,0.73,0.66,0.52,0.85,0.58,0.54,0.5,0.54,0.64,0.36,0.62,0.06,0.64,0.48,0.38,0.15,0.42,0.74,0.41,0.46,0.15,0.11,0.47,0.42,0.23,0.18,0.66,0.45,0.09,0.25,0.2,0.25
1484,39,25,0.703,0.46670.59,0.68,0.72,0.82,0.61,0.73,0.65,0.52,0.92,0.54,0.5,0.54,0.54,0.64,0.57,0.36,0.62,0.06,0.64,0.48,0.38,0.15,0.42,0.74,0.41,0.46,0.15,0.11,0.47,0.42,0.23,0.45,0.18,0.66,0.45,0.09,0.25,0.2,0.25
1484,39,24,0.703,0.46180.59,0.68,0.72,0.82,0.64,0.72,0.66,0.52,0.92,0.54,0.5,0.54,0.54,0.64,0.6,0.36,0.62,0.06,0.64,0.48,0.38,0.15,0.42,0.49,0.41,0.46,0.15,0.11,0.47,0.42,0.23,0.45,0.18,0.66,0.45,0.09,0.25,0.2,0.25
1484,39,25,0.703,0.47380.59,0.68,0.71,0.79,0.6,0.72,0.64,0.6,0.93,0.81,0.5,0.54,0.54,0.64,0.57,0.64,0.62,0.06,0.64,0.48,0.38,0.15,0.42,0.45,0.41,0.46,0.15,0.11,0.47,0.42,0.23,0.45,0.18,0.66,0.45,0.09,0.25,0.2,0.25
1484,38,25,0.703,0.46820.59,0.68,0.72,0.79,0.6,0.73,0.66,0.64,0.52,0.86,0.54,0.5,0.54,0.54,0.57,0.36,0.7,0.06,0.64,0.48,0.38,0.15,0.42,0.79,0.41,0.46,0.15,0.11,0.47,0.42,0.23,0.18,0.66,0.45,0.09,0.25,0.2,0.25
1484,38,24,0.703,0.4650.59,0.68,0.72,0.79,0.6,0.73,0.66,0.64,0.52,0.86,0.54,0.5,0.54,0.54,0.7,0.57,0.36,0.62,0.06,0.66,0.48,0.38,0.15,0.42,0.45,0.41,0.46,0.15,0.11,0.47,0.23,0.18,0.66,0.45,0.09,0.25,0.2,0.25
1484,39,23,0.703,0.47770.59,0.68,0.72,0.79,0.67,0.72,0.68,0.64,0.52,0.82,0.54,0.5,0.54,0.54,0.71,0.6,0.36,0.62,0.06,0.66,0.48,0.38,0.15,0.64,0.45,0.41,0.46,0.15,0.11,0.47,0.66,0.23,0.18,0.66,0.45,0.09,0.25,0.2,0.25
1484,38,24,0.703,0.46970.59,0.68,0.72,0.79,0.7,0.73,0.66,0.64,0.52,0.82,0.54,0.5,0.54,0.54,0.71,0.57,0.36,0.62,0.06,0.66,0.48,0.38,0.15,0.42,0.45,0.41,0.15,0.11,0.47,0.66,0.23,0.18,0.66,0.45,0.09,0.25,0.25,0.11
1484,38,25,0.703,0.47760.59,0.68,0.72,0.79,0.65,0.73,0.64,0.52,0.85,0.54,0.5,0.54,0.54,0.83,0.57,0.36,0.62,0.06,0.66,0.48,0.78,0.15,0.42,0.45,0.41,0.46,0.15,0.11,0.47,0.66,0.23,0.18,0.66,0.45,0.09,0.25,0.25,0.11
1484,40,24,0.703,0.46930.69,0.68,0.72,0.79,0.66,0.73,0.64,0.52,0.83,0.54,0.5,0.54,0.54,0.75,0.57,0.7,0.36,0.62,0.06,0.66,0.48,0.38,0.15,0.31,0.42,0.45,0.41,0.46,0.15,0.11,0.47,0.66,0.23,0.18,0.66,0.45,0.09,0.25,0.25,0.11
1484,40,26,0.703,0.46750.59,0.68,0.71,0.79,0.67,0.73,0.64,0.55,0.83,0.54,0.5,0.54,0.54,0.75,0.57,0.7,0.36,0.62,0.06,0.66,0.48,0.38,0.15,0.31,0.42,0.45,0.41,0.46,0.15,0.11,0.47,0.66,0.23,0.18,0.66,0.45,0.09,0.25,0.25,0.11
1484,38,24,0.703,0.46240.69,0.7,0.71,0.79,0.68,0.73,0.64,0.55,0.74,0.54,0.5,0.54,0.54,0.57,0.7,0.36,0.62,0.06,0.71,0.48,0.38,0.15,0.31,0.42,0.45,0.41,0.46,0.15,0.11,0.66,0.23,0.18,0.66,0.45,0.09,0.25,0.25,0.11
1484,39,24,0.703,0.47720.59,0.68,0.72,0.77,0.64,0.73,0.67,0.64,0.55,0.74,0.54,0.5,0.54,0.54,0.68,0.57,0.7,0.36,0.62,0.06,0.71,0.48,0.38,0.15,0.31,0.42,0.45,0.41,0.11,0.47,0.66,0.23,0.18,0.66,0.45,0.09,0.25,0.25,0.11
1484,39,24,0.703,0.45770.59,0.68,0.72,0.64,0.73,0.7,0.64,0.55,0.57,0.54,0.5,0.54,0.54,0.68,0.57,0.7,0.36,0.62,0.06,0.71,0.48,0.38,0.15,0.31,0.42,0.45,0.41,0.15,0.11,0.47,0.66,0.23,0.18,0.66,0.45,0.09,0.25,0.25,0.11
1484,42,22,0.703,0.46570.59,0.68,0.72,0.64,0.73,0.7,0.64,0.55,0.57,0.54,0.5,0.54,0.54,0.68,0.57,0.66,0.36,0.62,0.06,0.71,0.48,0.38,0.15,0.31,0.42,0.45,0.41,0.15,0.11,0.47,0.66,0.23,0.27,0.45,0.18,0.66,0.6,0.45,0.09,0.54,0.25,0.25
1484,40,25,0.703,0.45320.67,0.67,0.72,0.64,0.73,0.69,0.64,0.63,0.54,0.5,0.54,0.51,0.75,0.44,0.57,0.36,0.62,0.06,0.71,0.48,0.38,0.15,0.31,0.42,0.45,0.41,0.48,0.15,0.11,0.47,0.66,0.23,0.45,0.18,0.66,0.45,0.09,0.25,0.25,0.11
1484,40,25,0.703,0.46420.62,0.68,0.72,0.64,0.73,0.69,0.64,0.54,0.63,0.54,0.5,0.54,0.51,0.8,0.44,0.57,0.36,0.62,0.06,0.71,0.48,0.15,0.31,0.42,0.45,0.41,0.48,0.46,0.15,0.11,0.47,0.66,0.23,0.45,0.18,0.66,0.51,0.09,0.25,0.11
1484,39,22,0.703,0.46230.66,0.68,0.72,0.64,0.73,0.69,0.64,0.54,0.57,0.54,0.6,0.54,0.51,0.8,0.44,0.57,0.36,0.06,0.71,0.48,0.15,0.31,0.42,0.45,0.41,0.48,0.46,0.15,0.11,0.47,0.66,0.23,0.45,0.18,0.66,0.51,0.09,0.25,0.11
1484,40,21,0.703,0.4720.66,0.68,0.71,0.65,0.74,0.7,0.64,0.49,0.57,0.54,0.6,0.54,0.51,0.8,0.44,0.57,0.36,0.06,0.71,0.48,0.15,0.31,0.42,0.45,0.41,0.48,0.46,0.15,0.11,0.47,0.76,0.66,0.23,0.45,0.18,0.66,0.51,0.09,0.23,0.25
1484,40,21,0.703,0.460.59,0.68,0.71,0.65,0.74,0.71,0.64,0.61,0.57,0.54,0.6,0.54,0.51,0.81,0.44,0.57,0.36,0.06,0.71,0.48,0.15,0.31,0.33,0.42,0.45,0.41,0.48,0.46,0.15,0.11,0.47,0.66,0.23,0.45,0.18,0.66,0.51,0.09,0.25,0.11
1484,38,21,0.703,0.46240.59,0.68,0.71,0.65,0.74,0.71,0.64,0.49,0.57,0.54,0.6,0.54,0.51,0.81,0.44,0.57,0.36,0.06,0.71,0.48,0.15,0.31,0.33,0.45,0.41,0.48,0.46,0.15,0.11,0.47,0.6,0.45,0.18,0.66,0.51,0.09,0.25,0.11
1484,41,21,0.703,0.45540.56,0.68,0.71,0.72,0.65,0.74,0.64,0.49,0.47,0.54,0.6,0.51,0.89,0.44,0.57,0.36,0.62,0.06,0.71,0.48,0.15,0.31,0.33,0.56,0.45,0.41,0.48,0.46,0.15,0.11,0.47,0.6,0.23,0.27,0.45,0.18,0.66,0.51,0.09,0.25,0.11
1484,41,18,0.703,0.47270.56,0.68,0.71,0.71,0.63,0.74,0.64,0.49,0.47,0.54,0.6,0.54,0.51,0.89,0.44,0.6,0.36,0.62,0.06,0.72,0.68,0.15,0.31,0.33,0.56,0.45,0.41,0.71,0.46,0.15,0.11,0.47,0.6,0.23,0.45,0.18,0.66,0.51,0.09,0.25,0.11
1484,41,17,0.703,0.47610.56,0.68,0.71,0.69,0.63,0.74,0.64,0.49,0.63,0.54,0.6,0.54,0.51,0.89,0.44,0.58,0.36,0.62,0.06,0.72,0.48,0.63,0.31,0.33,0.56,0.45,0.41,0.48,0.46,0.15,0.11,0.47,0.57,0.23,0.45,0.18,0.66,0.51,0.09,0.25,0.11
